id	model_name	language	question_id	run_number	question_chars	context_chars	prompt_chars	response_chars	input_tokens_est_min	input_tokens_est_max	input_tokens_est_mid	response_tokens_est_min	response_tokens_est_max	response_tokens_est_mid	total_tokens_est_min	total_tokens_est_max	total_tokens_est_mid	max_model_len	max_model_len_source	remaining_output_tokens_est_min	remaining_output_tokens_est_max	effective_output_cap_est_min	effective_output_cap_est_max	would_exceed_max_len_est	base_question
1	qwen3-30b-a3b-instruct-awq-b200	BG	Q1_BG	1	124	1887	2584	2148	517	646	582	430	537	484	947	1183	1066	16384	assumed_from_config_default	15738	15867	2048	2048	FALSE	Q1
2	qwen3-30b-a3b-instruct-awq-b200	BG	Q1_BG	2	124	1887	2584	2057	517	646	582	412	515	464	929	1161	1046	16384	assumed_from_config_default	15738	15867	2048	2048	FALSE	Q1
3	qwen3-30b-a3b-instruct-awq-b200	BG	Q1_BG	3	124	1887	2584	2057	517	646	582	412	515	464	929	1161	1046	16384	assumed_from_config_default	15738	15867	2048	2048	FALSE	Q1
4	qwen3-30b-a3b-instruct-awq-b200	BG	Q2_BG	1	99	1862	2534	1920	507	634	570	384	480	432	891	1114	1002	16384	assumed_from_config_default	15750	15877	2048	2048	FALSE	Q2
5	qwen3-30b-a3b-instruct-awq-b200	BG	Q2_BG	2	99	1862	2534	1851	507	634	570	371	463	417	878	1097	987	16384	assumed_from_config_default	15750	15877	2048	2048	FALSE	Q2
6	qwen3-30b-a3b-instruct-awq-b200	BG	Q2_BG	3	99	1862	2534	1707	507	634	570	342	427	384	849	1061	954	16384	assumed_from_config_default	15750	15877	2048	2048	FALSE	Q2
7	qwen3-30b-a3b-instruct-awq-b200	BG	Q3_BG	1	109	1901	2583	1631	517	646	582	327	408	368	844	1054	950	16384	assumed_from_config_default	15738	15867	2048	2048	FALSE	Q3
8	qwen3-30b-a3b-instruct-awq-b200	BG	Q3_BG	2	109	1901	2583	1700	517	646	582	340	425	382	857	1071	964	16384	assumed_from_config_default	15738	15867	2048	2048	FALSE	Q3
9	qwen3-30b-a3b-instruct-awq-b200	BG	Q3_BG	3	109	1901	2583	1700	517	646	582	340	425	382	857	1071	964	16384	assumed_from_config_default	15738	15867	2048	2048	FALSE	Q3
10	qwen3-30b-a3b-instruct-awq-b200	BG	Q4_BG	1	106	1843	2522	2039	505	631	568	408	510	459	913	1141	1027	16384	assumed_from_config_default	15753	15879	2048	2048	FALSE	Q4
11	qwen3-30b-a3b-instruct-awq-b200	BG	Q4_BG	2	106	1843	2522	1553	505	631	568	311	389	350	816	1020	918	16384	assumed_from_config_default	15753	15879	2048	2048	FALSE	Q4
12	qwen3-30b-a3b-instruct-awq-b200	BG	Q4_BG	3	106	1843	2522	1553	505	631	568	311	389	350	816	1020	918	16384	assumed_from_config_default	15753	15879	2048	2048	FALSE	Q4
13	qwen3-30b-a3b-instruct-awq-b200	BG	Q5_BG	1	113	1824	2510	1340	502	628	565	268	335	302	770	963	867	16384	assumed_from_config_default	15756	15882	2048	2048	FALSE	Q5
14	qwen3-30b-a3b-instruct-awq-b200	BG	Q5_BG	2	113	1824	2510	1487	502	628	565	298	372	335	800	1000	900	16384	assumed_from_config_default	15756	15882	2048	2048	FALSE	Q5
15	qwen3-30b-a3b-instruct-awq-b200	BG	Q5_BG	3	113	1824	2510	1373	502	628	565	275	344	310	777	972	875	16384	assumed_from_config_default	15756	15882	2048	2048	FALSE	Q5
16	qwen3-30b-a3b-instruct-awq-b200	HR	Q1_HR	1	114	1887	2574	1801	515	644	580	361	451	406	876	1095	986	16384	assumed_from_config_default	15740	15869	2048	2048	FALSE	Q1
17	qwen3-30b-a3b-instruct-awq-b200	HR	Q1_HR	2	114	1887	2574	1777	515	644	580	356	445	400	871	1089	980	16384	assumed_from_config_default	15740	15869	2048	2048	FALSE	Q1
18	qwen3-30b-a3b-instruct-awq-b200	HR	Q1_HR	3	114	1887	2574	1743	515	644	580	349	436	392	864	1080	972	16384	assumed_from_config_default	15740	15869	2048	2048	FALSE	Q1
19	qwen3-30b-a3b-instruct-awq-b200	HR	Q2_HR	1	104	1862	2539	1662	508	635	572	333	416	374	841	1051	946	16384	assumed_from_config_default	15749	15876	2048	2048	FALSE	Q2
20	qwen3-30b-a3b-instruct-awq-b200	HR	Q2_HR	2	104	1862	2539	1587	508	635	572	318	397	358	826	1032	930	16384	assumed_from_config_default	15749	15876	2048	2048	FALSE	Q2
21	qwen3-30b-a3b-instruct-awq-b200	HR	Q2_HR	3	104	1862	2539	1876	508	635	572	376	469	422	884	1104	994	16384	assumed_from_config_default	15749	15876	2048	2048	FALSE	Q2
22	qwen3-30b-a3b-instruct-awq-b200	HR	Q3_HR	1	90	1901	2564	1697	513	641	577	340	425	382	853	1066	959	16384	assumed_from_config_default	15743	15871	2048	2048	FALSE	Q3
23	qwen3-30b-a3b-instruct-awq-b200	HR	Q3_HR	2	90	1901	2564	1681	513	641	577	337	421	379	850	1062	956	16384	assumed_from_config_default	15743	15871	2048	2048	FALSE	Q3
24	qwen3-30b-a3b-instruct-awq-b200	HR	Q3_HR	3	90	1901	2564	1715	513	641	577	343	429	386	856	1070	963	16384	assumed_from_config_default	15743	15871	2048	2048	FALSE	Q3
25	qwen3-30b-a3b-instruct-awq-b200	HR	Q4_HR	1	105	1843	2521	2223	505	631	568	445	556	500	950	1187	1068	16384	assumed_from_config_default	15753	15879	2048	2048	FALSE	Q4
26	qwen3-30b-a3b-instruct-awq-b200	HR	Q4_HR	2	105	1843	2521	1618	505	631	568	324	405	364	829	1036	932	16384	assumed_from_config_default	15753	15879	2048	2048	FALSE	Q4
27	qwen3-30b-a3b-instruct-awq-b200	HR	Q4_HR	3	105	1843	2521	1618	505	631	568	324	405	364	829	1036	932	16384	assumed_from_config_default	15753	15879	2048	2048	FALSE	Q4
28	qwen3-30b-a3b-instruct-awq-b200	HR	Q5_HR	1	109	1824	2506	1726	502	627	564	346	432	389	848	1059	953	16384	assumed_from_config_default	15757	15882	2048	2048	FALSE	Q5
29	qwen3-30b-a3b-instruct-awq-b200	HR	Q5_HR	2	109	1824	2506	1530	502	627	564	306	383	344	808	1010	908	16384	assumed_from_config_default	15757	15882	2048	2048	FALSE	Q5
30	qwen3-30b-a3b-instruct-awq-b200	HR	Q5_HR	3	109	1824	2506	1530	502	627	564	306	383	344	808	1010	908	16384	assumed_from_config_default	15757	15882	2048	2048	FALSE	Q5
31	qwen3-30b-a3b-instruct-awq-b200	CS	Q1_CS	1	111	1887	2571	2362	515	643	579	473	591	532	988	1234	1111	16384	assumed_from_config_default	15741	15869	2048	2048	FALSE	Q1
32	qwen3-30b-a3b-instruct-awq-b200	CS	Q1_CS	2	111	1887	2571	1891	515	643	579	379	473	426	894	1116	1005	16384	assumed_from_config_default	15741	15869	2048	2048	FALSE	Q1
33	qwen3-30b-a3b-instruct-awq-b200	CS	Q1_CS	3	111	1887	2571	1891	515	643	579	379	473	426	894	1116	1005	16384	assumed_from_config_default	15741	15869	2048	2048	FALSE	Q1
34	qwen3-30b-a3b-instruct-awq-b200	CS	Q2_CS	1	92	1862	2527	2015	506	632	569	403	504	454	909	1136	1023	16384	assumed_from_config_default	15752	15878	2048	2048	FALSE	Q2
35	qwen3-30b-a3b-instruct-awq-b200	CS	Q2_CS	2	92	1862	2527	1940	506	632	569	388	485	436	894	1117	1005	16384	assumed_from_config_default	15752	15878	2048	2048	FALSE	Q2
36	qwen3-30b-a3b-instruct-awq-b200	CS	Q2_CS	3	92	1862	2527	1940	506	632	569	388	485	436	894	1117	1005	16384	assumed_from_config_default	15752	15878	2048	2048	FALSE	Q2
37	qwen3-30b-a3b-instruct-awq-b200	CS	Q3_CS	1	87	1901	2561	1920	513	641	577	384	480	432	897	1121	1009	16384	assumed_from_config_default	15743	15871	2048	2048	FALSE	Q3
38	qwen3-30b-a3b-instruct-awq-b200	CS	Q3_CS	2	87	1901	2561	1920	513	641	577	384	480	432	897	1121	1009	16384	assumed_from_config_default	15743	15871	2048	2048	FALSE	Q3
39	qwen3-30b-a3b-instruct-awq-b200	CS	Q3_CS	3	87	1901	2561	1987	513	641	577	398	497	448	911	1138	1025	16384	assumed_from_config_default	15743	15871	2048	2048	FALSE	Q3
40	qwen3-30b-a3b-instruct-awq-b200	CS	Q4_CS	1	106	1843	2522	1635	505	631	568	327	409	368	832	1040	936	16384	assumed_from_config_default	15753	15879	2048	2048	FALSE	Q4
41	qwen3-30b-a3b-instruct-awq-b200	CS	Q4_CS	2	106	1843	2522	2047	505	631	568	410	512	461	915	1143	1029	16384	assumed_from_config_default	15753	15879	2048	2048	FALSE	Q4
42	qwen3-30b-a3b-instruct-awq-b200	CS	Q4_CS	3	106	1843	2522	2047	505	631	568	410	512	461	915	1143	1029	16384	assumed_from_config_default	15753	15879	2048	2048	FALSE	Q4
43	qwen3-30b-a3b-instruct-awq-b200	CS	Q5_CS	1	100	1824	2497	1926	500	625	562	386	482	434	886	1107	996	16384	assumed_from_config_default	15759	15884	2048	2048	FALSE	Q5
44	qwen3-30b-a3b-instruct-awq-b200	CS	Q5_CS	2	100	1824	2497	1367	500	625	562	274	342	308	774	967	870	16384	assumed_from_config_default	15759	15884	2048	2048	FALSE	Q5
45	qwen3-30b-a3b-instruct-awq-b200	CS	Q5_CS	3	100	1824	2497	1387	500	625	562	278	347	312	778	972	874	16384	assumed_from_config_default	15759	15884	2048	2048	FALSE	Q5
46	qwen3-30b-a3b-instruct-awq-b200	DA	Q1_DA	1	134	1887	2594	1883	519	649	584	377	471	424	896	1120	1008	16384	assumed_from_config_default	15735	15865	2048	2048	FALSE	Q1
47	qwen3-30b-a3b-instruct-awq-b200	DA	Q1_DA	2	134	1887	2594	2016	519	649	584	404	504	454	923	1153	1038	16384	assumed_from_config_default	15735	15865	2048	2048	FALSE	Q1
48	qwen3-30b-a3b-instruct-awq-b200	DA	Q1_DA	3	134	1887	2594	2051	519	649	584	411	513	462	930	1162	1046	16384	assumed_from_config_default	15735	15865	2048	2048	FALSE	Q1
49	qwen3-30b-a3b-instruct-awq-b200	DA	Q2_DA	1	93	1862	2528	1808	506	632	569	362	452	407	868	1084	976	16384	assumed_from_config_default	15752	15878	2048	2048	FALSE	Q2
50	qwen3-30b-a3b-instruct-awq-b200	DA	Q2_DA	2	93	1862	2528	1808	506	632	569	362	452	407	868	1084	976	16384	assumed_from_config_default	15752	15878	2048	2048	FALSE	Q2
51	qwen3-30b-a3b-instruct-awq-b200	DA	Q2_DA	3	93	1862	2528	1808	506	632	569	362	452	407	868	1084	976	16384	assumed_from_config_default	15752	15878	2048	2048	FALSE	Q2
52	qwen3-30b-a3b-instruct-awq-b200	DA	Q3_DA	1	98	1901	2572	1606	515	643	579	322	402	362	837	1045	941	16384	assumed_from_config_default	15741	15869	2048	2048	FALSE	Q3
53	qwen3-30b-a3b-instruct-awq-b200	DA	Q3_DA	2	98	1901	2572	1714	515	643	579	343	429	386	858	1072	965	16384	assumed_from_config_default	15741	15869	2048	2048	FALSE	Q3
54	qwen3-30b-a3b-instruct-awq-b200	DA	Q3_DA	3	98	1901	2572	1709	515	643	579	342	428	385	857	1071	964	16384	assumed_from_config_default	15741	15869	2048	2048	FALSE	Q3
55	qwen3-30b-a3b-instruct-awq-b200	DA	Q4_DA	1	106	1843	2522	1715	505	631	568	343	429	386	848	1060	954	16384	assumed_from_config_default	15753	15879	2048	2048	FALSE	Q4
56	qwen3-30b-a3b-instruct-awq-b200	DA	Q4_DA	2	106	1843	2522	1730	505	631	568	346	433	390	851	1064	958	16384	assumed_from_config_default	15753	15879	2048	2048	FALSE	Q4
57	qwen3-30b-a3b-instruct-awq-b200	DA	Q4_DA	3	106	1843	2522	1726	505	631	568	346	432	389	851	1063	957	16384	assumed_from_config_default	15753	15879	2048	2048	FALSE	Q4
58	qwen3-30b-a3b-instruct-awq-b200	DA	Q5_DA	1	107	1824	2504	1339	501	626	564	268	335	302	769	961	866	16384	assumed_from_config_default	15758	15883	2048	2048	FALSE	Q5
59	qwen3-30b-a3b-instruct-awq-b200	DA	Q5_DA	2	107	1824	2504	1335	501	626	564	267	334	300	768	960	864	16384	assumed_from_config_default	15758	15883	2048	2048	FALSE	Q5
60	qwen3-30b-a3b-instruct-awq-b200	DA	Q5_DA	3	107	1824	2504	1343	501	626	564	269	336	302	770	962	866	16384	assumed_from_config_default	15758	15883	2048	2048	FALSE	Q5
61	qwen3-30b-a3b-instruct-awq-b200	NL	Q1_NL	1	139	1887	2599	2311	520	650	585	463	578	520	983	1228	1105	16384	assumed_from_config_default	15734	15864	2048	2048	FALSE	Q1
62	qwen3-30b-a3b-instruct-awq-b200	NL	Q1_NL	2	139	1887	2599	2409	520	650	585	482	603	542	1002	1253	1127	16384	assumed_from_config_default	15734	15864	2048	2048	FALSE	Q1
63	qwen3-30b-a3b-instruct-awq-b200	NL	Q1_NL	3	139	1887	2599	2202	520	650	585	441	551	496	961	1201	1081	16384	assumed_from_config_default	15734	15864	2048	2048	FALSE	Q1
64	qwen3-30b-a3b-instruct-awq-b200	NL	Q2_NL	1	92	1862	2527	1808	506	632	569	362	452	407	868	1084	976	16384	assumed_from_config_default	15752	15878	2048	2048	FALSE	Q2
65	qwen3-30b-a3b-instruct-awq-b200	NL	Q2_NL	2	92	1862	2527	1778	506	632	569	356	445	400	862	1077	969	16384	assumed_from_config_default	15752	15878	2048	2048	FALSE	Q2
66	qwen3-30b-a3b-instruct-awq-b200	NL	Q2_NL	3	92	1862	2527	1778	506	632	569	356	445	400	862	1077	969	16384	assumed_from_config_default	15752	15878	2048	2048	FALSE	Q2
67	qwen3-30b-a3b-instruct-awq-b200	NL	Q3_NL	1	120	1901	2594	2398	519	649	584	480	600	540	999	1249	1124	16384	assumed_from_config_default	15735	15865	2048	2048	FALSE	Q3
68	qwen3-30b-a3b-instruct-awq-b200	NL	Q3_NL	2	120	1901	2594	2215	519	649	584	443	554	498	962	1203	1082	16384	assumed_from_config_default	15735	15865	2048	2048	FALSE	Q3
69	qwen3-30b-a3b-instruct-awq-b200	NL	Q3_NL	3	120	1901	2594	1537	519	649	584	308	385	346	827	1034	930	16384	assumed_from_config_default	15735	15865	2048	2048	FALSE	Q3
70	qwen3-30b-a3b-instruct-awq-b200	NL	Q4_NL	1	111	1843	2527	1871	506	632	569	375	468	422	881	1100	991	16384	assumed_from_config_default	15752	15878	2048	2048	FALSE	Q4
71	qwen3-30b-a3b-instruct-awq-b200	NL	Q4_NL	2	111	1843	2527	1593	506	632	569	319	399	359	825	1031	928	16384	assumed_from_config_default	15752	15878	2048	2048	FALSE	Q4
72	qwen3-30b-a3b-instruct-awq-b200	NL	Q4_NL	3	111	1843	2527	1885	506	632	569	377	472	424	883	1104	993	16384	assumed_from_config_default	15752	15878	2048	2048	FALSE	Q4
73	qwen3-30b-a3b-instruct-awq-b200	NL	Q5_NL	1	92	1824	2489	2089	498	623	560	418	523	470	916	1146	1030	16384	assumed_from_config_default	15761	15886	2048	2048	FALSE	Q5
74	qwen3-30b-a3b-instruct-awq-b200	NL	Q5_NL	2	92	1824	2489	2021	498	623	560	405	506	456	903	1129	1016	16384	assumed_from_config_default	15761	15886	2048	2048	FALSE	Q5
75	qwen3-30b-a3b-instruct-awq-b200	NL	Q5_NL	3	92	1824	2489	2017	498	623	560	404	505	454	902	1128	1014	16384	assumed_from_config_default	15761	15886	2048	2048	FALSE	Q5
76	qwen3-30b-a3b-instruct-awq-b200	EN	Q1_EN	1	126	1887	2586	2110	518	647	582	422	528	475	940	1175	1057	16384	assumed_from_config_default	15737	15866	2048	2048	FALSE	Q1
77	qwen3-30b-a3b-instruct-awq-b200	EN	Q1_EN	2	126	1887	2586	2231	518	647	582	447	558	502	965	1205	1084	16384	assumed_from_config_default	15737	15866	2048	2048	FALSE	Q1
78	qwen3-30b-a3b-instruct-awq-b200	EN	Q1_EN	3	126	1887	2586	2231	518	647	582	447	558	502	965	1205	1084	16384	assumed_from_config_default	15737	15866	2048	2048	FALSE	Q1
79	qwen3-30b-a3b-instruct-awq-b200	EN	Q2_EN	1	77	1862	2512	1781	503	628	566	357	446	402	860	1074	968	16384	assumed_from_config_default	15756	15881	2048	2048	FALSE	Q2
80	qwen3-30b-a3b-instruct-awq-b200	EN	Q2_EN	2	77	1862	2512	1835	503	628	566	367	459	413	870	1087	979	16384	assumed_from_config_default	15756	15881	2048	2048	FALSE	Q2
81	qwen3-30b-a3b-instruct-awq-b200	EN	Q2_EN	3	77	1862	2512	1810	503	628	566	362	453	408	865	1081	974	16384	assumed_from_config_default	15756	15881	2048	2048	FALSE	Q2
82	qwen3-30b-a3b-instruct-awq-b200	EN	Q3_EN	1	101	1901	2575	2120	515	644	580	424	530	477	939	1174	1057	16384	assumed_from_config_default	15740	15869	2048	2048	FALSE	Q3
83	qwen3-30b-a3b-instruct-awq-b200	EN	Q3_EN	2	101	1901	2575	2125	515	644	580	425	532	478	940	1176	1058	16384	assumed_from_config_default	15740	15869	2048	2048	FALSE	Q3
84	qwen3-30b-a3b-instruct-awq-b200	EN	Q3_EN	3	101	1901	2575	2120	515	644	580	424	530	477	939	1174	1057	16384	assumed_from_config_default	15740	15869	2048	2048	FALSE	Q3
85	qwen3-30b-a3b-instruct-awq-b200	EN	Q4_EN	1	95	1843	2511	2026	503	628	566	406	507	456	909	1135	1022	16384	assumed_from_config_default	15756	15881	2048	2048	FALSE	Q4
86	qwen3-30b-a3b-instruct-awq-b200	EN	Q4_EN	2	95	1843	2511	2101	503	628	566	421	526	474	924	1154	1040	16384	assumed_from_config_default	15756	15881	2048	2048	FALSE	Q4
87	qwen3-30b-a3b-instruct-awq-b200	EN	Q4_EN	3	95	1843	2511	2101	503	628	566	421	526	474	924	1154	1040	16384	assumed_from_config_default	15756	15881	2048	2048	FALSE	Q4
88	qwen3-30b-a3b-instruct-awq-b200	EN	Q5_EN	1	88	1824	2485	2038	497	622	560	408	510	459	905	1132	1019	16384	assumed_from_config_default	15762	15887	2048	2048	FALSE	Q5
89	qwen3-30b-a3b-instruct-awq-b200	EN	Q5_EN	2	88	1824	2485	2351	497	622	560	471	588	530	968	1210	1090	16384	assumed_from_config_default	15762	15887	2048	2048	FALSE	Q5
90	qwen3-30b-a3b-instruct-awq-b200	EN	Q5_EN	3	88	1824	2485	1688	497	622	560	338	422	380	835	1044	940	16384	assumed_from_config_default	15762	15887	2048	2048	FALSE	Q5
91	qwen3-30b-a3b-instruct-awq-b200	ET	Q1_ET	1	124	1887	2584	2126	517	646	582	426	532	479	943	1178	1061	16384	assumed_from_config_default	15738	15867	2048	2048	FALSE	Q1
92	qwen3-30b-a3b-instruct-awq-b200	ET	Q1_ET	2	124	1887	2584	1947	517	646	582	390	487	438	907	1133	1020	16384	assumed_from_config_default	15738	15867	2048	2048	FALSE	Q1
93	qwen3-30b-a3b-instruct-awq-b200	ET	Q1_ET	3	124	1887	2584	1647	517	646	582	330	412	371	847	1058	953	16384	assumed_from_config_default	15738	15867	2048	2048	FALSE	Q1
94	qwen3-30b-a3b-instruct-awq-b200	ET	Q2_ET	1	96	1862	2531	4240	507	633	570	848	1060	954	1355	1693	1524	16384	assumed_from_config_default	15751	15877	2048	2048	FALSE	Q2
95	qwen3-30b-a3b-instruct-awq-b200	ET	Q2_ET	2	96	1862	2531	1514	507	633	570	303	379	341	810	1012	911	16384	assumed_from_config_default	15751	15877	2048	2048	FALSE	Q2
96	qwen3-30b-a3b-instruct-awq-b200	ET	Q2_ET	3	96	1862	2531	1516	507	633	570	304	379	342	811	1012	912	16384	assumed_from_config_default	15751	15877	2048	2048	FALSE	Q2
97	qwen3-30b-a3b-instruct-awq-b200	ET	Q3_ET	1	81	1901	2555	3119	511	639	575	624	780	702	1135	1419	1277	16384	assumed_from_config_default	15745	15873	2048	2048	FALSE	Q3
98	qwen3-30b-a3b-instruct-awq-b200	ET	Q3_ET	2	81	1901	2555	3119	511	639	575	624	780	702	1135	1419	1277	16384	assumed_from_config_default	15745	15873	2048	2048	FALSE	Q3
99	qwen3-30b-a3b-instruct-awq-b200	ET	Q3_ET	3	81	1901	2555	3119	511	639	575	624	780	702	1135	1419	1277	16384	assumed_from_config_default	15745	15873	2048	2048	FALSE	Q3
100	qwen3-30b-a3b-instruct-awq-b200	ET	Q4_ET	1	105	1843	2521	1662	505	631	568	333	416	374	838	1047	942	16384	assumed_from_config_default	15753	15879	2048	2048	FALSE	Q4
101	qwen3-30b-a3b-instruct-awq-b200	ET	Q4_ET	2	105	1843	2521	5236	505	631	568	1048	1309	1178	1553	1940	1746	16384	assumed_from_config_default	15753	15879	2048	2048	FALSE	Q4
102	qwen3-30b-a3b-instruct-awq-b200	ET	Q4_ET	3	105	1843	2521	5230	505	631	568	1046	1308	1177	1551	1939	1745	16384	assumed_from_config_default	15753	15879	2048	2048	FALSE	Q4
103	qwen3-30b-a3b-instruct-awq-b200	ET	Q5_ET	1	93	1824	2490	1456	498	623	560	292	364	328	790	987	888	16384	assumed_from_config_default	15761	15886	2048	2048	FALSE	Q5
104	qwen3-30b-a3b-instruct-awq-b200	ET	Q5_ET	2	93	1824	2490	3806	498	623	560	762	952	857	1260	1575	1417	16384	assumed_from_config_default	15761	15886	2048	2048	FALSE	Q5
105	qwen3-30b-a3b-instruct-awq-b200	ET	Q5_ET	3	93	1824	2490	1206	498	623	560	242	302	272	740	925	832	16384	assumed_from_config_default	15761	15886	2048	2048	FALSE	Q5
106	qwen3-30b-a3b-instruct-awq-b200	FI	Q1_FI	1	133	1887	2593	2365	519	649	584	473	592	532	992	1241	1116	16384	assumed_from_config_default	15735	15865	2048	2048	FALSE	Q1
107	qwen3-30b-a3b-instruct-awq-b200	FI	Q1_FI	2	133	1887	2593	1808	519	649	584	362	452	407	881	1101	991	16384	assumed_from_config_default	15735	15865	2048	2048	FALSE	Q1
108	qwen3-30b-a3b-instruct-awq-b200	FI	Q1_FI	3	133	1887	2593	2421	519	649	584	485	606	546	1004	1255	1130	16384	assumed_from_config_default	15735	15865	2048	2048	FALSE	Q1
109	qwen3-30b-a3b-instruct-awq-b200	FI	Q2_FI	1	100	1862	2535	2183	507	634	570	437	546	492	944	1180	1062	16384	assumed_from_config_default	15750	15877	2048	2048	FALSE	Q2
110	qwen3-30b-a3b-instruct-awq-b200	FI	Q2_FI	2	100	1862	2535	2193	507	634	570	439	549	494	946	1183	1064	16384	assumed_from_config_default	15750	15877	2048	2048	FALSE	Q2
111	qwen3-30b-a3b-instruct-awq-b200	FI	Q2_FI	3	100	1862	2535	1500	507	634	570	300	375	338	807	1009	908	16384	assumed_from_config_default	15750	15877	2048	2048	FALSE	Q2
112	qwen3-30b-a3b-instruct-awq-b200	FI	Q3_FI	1	94	1901	2568	2370	514	642	578	474	593	534	988	1235	1112	16384	assumed_from_config_default	15742	15870	2048	2048	FALSE	Q3
113	qwen3-30b-a3b-instruct-awq-b200	FI	Q3_FI	2	94	1901	2568	2253	514	642	578	451	564	508	965	1206	1086	16384	assumed_from_config_default	15742	15870	2048	2048	FALSE	Q3
114	qwen3-30b-a3b-instruct-awq-b200	FI	Q3_FI	3	94	1901	2568	1889	514	642	578	378	473	426	892	1115	1004	16384	assumed_from_config_default	15742	15870	2048	2048	FALSE	Q3
115	qwen3-30b-a3b-instruct-awq-b200	FI	Q4_FI	1	101	1843	2517	1597	504	630	567	320	400	360	824	1030	927	16384	assumed_from_config_default	15754	15880	2048	2048	FALSE	Q4
116	qwen3-30b-a3b-instruct-awq-b200	FI	Q4_FI	2	101	1843	2517	1845	504	630	567	369	462	416	873	1092	983	16384	assumed_from_config_default	15754	15880	2048	2048	FALSE	Q4
117	qwen3-30b-a3b-instruct-awq-b200	FI	Q4_FI	3	101	1843	2517	1725	504	630	567	345	432	388	849	1062	955	16384	assumed_from_config_default	15754	15880	2048	2048	FALSE	Q4
118	qwen3-30b-a3b-instruct-awq-b200	FI	Q5_FI	1	91	1824	2488	3629	498	622	560	726	908	817	1224	1530	1377	16384	assumed_from_config_default	15762	15886	2048	2048	FALSE	Q5
119	qwen3-30b-a3b-instruct-awq-b200	FI	Q5_FI	2	91	1824	2488	2083	498	622	560	417	521	469	915	1143	1029	16384	assumed_from_config_default	15762	15886	2048	2048	FALSE	Q5
120	qwen3-30b-a3b-instruct-awq-b200	FI	Q5_FI	3	91	1824	2488	2192	498	622	560	439	548	494	937	1170	1054	16384	assumed_from_config_default	15762	15886	2048	2048	FALSE	Q5
121	qwen3-30b-a3b-instruct-awq-b200	FR	Q1_FR	1	159	1887	2619	1702	524	655	590	341	426	384	865	1081	974	16384	assumed_from_config_default	15729	15860	2048	2048	FALSE	Q1
122	qwen3-30b-a3b-instruct-awq-b200	FR	Q1_FR	2	159	1887	2619	1707	524	655	590	342	427	384	866	1082	974	16384	assumed_from_config_default	15729	15860	2048	2048	FALSE	Q1
123	qwen3-30b-a3b-instruct-awq-b200	FR	Q1_FR	3	159	1887	2619	1797	524	655	590	360	450	405	884	1105	995	16384	assumed_from_config_default	15729	15860	2048	2048	FALSE	Q1
124	qwen3-30b-a3b-instruct-awq-b200	FR	Q2_FR	1	99	1862	2534	1914	507	634	570	383	479	431	890	1113	1001	16384	assumed_from_config_default	15750	15877	2048	2048	FALSE	Q2
125	qwen3-30b-a3b-instruct-awq-b200	FR	Q2_FR	2	99	1862	2534	1882	507	634	570	377	471	424	884	1105	994	16384	assumed_from_config_default	15750	15877	2048	2048	FALSE	Q2
126	qwen3-30b-a3b-instruct-awq-b200	FR	Q2_FR	3	99	1862	2534	1882	507	634	570	377	471	424	884	1105	994	16384	assumed_from_config_default	15750	15877	2048	2048	FALSE	Q2
127	qwen3-30b-a3b-instruct-awq-b200	FR	Q3_FR	1	127	1901	2601	1785	521	651	586	357	447	402	878	1098	988	16384	assumed_from_config_default	15733	15863	2048	2048	FALSE	Q3
128	qwen3-30b-a3b-instruct-awq-b200	FR	Q3_FR	2	127	1901	2601	1663	521	651	586	333	416	374	854	1067	960	16384	assumed_from_config_default	15733	15863	2048	2048	FALSE	Q3
129	qwen3-30b-a3b-instruct-awq-b200	FR	Q3_FR	3	127	1901	2601	1625	521	651	586	325	407	366	846	1058	952	16384	assumed_from_config_default	15733	15863	2048	2048	FALSE	Q3
130	qwen3-30b-a3b-instruct-awq-b200	FR	Q4_FR	1	125	1843	2541	2352	509	636	572	471	588	530	980	1224	1102	16384	assumed_from_config_default	15748	15875	2048	2048	FALSE	Q4
131	qwen3-30b-a3b-instruct-awq-b200	FR	Q4_FR	2	125	1843	2541	1924	509	636	572	385	481	433	894	1117	1005	16384	assumed_from_config_default	15748	15875	2048	2048	FALSE	Q4
132	qwen3-30b-a3b-instruct-awq-b200	FR	Q4_FR	3	125	1843	2541	1924	509	636	572	385	481	433	894	1117	1005	16384	assumed_from_config_default	15748	15875	2048	2048	FALSE	Q4
133	qwen3-30b-a3b-instruct-awq-b200	FR	Q5_FR	1	112	1824	2509	1760	502	628	565	352	440	396	854	1068	961	16384	assumed_from_config_default	15756	15882	2048	2048	FALSE	Q5
134	qwen3-30b-a3b-instruct-awq-b200	FR	Q5_FR	2	112	1824	2509	1667	502	628	565	334	417	376	836	1045	941	16384	assumed_from_config_default	15756	15882	2048	2048	FALSE	Q5
135	qwen3-30b-a3b-instruct-awq-b200	FR	Q5_FR	3	112	1824	2509	1941	502	628	565	389	486	438	891	1114	1003	16384	assumed_from_config_default	15756	15882	2048	2048	FALSE	Q5
136	qwen3-30b-a3b-instruct-awq-b200	DE	Q1_DE	1	133	1887	2593	2591	519	649	584	519	648	584	1038	1297	1168	16384	assumed_from_config_default	15735	15865	2048	2048	FALSE	Q1
137	qwen3-30b-a3b-instruct-awq-b200	DE	Q1_DE	2	133	1887	2593	2502	519	649	584	501	626	564	1020	1275	1148	16384	assumed_from_config_default	15735	15865	2048	2048	FALSE	Q1
138	qwen3-30b-a3b-instruct-awq-b200	DE	Q1_DE	3	133	1887	2593	2066	519	649	584	414	517	466	933	1166	1050	16384	assumed_from_config_default	15735	15865	2048	2048	FALSE	Q1
139	qwen3-30b-a3b-instruct-awq-b200	DE	Q2_DE	1	103	1862	2538	1936	508	635	572	388	484	436	896	1119	1008	16384	assumed_from_config_default	15749	15876	2048	2048	FALSE	Q2
140	qwen3-30b-a3b-instruct-awq-b200	DE	Q2_DE	2	103	1862	2538	1852	508	635	572	371	463	417	879	1098	989	16384	assumed_from_config_default	15749	15876	2048	2048	FALSE	Q2
141	qwen3-30b-a3b-instruct-awq-b200	DE	Q2_DE	3	103	1862	2538	1852	508	635	572	371	463	417	879	1098	989	16384	assumed_from_config_default	15749	15876	2048	2048	FALSE	Q2
142	qwen3-30b-a3b-instruct-awq-b200	DE	Q3_DE	1	107	1901	2581	2405	517	646	582	481	602	542	998	1248	1124	16384	assumed_from_config_default	15738	15867	2048	2048	FALSE	Q3
143	qwen3-30b-a3b-instruct-awq-b200	DE	Q3_DE	2	107	1901	2581	2347	517	646	582	470	587	528	987	1233	1110	16384	assumed_from_config_default	15738	15867	2048	2048	FALSE	Q3
144	qwen3-30b-a3b-instruct-awq-b200	DE	Q3_DE	3	107	1901	2581	2606	517	646	582	522	652	587	1039	1298	1169	16384	assumed_from_config_default	15738	15867	2048	2048	FALSE	Q3
145	qwen3-30b-a3b-instruct-awq-b200	DE	Q4_DE	1	111	1843	2527	2219	506	632	569	444	555	500	950	1187	1069	16384	assumed_from_config_default	15752	15878	2048	2048	FALSE	Q4
146	qwen3-30b-a3b-instruct-awq-b200	DE	Q4_DE	2	111	1843	2527	2208	506	632	569	442	552	497	948	1184	1066	16384	assumed_from_config_default	15752	15878	2048	2048	FALSE	Q4
147	qwen3-30b-a3b-instruct-awq-b200	DE	Q4_DE	3	111	1843	2527	2208	506	632	569	442	552	497	948	1184	1066	16384	assumed_from_config_default	15752	15878	2048	2048	FALSE	Q4
148	qwen3-30b-a3b-instruct-awq-b200	DE	Q5_DE	1	94	1824	2491	1772	499	623	561	355	443	399	854	1066	960	16384	assumed_from_config_default	15761	15885	2048	2048	FALSE	Q5
149	qwen3-30b-a3b-instruct-awq-b200	DE	Q5_DE	2	94	1824	2491	2680	499	623	561	536	670	603	1035	1293	1164	16384	assumed_from_config_default	15761	15885	2048	2048	FALSE	Q5
150	qwen3-30b-a3b-instruct-awq-b200	DE	Q5_DE	3	94	1824	2491	2680	499	623	561	536	670	603	1035	1293	1164	16384	assumed_from_config_default	15761	15885	2048	2048	FALSE	Q5
151	qwen3-30b-a3b-instruct-awq-b200	EL	Q1_EL	1	129	1887	2589	1920	518	648	583	384	480	432	902	1128	1015	16384	assumed_from_config_default	15736	15866	2048	2048	FALSE	Q1
152	qwen3-30b-a3b-instruct-awq-b200	EL	Q1_EL	2	129	1887	2589	2066	518	648	583	414	517	466	932	1165	1049	16384	assumed_from_config_default	15736	15866	2048	2048	FALSE	Q1
153	qwen3-30b-a3b-instruct-awq-b200	EL	Q1_EL	3	129	1887	2589	2066	518	648	583	414	517	466	932	1165	1049	16384	assumed_from_config_default	15736	15866	2048	2048	FALSE	Q1
154	qwen3-30b-a3b-instruct-awq-b200	EL	Q2_EL	1	96	1862	2531	2107	507	633	570	422	527	474	929	1160	1044	16384	assumed_from_config_default	15751	15877	2048	2048	FALSE	Q2
155	qwen3-30b-a3b-instruct-awq-b200	EL	Q2_EL	2	96	1862	2531	2052	507	633	570	411	513	462	918	1146	1032	16384	assumed_from_config_default	15751	15877	2048	2048	FALSE	Q2
156	qwen3-30b-a3b-instruct-awq-b200	EL	Q2_EL	3	96	1862	2531	2052	507	633	570	411	513	462	918	1146	1032	16384	assumed_from_config_default	15751	15877	2048	2048	FALSE	Q2
157	qwen3-30b-a3b-instruct-awq-b200	EL	Q3_EL	1	120	1901	2594	1893	519	649	584	379	474	426	898	1123	1010	16384	assumed_from_config_default	15735	15865	2048	2048	FALSE	Q3
158	qwen3-30b-a3b-instruct-awq-b200	EL	Q3_EL	2	120	1901	2594	1795	519	649	584	359	449	404	878	1098	988	16384	assumed_from_config_default	15735	15865	2048	2048	FALSE	Q3
159	qwen3-30b-a3b-instruct-awq-b200	EL	Q3_EL	3	120	1901	2594	1836	519	649	584	368	459	414	887	1108	998	16384	assumed_from_config_default	15735	15865	2048	2048	FALSE	Q3
160	qwen3-30b-a3b-instruct-awq-b200	EL	Q4_EL	1	115	1843	2531	2054	507	633	570	411	514	462	918	1147	1032	16384	assumed_from_config_default	15751	15877	2048	2048	FALSE	Q4
161	qwen3-30b-a3b-instruct-awq-b200	EL	Q4_EL	2	115	1843	2531	2103	507	633	570	421	526	474	928	1159	1044	16384	assumed_from_config_default	15751	15877	2048	2048	FALSE	Q4
162	qwen3-30b-a3b-instruct-awq-b200	EL	Q4_EL	3	115	1843	2531	2103	507	633	570	421	526	474	928	1159	1044	16384	assumed_from_config_default	15751	15877	2048	2048	FALSE	Q4
163	qwen3-30b-a3b-instruct-awq-b200	EL	Q5_EL	1	126	1824	2523	2105	505	631	568	421	527	474	926	1158	1042	16384	assumed_from_config_default	15753	15879	2048	2048	FALSE	Q5
164	qwen3-30b-a3b-instruct-awq-b200	EL	Q5_EL	2	126	1824	2523	2009	505	631	568	402	503	452	907	1134	1020	16384	assumed_from_config_default	15753	15879	2048	2048	FALSE	Q5
165	qwen3-30b-a3b-instruct-awq-b200	EL	Q5_EL	3	126	1824	2523	2313	505	631	568	463	579	521	968	1210	1089	16384	assumed_from_config_default	15753	15879	2048	2048	FALSE	Q5
166	qwen3-30b-a3b-instruct-awq-b200	HU	Q1_HU	1	122	1887	2582	4586	517	646	582	918	1147	1032	1435	1793	1614	16384	assumed_from_config_default	15738	15867	2048	2048	FALSE	Q1
167	qwen3-30b-a3b-instruct-awq-b200	HU	Q1_HU	2	122	1887	2582	2233	517	646	582	447	559	503	964	1205	1085	16384	assumed_from_config_default	15738	15867	2048	2048	FALSE	Q1
168	qwen3-30b-a3b-instruct-awq-b200	HU	Q1_HU	3	122	1887	2582	2233	517	646	582	447	559	503	964	1205	1085	16384	assumed_from_config_default	15738	15867	2048	2048	FALSE	Q1
169	qwen3-30b-a3b-instruct-awq-b200	HU	Q2_HU	1	98	1862	2533	1763	507	634	570	353	441	397	860	1075	967	16384	assumed_from_config_default	15750	15877	2048	2048	FALSE	Q2
170	qwen3-30b-a3b-instruct-awq-b200	HU	Q2_HU	2	98	1862	2533	1909	507	634	570	382	478	430	889	1112	1000	16384	assumed_from_config_default	15750	15877	2048	2048	FALSE	Q2
171	qwen3-30b-a3b-instruct-awq-b200	HU	Q2_HU	3	98	1862	2533	2106	507	634	570	422	527	474	929	1161	1044	16384	assumed_from_config_default	15750	15877	2048	2048	FALSE	Q2
172	qwen3-30b-a3b-instruct-awq-b200	HU	Q3_HU	1	107	1901	2581	2079	517	646	582	416	520	468	933	1166	1050	16384	assumed_from_config_default	15738	15867	2048	2048	FALSE	Q3
173	qwen3-30b-a3b-instruct-awq-b200	HU	Q3_HU	2	107	1901	2581	2383	517	646	582	477	596	536	994	1242	1118	16384	assumed_from_config_default	15738	15867	2048	2048	FALSE	Q3
174	qwen3-30b-a3b-instruct-awq-b200	HU	Q3_HU	3	107	1901	2581	2383	517	646	582	477	596	536	994	1242	1118	16384	assumed_from_config_default	15738	15867	2048	2048	FALSE	Q3
175	qwen3-30b-a3b-instruct-awq-b200	HU	Q4_HU	1	126	1843	2542	2036	509	636	572	408	509	458	917	1145	1030	16384	assumed_from_config_default	15748	15875	2048	2048	FALSE	Q4
176	qwen3-30b-a3b-instruct-awq-b200	HU	Q4_HU	2	126	1843	2542	1862	509	636	572	373	466	420	882	1102	992	16384	assumed_from_config_default	15748	15875	2048	2048	FALSE	Q4
177	qwen3-30b-a3b-instruct-awq-b200	HU	Q4_HU	3	126	1843	2542	2230	509	636	572	446	558	502	955	1194	1074	16384	assumed_from_config_default	15748	15875	2048	2048	FALSE	Q4
178	qwen3-30b-a3b-instruct-awq-b200	HU	Q5_HU	1	107	1824	2504	1578	501	626	564	316	395	356	817	1021	920	16384	assumed_from_config_default	15758	15883	2048	2048	FALSE	Q5
179	qwen3-30b-a3b-instruct-awq-b200	HU	Q5_HU	2	107	1824	2504	1759	501	626	564	352	440	396	853	1066	960	16384	assumed_from_config_default	15758	15883	2048	2048	FALSE	Q5
180	qwen3-30b-a3b-instruct-awq-b200	HU	Q5_HU	3	107	1824	2504	1578	501	626	564	316	395	356	817	1021	920	16384	assumed_from_config_default	15758	15883	2048	2048	FALSE	Q5
181	qwen3-30b-a3b-instruct-awq-b200	GA	Q1_GA	1	135	1887	2595	4972	519	649	584	995	1243	1119	1514	1892	1703	16384	assumed_from_config_default	15735	15865	2048	2048	FALSE	Q1
182	qwen3-30b-a3b-instruct-awq-b200	GA	Q1_GA	2	135	1887	2595	4831	519	649	584	967	1208	1088	1486	1857	1672	16384	assumed_from_config_default	15735	15865	2048	2048	FALSE	Q1
183	qwen3-30b-a3b-instruct-awq-b200	GA	Q1_GA	3	135	1887	2595	4831	519	649	584	967	1208	1088	1486	1857	1672	16384	assumed_from_config_default	15735	15865	2048	2048	FALSE	Q1
184	qwen3-30b-a3b-instruct-awq-b200	GA	Q2_GA	1	99	1862	2534	4907	507	634	570	982	1227	1104	1489	1861	1674	16384	assumed_from_config_default	15750	15877	2048	2048	FALSE	Q2
185	qwen3-30b-a3b-instruct-awq-b200	GA	Q2_GA	2	99	1862	2534	5026	507	634	570	1006	1257	1132	1513	1891	1702	16384	assumed_from_config_default	15750	15877	2048	2048	FALSE	Q2
186	qwen3-30b-a3b-instruct-awq-b200	GA	Q2_GA	3	99	1862	2534	4856	507	634	570	972	1214	1093	1479	1848	1663	16384	assumed_from_config_default	15750	15877	2048	2048	FALSE	Q2
187	qwen3-30b-a3b-instruct-awq-b200	GA	Q3_GA	1	101	1901	2575	5424	515	644	580	1085	1356	1220	1600	2000	1800	16384	assumed_from_config_default	15740	15869	2048	2048	FALSE	Q3
188	qwen3-30b-a3b-instruct-awq-b200	GA	Q3_GA	2	101	1901	2575	4587	515	644	580	918	1147	1032	1433	1791	1612	16384	assumed_from_config_default	15740	15869	2048	2048	FALSE	Q3
189	qwen3-30b-a3b-instruct-awq-b200	GA	Q3_GA	3	101	1901	2575	5424	515	644	580	1085	1356	1220	1600	2000	1800	16384	assumed_from_config_default	15740	15869	2048	2048	FALSE	Q3
190	qwen3-30b-a3b-instruct-awq-b200	GA	Q4_GA	1	98	1843	2514	4594	503	629	566	919	1149	1034	1422	1778	1600	16384	assumed_from_config_default	15755	15881	2048	2048	FALSE	Q4
191	qwen3-30b-a3b-instruct-awq-b200	GA	Q4_GA	2	98	1843	2514	4503	503	629	566	901	1126	1014	1404	1755	1580	16384	assumed_from_config_default	15755	15881	2048	2048	FALSE	Q4
192	qwen3-30b-a3b-instruct-awq-b200	GA	Q4_GA	3	98	1843	2514	4503	503	629	566	901	1126	1014	1404	1755	1580	16384	assumed_from_config_default	15755	15881	2048	2048	FALSE	Q4
193	qwen3-30b-a3b-instruct-awq-b200	GA	Q5_GA	1	129	1824	2526	4761	506	632	569	953	1191	1072	1459	1823	1641	16384	assumed_from_config_default	15752	15878	2048	2048	FALSE	Q5
194	qwen3-30b-a3b-instruct-awq-b200	GA	Q5_GA	2	129	1824	2526	4910	506	632	569	982	1228	1105	1488	1860	1674	16384	assumed_from_config_default	15752	15878	2048	2048	FALSE	Q5
195	qwen3-30b-a3b-instruct-awq-b200	GA	Q5_GA	3	129	1824	2526	4134	506	632	569	827	1034	930	1333	1666	1499	16384	assumed_from_config_default	15752	15878	2048	2048	FALSE	Q5
196	qwen3-30b-a3b-instruct-awq-b200	IT	Q1_IT	1	126	1887	2586	1819	518	647	582	364	455	410	882	1102	992	16384	assumed_from_config_default	15737	15866	2048	2048	FALSE	Q1
197	qwen3-30b-a3b-instruct-awq-b200	IT	Q1_IT	2	126	1887	2586	2227	518	647	582	446	557	502	964	1204	1084	16384	assumed_from_config_default	15737	15866	2048	2048	FALSE	Q1
198	qwen3-30b-a3b-instruct-awq-b200	IT	Q1_IT	3	126	1887	2586	2257	518	647	582	452	565	508	970	1212	1090	16384	assumed_from_config_default	15737	15866	2048	2048	FALSE	Q1
199	qwen3-30b-a3b-instruct-awq-b200	IT	Q2_IT	1	94	1862	2529	1826	506	633	570	366	457	412	872	1090	982	16384	assumed_from_config_default	15751	15878	2048	2048	FALSE	Q2
200	qwen3-30b-a3b-instruct-awq-b200	IT	Q2_IT	2	94	1862	2529	1912	506	633	570	383	478	430	889	1111	1000	16384	assumed_from_config_default	15751	15878	2048	2048	FALSE	Q2
201	qwen3-30b-a3b-instruct-awq-b200	IT	Q2_IT	3	94	1862	2529	1912	506	633	570	383	478	430	889	1111	1000	16384	assumed_from_config_default	15751	15878	2048	2048	FALSE	Q2
202	qwen3-30b-a3b-instruct-awq-b200	IT	Q3_IT	1	107	1901	2581	2244	517	646	582	449	561	505	966	1207	1087	16384	assumed_from_config_default	15738	15867	2048	2048	FALSE	Q3
203	qwen3-30b-a3b-instruct-awq-b200	IT	Q3_IT	2	107	1901	2581	2574	517	646	582	515	644	580	1032	1290	1162	16384	assumed_from_config_default	15738	15867	2048	2048	FALSE	Q3
204	qwen3-30b-a3b-instruct-awq-b200	IT	Q3_IT	3	107	1901	2581	2574	517	646	582	515	644	580	1032	1290	1162	16384	assumed_from_config_default	15738	15867	2048	2048	FALSE	Q3
205	qwen3-30b-a3b-instruct-awq-b200	IT	Q4_IT	1	122	1843	2538	2303	508	635	572	461	576	518	969	1211	1090	16384	assumed_from_config_default	15749	15876	2048	2048	FALSE	Q4
206	qwen3-30b-a3b-instruct-awq-b200	IT	Q4_IT	2	122	1843	2538	2223	508	635	572	445	556	500	953	1191	1072	16384	assumed_from_config_default	15749	15876	2048	2048	FALSE	Q4
207	qwen3-30b-a3b-instruct-awq-b200	IT	Q4_IT	3	122	1843	2538	2223	508	635	572	445	556	500	953	1191	1072	16384	assumed_from_config_default	15749	15876	2048	2048	FALSE	Q4
208	qwen3-30b-a3b-instruct-awq-b200	IT	Q5_IT	1	103	1824	2500	1910	500	625	562	382	478	430	882	1103	992	16384	assumed_from_config_default	15759	15884	2048	2048	FALSE	Q5
209	qwen3-30b-a3b-instruct-awq-b200	IT	Q5_IT	2	103	1824	2500	1927	500	625	562	386	482	434	886	1107	996	16384	assumed_from_config_default	15759	15884	2048	2048	FALSE	Q5
210	qwen3-30b-a3b-instruct-awq-b200	IT	Q5_IT	3	103	1824	2500	1927	500	625	562	386	482	434	886	1107	996	16384	assumed_from_config_default	15759	15884	2048	2048	FALSE	Q5
211	qwen3-30b-a3b-instruct-awq-b200	LV	Q1_LV	1	116	1887	2576	3675	516	644	580	735	919	827	1251	1563	1407	16384	assumed_from_config_default	15740	15868	2048	2048	FALSE	Q1
212	qwen3-30b-a3b-instruct-awq-b200	LV	Q1_LV	2	116	1887	2576	3694	516	644	580	739	924	832	1255	1568	1412	16384	assumed_from_config_default	15740	15868	2048	2048	FALSE	Q1
213	qwen3-30b-a3b-instruct-awq-b200	LV	Q1_LV	3	116	1887	2576	3660	516	644	580	732	915	824	1248	1559	1404	16384	assumed_from_config_default	15740	15868	2048	2048	FALSE	Q1
214	qwen3-30b-a3b-instruct-awq-b200	LV	Q2_LV	1	92	1862	2527	1650	506	632	569	330	413	372	836	1045	941	16384	assumed_from_config_default	15752	15878	2048	2048	FALSE	Q2
215	qwen3-30b-a3b-instruct-awq-b200	LV	Q2_LV	2	92	1862	2527	1292	506	632	569	259	323	291	765	955	860	16384	assumed_from_config_default	15752	15878	2048	2048	FALSE	Q2
216	qwen3-30b-a3b-instruct-awq-b200	LV	Q2_LV	3	92	1862	2527	1292	506	632	569	259	323	291	765	955	860	16384	assumed_from_config_default	15752	15878	2048	2048	FALSE	Q2
217	qwen3-30b-a3b-instruct-awq-b200	LV	Q3_LV	1	96	1901	2570	1634	514	643	578	327	409	368	841	1052	946	16384	assumed_from_config_default	15741	15870	2048	2048	FALSE	Q3
218	qwen3-30b-a3b-instruct-awq-b200	LV	Q3_LV	2	96	1901	2570	1995	514	643	578	399	499	449	913	1142	1027	16384	assumed_from_config_default	15741	15870	2048	2048	FALSE	Q3
219	qwen3-30b-a3b-instruct-awq-b200	LV	Q3_LV	3	96	1901	2570	1995	514	643	578	399	499	449	913	1142	1027	16384	assumed_from_config_default	15741	15870	2048	2048	FALSE	Q3
220	qwen3-30b-a3b-instruct-awq-b200	LV	Q4_LV	1	106	1843	2522	1802	505	631	568	361	451	406	866	1082	974	16384	assumed_from_config_default	15753	15879	2048	2048	FALSE	Q4
221	qwen3-30b-a3b-instruct-awq-b200	LV	Q4_LV	2	106	1843	2522	1968	505	631	568	394	492	443	899	1123	1011	16384	assumed_from_config_default	15753	15879	2048	2048	FALSE	Q4
222	qwen3-30b-a3b-instruct-awq-b200	LV	Q4_LV	3	106	1843	2522	2032	505	631	568	407	508	458	912	1139	1026	16384	assumed_from_config_default	15753	15879	2048	2048	FALSE	Q4
223	qwen3-30b-a3b-instruct-awq-b200	LV	Q5_LV	1	103	1824	2500	1816	500	625	562	364	454	409	864	1079	971	16384	assumed_from_config_default	15759	15884	2048	2048	FALSE	Q5
224	qwen3-30b-a3b-instruct-awq-b200	LV	Q5_LV	2	103	1824	2500	3473	500	625	562	695	869	782	1195	1494	1344	16384	assumed_from_config_default	15759	15884	2048	2048	FALSE	Q5
225	qwen3-30b-a3b-instruct-awq-b200	LV	Q5_LV	3	103	1824	2500	3559	500	625	562	712	890	801	1212	1515	1363	16384	assumed_from_config_default	15759	15884	2048	2048	FALSE	Q5
226	qwen3-30b-a3b-instruct-awq-b200	LT	Q1_LT	1	128	1887	2588	2559	518	647	582	512	640	576	1030	1287	1158	16384	assumed_from_config_default	15737	15866	2048	2048	FALSE	Q1
227	qwen3-30b-a3b-instruct-awq-b200	LT	Q1_LT	2	128	1887	2588	2189	518	647	582	438	548	493	956	1195	1075	16384	assumed_from_config_default	15737	15866	2048	2048	FALSE	Q1
228	qwen3-30b-a3b-instruct-awq-b200	LT	Q1_LT	3	128	1887	2588	2241	518	647	582	449	561	505	967	1208	1087	16384	assumed_from_config_default	15737	15866	2048	2048	FALSE	Q1
229	qwen3-30b-a3b-instruct-awq-b200	LT	Q2_LT	1	91	1862	2526	2060	506	632	569	412	515	464	918	1147	1033	16384	assumed_from_config_default	15752	15878	2048	2048	FALSE	Q2
230	qwen3-30b-a3b-instruct-awq-b200	LT	Q2_LT	2	91	1862	2526	2026	506	632	569	406	507	456	912	1139	1025	16384	assumed_from_config_default	15752	15878	2048	2048	FALSE	Q2
231	qwen3-30b-a3b-instruct-awq-b200	LT	Q2_LT	3	91	1862	2526	2026	506	632	569	406	507	456	912	1139	1025	16384	assumed_from_config_default	15752	15878	2048	2048	FALSE	Q2
232	qwen3-30b-a3b-instruct-awq-b200	LT	Q3_LT	1	98	1901	2572	2017	515	643	579	404	505	454	919	1148	1033	16384	assumed_from_config_default	15741	15869	2048	2048	FALSE	Q3
233	qwen3-30b-a3b-instruct-awq-b200	LT	Q3_LT	2	98	1901	2572	2069	515	643	579	414	518	466	929	1161	1045	16384	assumed_from_config_default	15741	15869	2048	2048	FALSE	Q3
234	qwen3-30b-a3b-instruct-awq-b200	LT	Q3_LT	3	98	1901	2572	1942	515	643	579	389	486	438	904	1129	1017	16384	assumed_from_config_default	15741	15869	2048	2048	FALSE	Q3
235	qwen3-30b-a3b-instruct-awq-b200	LT	Q4_LT	1	103	1843	2519	1808	504	630	567	362	452	407	866	1082	974	16384	assumed_from_config_default	15754	15880	2048	2048	FALSE	Q4
236	qwen3-30b-a3b-instruct-awq-b200	LT	Q4_LT	2	103	1843	2519	2052	504	630	567	411	513	462	915	1143	1029	16384	assumed_from_config_default	15754	15880	2048	2048	FALSE	Q4
237	qwen3-30b-a3b-instruct-awq-b200	LT	Q4_LT	3	103	1843	2519	1856	504	630	567	372	464	418	876	1094	985	16384	assumed_from_config_default	15754	15880	2048	2048	FALSE	Q4
238	qwen3-30b-a3b-instruct-awq-b200	LT	Q5_LT	1	103	1824	2500	1942	500	625	562	389	486	438	889	1111	1000	16384	assumed_from_config_default	15759	15884	2048	2048	FALSE	Q5
239	qwen3-30b-a3b-instruct-awq-b200	LT	Q5_LT	2	103	1824	2500	1957	500	625	562	392	490	441	892	1115	1003	16384	assumed_from_config_default	15759	15884	2048	2048	FALSE	Q5
240	qwen3-30b-a3b-instruct-awq-b200	LT	Q5_LT	3	103	1824	2500	1957	500	625	562	392	490	441	892	1115	1003	16384	assumed_from_config_default	15759	15884	2048	2048	FALSE	Q5
241	qwen3-30b-a3b-instruct-awq-b200	MT	Q1_MT	1	132	1887	2592	4150	519	648	584	830	1038	934	1349	1686	1518	16384	assumed_from_config_default	15736	15865	2048	2048	FALSE	Q1
242	qwen3-30b-a3b-instruct-awq-b200	MT	Q1_MT	2	132	1887	2592	3888	519	648	584	778	972	875	1297	1620	1459	16384	assumed_from_config_default	15736	15865	2048	2048	FALSE	Q1
243	qwen3-30b-a3b-instruct-awq-b200	MT	Q1_MT	3	132	1887	2592	3888	519	648	584	778	972	875	1297	1620	1459	16384	assumed_from_config_default	15736	15865	2048	2048	FALSE	Q1
244	qwen3-30b-a3b-instruct-awq-b200	MT	Q2_MT	1	88	1862	2523	1283	505	631	568	257	321	289	762	952	857	16384	assumed_from_config_default	15753	15879	2048	2048	FALSE	Q2
245	qwen3-30b-a3b-instruct-awq-b200	MT	Q2_MT	2	88	1862	2523	1315	505	631	568	263	329	296	768	960	864	16384	assumed_from_config_default	15753	15879	2048	2048	FALSE	Q2
246	qwen3-30b-a3b-instruct-awq-b200	MT	Q2_MT	3	88	1862	2523	1315	505	631	568	263	329	296	768	960	864	16384	assumed_from_config_default	15753	15879	2048	2048	FALSE	Q2
247	qwen3-30b-a3b-instruct-awq-b200	MT	Q3_MT	1	109	1901	2583	3898	517	646	582	780	975	878	1297	1621	1460	16384	assumed_from_config_default	15738	15867	2048	2048	FALSE	Q3
248	qwen3-30b-a3b-instruct-awq-b200	MT	Q3_MT	2	109	1901	2583	3563	517	646	582	713	891	802	1230	1537	1384	16384	assumed_from_config_default	15738	15867	2048	2048	FALSE	Q3
249	qwen3-30b-a3b-instruct-awq-b200	MT	Q3_MT	3	109	1901	2583	3563	517	646	582	713	891	802	1230	1537	1384	16384	assumed_from_config_default	15738	15867	2048	2048	FALSE	Q3
250	qwen3-30b-a3b-instruct-awq-b200	MT	Q4_MT	1	112	1843	2528	4110	506	632	569	822	1028	925	1328	1660	1494	16384	assumed_from_config_default	15752	15878	2048	2048	FALSE	Q4
251	qwen3-30b-a3b-instruct-awq-b200	MT	Q4_MT	2	112	1843	2528	4093	506	632	569	819	1024	922	1325	1656	1491	16384	assumed_from_config_default	15752	15878	2048	2048	FALSE	Q4
252	qwen3-30b-a3b-instruct-awq-b200	MT	Q4_MT	3	112	1843	2528	4093	506	632	569	819	1024	922	1325	1656	1491	16384	assumed_from_config_default	15752	15878	2048	2048	FALSE	Q4
253	qwen3-30b-a3b-instruct-awq-b200	MT	Q5_MT	1	121	1824	2518	2185	504	630	567	437	547	492	941	1177	1059	16384	assumed_from_config_default	15754	15880	2048	2048	FALSE	Q5
254	qwen3-30b-a3b-instruct-awq-b200	MT	Q5_MT	2	121	1824	2518	2185	504	630	567	437	547	492	941	1177	1059	16384	assumed_from_config_default	15754	15880	2048	2048	FALSE	Q5
255	qwen3-30b-a3b-instruct-awq-b200	MT	Q5_MT	3	121	1824	2518	2185	504	630	567	437	547	492	941	1177	1059	16384	assumed_from_config_default	15754	15880	2048	2048	FALSE	Q5
256	qwen3-30b-a3b-instruct-awq-b200	PL	Q1_PL	1	119	1887	2579	2119	516	645	580	424	530	477	940	1175	1057	16384	assumed_from_config_default	15739	15868	2048	2048	FALSE	Q1
257	qwen3-30b-a3b-instruct-awq-b200	PL	Q1_PL	2	119	1887	2579	2184	516	645	580	437	546	492	953	1191	1072	16384	assumed_from_config_default	15739	15868	2048	2048	FALSE	Q1
258	qwen3-30b-a3b-instruct-awq-b200	PL	Q1_PL	3	119	1887	2579	2184	516	645	580	437	546	492	953	1191	1072	16384	assumed_from_config_default	15739	15868	2048	2048	FALSE	Q1
259	qwen3-30b-a3b-instruct-awq-b200	PL	Q2_PL	1	79	1862	2514	2024	503	629	566	405	506	456	908	1135	1022	16384	assumed_from_config_default	15755	15881	2048	2048	FALSE	Q2
260	qwen3-30b-a3b-instruct-awq-b200	PL	Q2_PL	2	79	1862	2514	2048	503	629	566	410	512	461	913	1141	1027	16384	assumed_from_config_default	15755	15881	2048	2048	FALSE	Q2
261	qwen3-30b-a3b-instruct-awq-b200	PL	Q2_PL	3	79	1862	2514	2069	503	629	566	414	518	466	917	1147	1032	16384	assumed_from_config_default	15755	15881	2048	2048	FALSE	Q2
262	qwen3-30b-a3b-instruct-awq-b200	PL	Q3_PL	1	119	1901	2593	1960	519	649	584	392	490	441	911	1139	1025	16384	assumed_from_config_default	15735	15865	2048	2048	FALSE	Q3
263	qwen3-30b-a3b-instruct-awq-b200	PL	Q3_PL	2	119	1901	2593	1599	519	649	584	320	400	360	839	1049	944	16384	assumed_from_config_default	15735	15865	2048	2048	FALSE	Q3
264	qwen3-30b-a3b-instruct-awq-b200	PL	Q3_PL	3	119	1901	2593	1608	519	649	584	322	402	362	841	1051	946	16384	assumed_from_config_default	15735	15865	2048	2048	FALSE	Q3
265	qwen3-30b-a3b-instruct-awq-b200	PL	Q4_PL	1	101	1843	2517	1888	504	630	567	378	472	425	882	1102	992	16384	assumed_from_config_default	15754	15880	2048	2048	FALSE	Q4
266	qwen3-30b-a3b-instruct-awq-b200	PL	Q4_PL	2	101	1843	2517	2316	504	630	567	464	579	522	968	1209	1089	16384	assumed_from_config_default	15754	15880	2048	2048	FALSE	Q4
267	qwen3-30b-a3b-instruct-awq-b200	PL	Q4_PL	3	101	1843	2517	2316	504	630	567	464	579	522	968	1209	1089	16384	assumed_from_config_default	15754	15880	2048	2048	FALSE	Q4
268	qwen3-30b-a3b-instruct-awq-b200	PL	Q5_PL	1	121	1824	2518	2223	504	630	567	445	556	500	949	1186	1067	16384	assumed_from_config_default	15754	15880	2048	2048	FALSE	Q5
269	qwen3-30b-a3b-instruct-awq-b200	PL	Q5_PL	2	121	1824	2518	2339	504	630	567	468	585	526	972	1215	1093	16384	assumed_from_config_default	15754	15880	2048	2048	FALSE	Q5
270	qwen3-30b-a3b-instruct-awq-b200	PL	Q5_PL	3	121	1824	2518	2339	504	630	567	468	585	526	972	1215	1093	16384	assumed_from_config_default	15754	15880	2048	2048	FALSE	Q5
271	qwen3-30b-a3b-instruct-awq-b200	PT	Q1_PT	1	147	1887	2607	1955	522	652	587	391	489	440	913	1141	1027	16384	assumed_from_config_default	15732	15862	2048	2048	FALSE	Q1
272	qwen3-30b-a3b-instruct-awq-b200	PT	Q1_PT	2	147	1887	2607	2104	522	652	587	421	526	474	943	1178	1061	16384	assumed_from_config_default	15732	15862	2048	2048	FALSE	Q1
273	qwen3-30b-a3b-instruct-awq-b200	PT	Q1_PT	3	147	1887	2607	2104	522	652	587	421	526	474	943	1178	1061	16384	assumed_from_config_default	15732	15862	2048	2048	FALSE	Q1
274	qwen3-30b-a3b-instruct-awq-b200	PT	Q2_PT	1	84	1862	2519	2234	504	630	567	447	559	503	951	1189	1070	16384	assumed_from_config_default	15754	15880	2048	2048	FALSE	Q2
275	qwen3-30b-a3b-instruct-awq-b200	PT	Q2_PT	2	84	1862	2519	2220	504	630	567	444	555	500	948	1185	1067	16384	assumed_from_config_default	15754	15880	2048	2048	FALSE	Q2
276	qwen3-30b-a3b-instruct-awq-b200	PT	Q2_PT	3	84	1862	2519	2213	504	630	567	443	554	498	947	1184	1065	16384	assumed_from_config_default	15754	15880	2048	2048	FALSE	Q2
277	qwen3-30b-a3b-instruct-awq-b200	PT	Q3_PT	1	107	1901	2581	1821	517	646	582	365	456	410	882	1102	992	16384	assumed_from_config_default	15738	15867	2048	2048	FALSE	Q3
278	qwen3-30b-a3b-instruct-awq-b200	PT	Q3_PT	2	107	1901	2581	1914	517	646	582	383	479	431	900	1125	1013	16384	assumed_from_config_default	15738	15867	2048	2048	FALSE	Q3
279	qwen3-30b-a3b-instruct-awq-b200	PT	Q3_PT	3	107	1901	2581	1816	517	646	582	364	454	409	881	1100	991	16384	assumed_from_config_default	15738	15867	2048	2048	FALSE	Q3
280	qwen3-30b-a3b-instruct-awq-b200	PT	Q4_PT	1	132	1843	2548	1794	510	637	574	359	449	404	869	1086	978	16384	assumed_from_config_default	15747	15874	2048	2048	FALSE	Q4
281	qwen3-30b-a3b-instruct-awq-b200	PT	Q4_PT	2	132	1843	2548	1882	510	637	574	377	471	424	887	1108	998	16384	assumed_from_config_default	15747	15874	2048	2048	FALSE	Q4
282	qwen3-30b-a3b-instruct-awq-b200	PT	Q4_PT	3	132	1843	2548	1882	510	637	574	377	471	424	887	1108	998	16384	assumed_from_config_default	15747	15874	2048	2048	FALSE	Q4
283	qwen3-30b-a3b-instruct-awq-b200	PT	Q5_PT	1	106	1824	2503	1747	501	626	564	350	437	394	851	1063	958	16384	assumed_from_config_default	15758	15883	2048	2048	FALSE	Q5
284	qwen3-30b-a3b-instruct-awq-b200	PT	Q5_PT	2	106	1824	2503	2232	501	626	564	447	558	502	948	1184	1066	16384	assumed_from_config_default	15758	15883	2048	2048	FALSE	Q5
285	qwen3-30b-a3b-instruct-awq-b200	PT	Q5_PT	3	106	1824	2503	2232	501	626	564	447	558	502	948	1184	1066	16384	assumed_from_config_default	15758	15883	2048	2048	FALSE	Q5
286	qwen3-30b-a3b-instruct-awq-b200	RO	Q1_RO	1	136	1887	2596	1933	520	649	584	387	484	436	907	1133	1020	16384	assumed_from_config_default	15735	15864	2048	2048	FALSE	Q1
287	qwen3-30b-a3b-instruct-awq-b200	RO	Q1_RO	2	136	1887	2596	1932	520	649	584	387	483	435	907	1132	1019	16384	assumed_from_config_default	15735	15864	2048	2048	FALSE	Q1
288	qwen3-30b-a3b-instruct-awq-b200	RO	Q1_RO	3	136	1887	2596	1896	520	649	584	380	474	427	900	1123	1011	16384	assumed_from_config_default	15735	15864	2048	2048	FALSE	Q1
289	qwen3-30b-a3b-instruct-awq-b200	RO	Q2_RO	1	85	1862	2520	1635	504	630	567	327	409	368	831	1039	935	16384	assumed_from_config_default	15754	15880	2048	2048	FALSE	Q2
290	qwen3-30b-a3b-instruct-awq-b200	RO	Q2_RO	2	85	1862	2520	1613	504	630	567	323	404	364	827	1034	931	16384	assumed_from_config_default	15754	15880	2048	2048	FALSE	Q2
291	qwen3-30b-a3b-instruct-awq-b200	RO	Q2_RO	3	85	1862	2520	1823	504	630	567	365	456	410	869	1086	977	16384	assumed_from_config_default	15754	15880	2048	2048	FALSE	Q2
292	qwen3-30b-a3b-instruct-awq-b200	RO	Q3_RO	1	115	1901	2589	1801	518	648	583	361	451	406	879	1099	989	16384	assumed_from_config_default	15736	15866	2048	2048	FALSE	Q3
293	qwen3-30b-a3b-instruct-awq-b200	RO	Q3_RO	2	115	1901	2589	2290	518	648	583	458	573	516	976	1221	1099	16384	assumed_from_config_default	15736	15866	2048	2048	FALSE	Q3
294	qwen3-30b-a3b-instruct-awq-b200	RO	Q3_RO	3	115	1901	2589	2348	518	648	583	470	587	528	988	1235	1111	16384	assumed_from_config_default	15736	15866	2048	2048	FALSE	Q3
295	qwen3-30b-a3b-instruct-awq-b200	RO	Q4_RO	1	111	1843	2527	1907	506	632	569	382	477	430	888	1109	999	16384	assumed_from_config_default	15752	15878	2048	2048	FALSE	Q4
296	qwen3-30b-a3b-instruct-awq-b200	RO	Q4_RO	2	111	1843	2527	1786	506	632	569	358	447	402	864	1079	971	16384	assumed_from_config_default	15752	15878	2048	2048	FALSE	Q4
297	qwen3-30b-a3b-instruct-awq-b200	RO	Q4_RO	3	111	1843	2527	2016	506	632	569	404	504	454	910	1136	1023	16384	assumed_from_config_default	15752	15878	2048	2048	FALSE	Q4
298	qwen3-30b-a3b-instruct-awq-b200	RO	Q5_RO	1	111	1824	2508	1632	502	627	564	327	408	368	829	1035	932	16384	assumed_from_config_default	15757	15882	2048	2048	FALSE	Q5
299	qwen3-30b-a3b-instruct-awq-b200	RO	Q5_RO	2	111	1824	2508	2139	502	627	564	428	535	482	930	1162	1046	16384	assumed_from_config_default	15757	15882	2048	2048	FALSE	Q5
300	qwen3-30b-a3b-instruct-awq-b200	RO	Q5_RO	3	111	1824	2508	1610	502	627	564	322	403	362	824	1030	926	16384	assumed_from_config_default	15757	15882	2048	2048	FALSE	Q5
301	qwen3-30b-a3b-instruct-awq-b200	SK	Q1_SK	1	110	1887	2570	2010	514	643	578	402	503	452	916	1146	1030	16384	assumed_from_config_default	15741	15870	2048	2048	FALSE	Q1
302	qwen3-30b-a3b-instruct-awq-b200	SK	Q1_SK	2	110	1887	2570	1593	514	643	578	319	399	359	833	1042	937	16384	assumed_from_config_default	15741	15870	2048	2048	FALSE	Q1
303	qwen3-30b-a3b-instruct-awq-b200	SK	Q1_SK	3	110	1887	2570	2080	514	643	578	416	520	468	930	1163	1046	16384	assumed_from_config_default	15741	15870	2048	2048	FALSE	Q1
304	qwen3-30b-a3b-instruct-awq-b200	SK	Q2_SK	1	93	1862	2528	2219	506	632	569	444	555	500	950	1187	1069	16384	assumed_from_config_default	15752	15878	2048	2048	FALSE	Q2
305	qwen3-30b-a3b-instruct-awq-b200	SK	Q2_SK	2	93	1862	2528	2201	506	632	569	441	551	496	947	1183	1065	16384	assumed_from_config_default	15752	15878	2048	2048	FALSE	Q2
306	qwen3-30b-a3b-instruct-awq-b200	SK	Q2_SK	3	93	1862	2528	2224	506	632	569	445	556	500	951	1188	1069	16384	assumed_from_config_default	15752	15878	2048	2048	FALSE	Q2
307	qwen3-30b-a3b-instruct-awq-b200	SK	Q3_SK	1	97	1901	2571	1795	515	643	579	359	449	404	874	1092	983	16384	assumed_from_config_default	15741	15869	2048	2048	FALSE	Q3
308	qwen3-30b-a3b-instruct-awq-b200	SK	Q3_SK	2	97	1901	2571	1713	515	643	579	343	429	386	858	1072	965	16384	assumed_from_config_default	15741	15869	2048	2048	FALSE	Q3
309	qwen3-30b-a3b-instruct-awq-b200	SK	Q3_SK	3	97	1901	2571	1731	515	643	579	347	433	390	862	1076	969	16384	assumed_from_config_default	15741	15869	2048	2048	FALSE	Q3
310	qwen3-30b-a3b-instruct-awq-b200	SK	Q4_SK	1	118	1843	2534	2113	507	634	570	423	529	476	930	1163	1046	16384	assumed_from_config_default	15750	15877	2048	2048	FALSE	Q4
311	qwen3-30b-a3b-instruct-awq-b200	SK	Q4_SK	2	118	1843	2534	1625	507	634	570	325	407	366	832	1041	936	16384	assumed_from_config_default	15750	15877	2048	2048	FALSE	Q4
312	qwen3-30b-a3b-instruct-awq-b200	SK	Q4_SK	3	118	1843	2534	1925	507	634	570	385	482	434	892	1116	1004	16384	assumed_from_config_default	15750	15877	2048	2048	FALSE	Q4
313	qwen3-30b-a3b-instruct-awq-b200	SK	Q5_SK	1	113	1824	2510	2064	502	628	565	413	516	464	915	1144	1029	16384	assumed_from_config_default	15756	15882	2048	2048	FALSE	Q5
314	qwen3-30b-a3b-instruct-awq-b200	SK	Q5_SK	2	113	1824	2510	1759	502	628	565	352	440	396	854	1068	961	16384	assumed_from_config_default	15756	15882	2048	2048	FALSE	Q5
315	qwen3-30b-a3b-instruct-awq-b200	SK	Q5_SK	3	113	1824	2510	1759	502	628	565	352	440	396	854	1068	961	16384	assumed_from_config_default	15756	15882	2048	2048	FALSE	Q5
316	qwen3-30b-a3b-instruct-awq-b200	SL	Q1_SL	1	108	1887	2568	1632	514	642	578	327	408	368	841	1050	946	16384	assumed_from_config_default	15742	15870	2048	2048	FALSE	Q1
317	qwen3-30b-a3b-instruct-awq-b200	SL	Q1_SL	2	108	1887	2568	1887	514	642	578	378	472	425	892	1114	1003	16384	assumed_from_config_default	15742	15870	2048	2048	FALSE	Q1
318	qwen3-30b-a3b-instruct-awq-b200	SL	Q1_SL	3	108	1887	2568	1887	514	642	578	378	472	425	892	1114	1003	16384	assumed_from_config_default	15742	15870	2048	2048	FALSE	Q1
319	qwen3-30b-a3b-instruct-awq-b200	SL	Q2_SL	1	86	1862	2521	1673	505	631	568	335	419	377	840	1050	945	16384	assumed_from_config_default	15753	15879	2048	2048	FALSE	Q2
320	qwen3-30b-a3b-instruct-awq-b200	SL	Q2_SL	2	86	1862	2521	1561	505	631	568	313	391	352	818	1022	920	16384	assumed_from_config_default	15753	15879	2048	2048	FALSE	Q2
321	qwen3-30b-a3b-instruct-awq-b200	SL	Q2_SL	3	86	1862	2521	1736	505	631	568	348	434	391	853	1065	959	16384	assumed_from_config_default	15753	15879	2048	2048	FALSE	Q2
322	qwen3-30b-a3b-instruct-awq-b200	SL	Q3_SL	1	105	1901	2579	2242	516	645	580	449	561	505	965	1206	1085	16384	assumed_from_config_default	15739	15868	2048	2048	FALSE	Q3
323	qwen3-30b-a3b-instruct-awq-b200	SL	Q3_SL	2	105	1901	2579	2312	516	645	580	463	578	520	979	1223	1100	16384	assumed_from_config_default	15739	15868	2048	2048	FALSE	Q3
324	qwen3-30b-a3b-instruct-awq-b200	SL	Q3_SL	3	105	1901	2579	2350	516	645	580	470	588	529	986	1233	1109	16384	assumed_from_config_default	15739	15868	2048	2048	FALSE	Q3
325	qwen3-30b-a3b-instruct-awq-b200	SL	Q4_SL	1	94	1843	2510	1921	502	628	565	385	481	433	887	1109	998	16384	assumed_from_config_default	15756	15882	2048	2048	FALSE	Q4
326	qwen3-30b-a3b-instruct-awq-b200	SL	Q4_SL	2	94	1843	2510	1838	502	628	565	368	460	414	870	1088	979	16384	assumed_from_config_default	15756	15882	2048	2048	FALSE	Q4
327	qwen3-30b-a3b-instruct-awq-b200	SL	Q4_SL	3	94	1843	2510	1838	502	628	565	368	460	414	870	1088	979	16384	assumed_from_config_default	15756	15882	2048	2048	FALSE	Q4
328	qwen3-30b-a3b-instruct-awq-b200	SL	Q5_SL	1	107	1824	2504	2048	501	626	564	410	512	461	911	1138	1025	16384	assumed_from_config_default	15758	15883	2048	2048	FALSE	Q5
329	qwen3-30b-a3b-instruct-awq-b200	SL	Q5_SL	2	107	1824	2504	1725	501	626	564	345	432	388	846	1058	952	16384	assumed_from_config_default	15758	15883	2048	2048	FALSE	Q5
330	qwen3-30b-a3b-instruct-awq-b200	SL	Q5_SL	3	107	1824	2504	1725	501	626	564	345	432	388	846	1058	952	16384	assumed_from_config_default	15758	15883	2048	2048	FALSE	Q5
331	qwen3-30b-a3b-instruct-awq-b200	ES	Q1_ES	1	138	1887	2598	2322	520	650	585	465	581	523	985	1231	1108	16384	assumed_from_config_default	15734	15864	2048	2048	FALSE	Q1
332	qwen3-30b-a3b-instruct-awq-b200	ES	Q1_ES	2	138	1887	2598	2129	520	650	585	426	533	480	946	1183	1065	16384	assumed_from_config_default	15734	15864	2048	2048	FALSE	Q1
333	qwen3-30b-a3b-instruct-awq-b200	ES	Q1_ES	3	138	1887	2598	2129	520	650	585	426	533	480	946	1183	1065	16384	assumed_from_config_default	15734	15864	2048	2048	FALSE	Q1
334	qwen3-30b-a3b-instruct-awq-b200	ES	Q2_ES	1	93	1862	2528	1783	506	632	569	357	446	402	863	1078	971	16384	assumed_from_config_default	15752	15878	2048	2048	FALSE	Q2
335	qwen3-30b-a3b-instruct-awq-b200	ES	Q2_ES	2	93	1862	2528	1973	506	632	569	395	494	444	901	1126	1013	16384	assumed_from_config_default	15752	15878	2048	2048	FALSE	Q2
336	qwen3-30b-a3b-instruct-awq-b200	ES	Q2_ES	3	93	1862	2528	1783	506	632	569	357	446	402	863	1078	971	16384	assumed_from_config_default	15752	15878	2048	2048	FALSE	Q2
337	qwen3-30b-a3b-instruct-awq-b200	ES	Q3_ES	1	103	1901	2577	2111	516	645	580	423	528	476	939	1173	1056	16384	assumed_from_config_default	15739	15868	2048	2048	FALSE	Q3
338	qwen3-30b-a3b-instruct-awq-b200	ES	Q3_ES	2	103	1901	2577	2079	516	645	580	416	520	468	932	1165	1048	16384	assumed_from_config_default	15739	15868	2048	2048	FALSE	Q3
339	qwen3-30b-a3b-instruct-awq-b200	ES	Q3_ES	3	103	1901	2577	2079	516	645	580	416	520	468	932	1165	1048	16384	assumed_from_config_default	15739	15868	2048	2048	FALSE	Q3
340	qwen3-30b-a3b-instruct-awq-b200	ES	Q4_ES	1	134	1843	2550	2319	510	638	574	464	580	522	974	1218	1096	16384	assumed_from_config_default	15746	15874	2048	2048	FALSE	Q4
341	qwen3-30b-a3b-instruct-awq-b200	ES	Q4_ES	2	134	1843	2550	2346	510	638	574	470	587	528	980	1225	1102	16384	assumed_from_config_default	15746	15874	2048	2048	FALSE	Q4
342	qwen3-30b-a3b-instruct-awq-b200	ES	Q4_ES	3	134	1843	2550	2346	510	638	574	470	587	528	980	1225	1102	16384	assumed_from_config_default	15746	15874	2048	2048	FALSE	Q4
343	qwen3-30b-a3b-instruct-awq-b200	ES	Q5_ES	1	110	1824	2507	1641	502	627	564	329	411	370	831	1038	934	16384	assumed_from_config_default	15757	15882	2048	2048	FALSE	Q5
344	qwen3-30b-a3b-instruct-awq-b200	ES	Q5_ES	2	110	1824	2507	1778	502	627	564	356	445	400	858	1072	964	16384	assumed_from_config_default	15757	15882	2048	2048	FALSE	Q5
345	qwen3-30b-a3b-instruct-awq-b200	ES	Q5_ES	3	110	1824	2507	2016	502	627	564	404	504	454	906	1131	1018	16384	assumed_from_config_default	15757	15882	2048	2048	FALSE	Q5
346	qwen3-30b-a3b-instruct-awq-b200	SV	Q1_SV	1	137	1887	2597	2328	520	650	585	466	582	524	986	1232	1109	16384	assumed_from_config_default	15734	15864	2048	2048	FALSE	Q1
347	qwen3-30b-a3b-instruct-awq-b200	SV	Q1_SV	2	137	1887	2597	2274	520	650	585	455	569	512	975	1219	1097	16384	assumed_from_config_default	15734	15864	2048	2048	FALSE	Q1
348	qwen3-30b-a3b-instruct-awq-b200	SV	Q1_SV	3	137	1887	2597	2277	520	650	585	456	570	513	976	1220	1098	16384	assumed_from_config_default	15734	15864	2048	2048	FALSE	Q1
349	qwen3-30b-a3b-instruct-awq-b200	SV	Q2_SV	1	82	1862	2517	1982	504	630	567	397	496	446	901	1126	1013	16384	assumed_from_config_default	15754	15880	2048	2048	FALSE	Q2
350	qwen3-30b-a3b-instruct-awq-b200	SV	Q2_SV	2	82	1862	2517	2234	504	630	567	447	559	503	951	1189	1070	16384	assumed_from_config_default	15754	15880	2048	2048	FALSE	Q2
351	qwen3-30b-a3b-instruct-awq-b200	SV	Q2_SV	3	82	1862	2517	2189	504	630	567	438	548	493	942	1178	1060	16384	assumed_from_config_default	15754	15880	2048	2048	FALSE	Q2
352	qwen3-30b-a3b-instruct-awq-b200	SV	Q3_SV	1	98	1901	2572	1941	515	643	579	389	486	438	904	1129	1017	16384	assumed_from_config_default	15741	15869	2048	2048	FALSE	Q3
353	qwen3-30b-a3b-instruct-awq-b200	SV	Q3_SV	2	98	1901	2572	1917	515	643	579	384	480	432	899	1123	1011	16384	assumed_from_config_default	15741	15869	2048	2048	FALSE	Q3
354	qwen3-30b-a3b-instruct-awq-b200	SV	Q3_SV	3	98	1901	2572	1917	515	643	579	384	480	432	899	1123	1011	16384	assumed_from_config_default	15741	15869	2048	2048	FALSE	Q3
355	qwen3-30b-a3b-instruct-awq-b200	SV	Q4_SV	1	103	1843	2519	1581	504	630	567	317	396	356	821	1026	923	16384	assumed_from_config_default	15754	15880	2048	2048	FALSE	Q4
356	qwen3-30b-a3b-instruct-awq-b200	SV	Q4_SV	2	103	1843	2519	1601	504	630	567	321	401	361	825	1031	928	16384	assumed_from_config_default	15754	15880	2048	2048	FALSE	Q4
357	qwen3-30b-a3b-instruct-awq-b200	SV	Q4_SV	3	103	1843	2519	1568	504	630	567	314	392	353	818	1022	920	16384	assumed_from_config_default	15754	15880	2048	2048	FALSE	Q4
358	qwen3-30b-a3b-instruct-awq-b200	SV	Q5_SV	1	109	1824	2506	1765	502	627	564	353	442	398	855	1069	962	16384	assumed_from_config_default	15757	15882	2048	2048	FALSE	Q5
359	qwen3-30b-a3b-instruct-awq-b200	SV	Q5_SV	2	109	1824	2506	1911	502	627	564	383	478	430	885	1105	994	16384	assumed_from_config_default	15757	15882	2048	2048	FALSE	Q5
360	qwen3-30b-a3b-instruct-awq-b200	SV	Q5_SV	3	109	1824	2506	1770	502	627	564	354	443	398	856	1070	962	16384	assumed_from_config_default	15757	15882	2048	2048	FALSE	Q5
361	deepseek-r1-distill-qwen-32b-b200	BG	Q1_BG	1	124	1887	2584	3006	517	646	582	602	752	677	1119	1398	1259	16384	assumed_from_config_default	15738	15867	2048	2048	FALSE	Q1
362	deepseek-r1-distill-qwen-32b-b200	BG	Q1_BG	2	124	1887	2584	2983	517	646	582	597	746	672	1114	1392	1254	16384	assumed_from_config_default	15738	15867	2048	2048	FALSE	Q1
363	deepseek-r1-distill-qwen-32b-b200	BG	Q1_BG	3	124	1887	2584	2983	517	646	582	597	746	672	1114	1392	1254	16384	assumed_from_config_default	15738	15867	2048	2048	FALSE	Q1
364	deepseek-r1-distill-qwen-32b-b200	BG	Q2_BG	1	99	1862	2534	3789	507	634	570	758	948	853	1265	1582	1423	16384	assumed_from_config_default	15750	15877	2048	2048	FALSE	Q2
365	deepseek-r1-distill-qwen-32b-b200	BG	Q2_BG	2	99	1862	2534	3789	507	634	570	758	948	853	1265	1582	1423	16384	assumed_from_config_default	15750	15877	2048	2048	FALSE	Q2
366	deepseek-r1-distill-qwen-32b-b200	BG	Q2_BG	3	99	1862	2534	3789	507	634	570	758	948	853	1265	1582	1423	16384	assumed_from_config_default	15750	15877	2048	2048	FALSE	Q2
367	deepseek-r1-distill-qwen-32b-b200	BG	Q3_BG	1	109	1901	2583	3622	517	646	582	725	906	816	1242	1552	1398	16384	assumed_from_config_default	15738	15867	2048	2048	FALSE	Q3
368	deepseek-r1-distill-qwen-32b-b200	BG	Q3_BG	2	109	1901	2583	3680	517	646	582	736	920	828	1253	1566	1410	16384	assumed_from_config_default	15738	15867	2048	2048	FALSE	Q3
369	deepseek-r1-distill-qwen-32b-b200	BG	Q3_BG	3	109	1901	2583	3680	517	646	582	736	920	828	1253	1566	1410	16384	assumed_from_config_default	15738	15867	2048	2048	FALSE	Q3
370	deepseek-r1-distill-qwen-32b-b200	BG	Q4_BG	1	106	1843	2522	3207	505	631	568	642	802	722	1147	1433	1290	16384	assumed_from_config_default	15753	15879	2048	2048	FALSE	Q4
371	deepseek-r1-distill-qwen-32b-b200	BG	Q4_BG	2	106	1843	2522	3207	505	631	568	642	802	722	1147	1433	1290	16384	assumed_from_config_default	15753	15879	2048	2048	FALSE	Q4
372	deepseek-r1-distill-qwen-32b-b200	BG	Q4_BG	3	106	1843	2522	3207	505	631	568	642	802	722	1147	1433	1290	16384	assumed_from_config_default	15753	15879	2048	2048	FALSE	Q4
373	deepseek-r1-distill-qwen-32b-b200	BG	Q5_BG	1	113	1824	2510	3299	502	628	565	660	825	742	1162	1453	1307	16384	assumed_from_config_default	15756	15882	2048	2048	FALSE	Q5
374	deepseek-r1-distill-qwen-32b-b200	BG	Q5_BG	2	113	1824	2510	3280	502	628	565	656	820	738	1158	1448	1303	16384	assumed_from_config_default	15756	15882	2048	2048	FALSE	Q5
375	deepseek-r1-distill-qwen-32b-b200	BG	Q5_BG	3	113	1824	2510	3280	502	628	565	656	820	738	1158	1448	1303	16384	assumed_from_config_default	15756	15882	2048	2048	FALSE	Q5
376	deepseek-r1-distill-qwen-32b-b200	HR	Q1_HR	1	114	1887	2574	3881	515	644	580	777	971	874	1292	1615	1454	16384	assumed_from_config_default	15740	15869	2048	2048	FALSE	Q1
377	deepseek-r1-distill-qwen-32b-b200	HR	Q1_HR	2	114	1887	2574	3881	515	644	580	777	971	874	1292	1615	1454	16384	assumed_from_config_default	15740	15869	2048	2048	FALSE	Q1
378	deepseek-r1-distill-qwen-32b-b200	HR	Q1_HR	3	114	1887	2574	3881	515	644	580	777	971	874	1292	1615	1454	16384	assumed_from_config_default	15740	15869	2048	2048	FALSE	Q1
379	deepseek-r1-distill-qwen-32b-b200	HR	Q2_HR	1	104	1862	2539	3397	508	635	572	680	850	765	1188	1485	1337	16384	assumed_from_config_default	15749	15876	2048	2048	FALSE	Q2
380	deepseek-r1-distill-qwen-32b-b200	HR	Q2_HR	2	104	1862	2539	3397	508	635	572	680	850	765	1188	1485	1337	16384	assumed_from_config_default	15749	15876	2048	2048	FALSE	Q2
381	deepseek-r1-distill-qwen-32b-b200	HR	Q2_HR	3	104	1862	2539	3397	508	635	572	680	850	765	1188	1485	1337	16384	assumed_from_config_default	15749	15876	2048	2048	FALSE	Q2
382	deepseek-r1-distill-qwen-32b-b200	HR	Q3_HR	1	90	1901	2564	4309	513	641	577	862	1078	970	1375	1719	1547	16384	assumed_from_config_default	15743	15871	2048	2048	FALSE	Q3
383	deepseek-r1-distill-qwen-32b-b200	HR	Q3_HR	2	90	1901	2564	4309	513	641	577	862	1078	970	1375	1719	1547	16384	assumed_from_config_default	15743	15871	2048	2048	FALSE	Q3
384	deepseek-r1-distill-qwen-32b-b200	HR	Q3_HR	3	90	1901	2564	4309	513	641	577	862	1078	970	1375	1719	1547	16384	assumed_from_config_default	15743	15871	2048	2048	FALSE	Q3
385	deepseek-r1-distill-qwen-32b-b200	HR	Q4_HR	1	105	1843	2521	3888	505	631	568	778	972	875	1283	1603	1443	16384	assumed_from_config_default	15753	15879	2048	2048	FALSE	Q4
386	deepseek-r1-distill-qwen-32b-b200	HR	Q4_HR	2	105	1843	2521	3888	505	631	568	778	972	875	1283	1603	1443	16384	assumed_from_config_default	15753	15879	2048	2048	FALSE	Q4
387	deepseek-r1-distill-qwen-32b-b200	HR	Q4_HR	3	105	1843	2521	3888	505	631	568	778	972	875	1283	1603	1443	16384	assumed_from_config_default	15753	15879	2048	2048	FALSE	Q4
388	deepseek-r1-distill-qwen-32b-b200	HR	Q5_HR	1	109	1824	2506	3190	502	627	564	638	798	718	1140	1425	1282	16384	assumed_from_config_default	15757	15882	2048	2048	FALSE	Q5
389	deepseek-r1-distill-qwen-32b-b200	HR	Q5_HR	2	109	1824	2506	3190	502	627	564	638	798	718	1140	1425	1282	16384	assumed_from_config_default	15757	15882	2048	2048	FALSE	Q5
390	deepseek-r1-distill-qwen-32b-b200	HR	Q5_HR	3	109	1824	2506	3190	502	627	564	638	798	718	1140	1425	1282	16384	assumed_from_config_default	15757	15882	2048	2048	FALSE	Q5
391	deepseek-r1-distill-qwen-32b-b200	CS	Q1_CS	1	111	1887	2571	3925	515	643	579	785	982	884	1300	1625	1463	16384	assumed_from_config_default	15741	15869	2048	2048	FALSE	Q1
392	deepseek-r1-distill-qwen-32b-b200	CS	Q1_CS	2	111	1887	2571	3925	515	643	579	785	982	884	1300	1625	1463	16384	assumed_from_config_default	15741	15869	2048	2048	FALSE	Q1
393	deepseek-r1-distill-qwen-32b-b200	CS	Q1_CS	3	111	1887	2571	3925	515	643	579	785	982	884	1300	1625	1463	16384	assumed_from_config_default	15741	15869	2048	2048	FALSE	Q1
394	deepseek-r1-distill-qwen-32b-b200	CS	Q2_CS	1	92	1862	2527	3757	506	632	569	752	940	846	1258	1572	1415	16384	assumed_from_config_default	15752	15878	2048	2048	FALSE	Q2
395	deepseek-r1-distill-qwen-32b-b200	CS	Q2_CS	2	92	1862	2527	3757	506	632	569	752	940	846	1258	1572	1415	16384	assumed_from_config_default	15752	15878	2048	2048	FALSE	Q2
396	deepseek-r1-distill-qwen-32b-b200	CS	Q2_CS	3	92	1862	2527	3757	506	632	569	752	940	846	1258	1572	1415	16384	assumed_from_config_default	15752	15878	2048	2048	FALSE	Q2
397	deepseek-r1-distill-qwen-32b-b200	CS	Q3_CS	1	87	1901	2561	4536	513	641	577	908	1134	1021	1421	1775	1598	16384	assumed_from_config_default	15743	15871	2048	2048	FALSE	Q3
398	deepseek-r1-distill-qwen-32b-b200	CS	Q3_CS	2	87	1901	2561	4148	513	641	577	830	1037	934	1343	1678	1511	16384	assumed_from_config_default	15743	15871	2048	2048	FALSE	Q3
399	deepseek-r1-distill-qwen-32b-b200	CS	Q3_CS	3	87	1901	2561	4148	513	641	577	830	1037	934	1343	1678	1511	16384	assumed_from_config_default	15743	15871	2048	2048	FALSE	Q3
400	deepseek-r1-distill-qwen-32b-b200	CS	Q4_CS	1	106	1843	2522	3642	505	631	568	729	911	820	1234	1542	1388	16384	assumed_from_config_default	15753	15879	2048	2048	FALSE	Q4
401	deepseek-r1-distill-qwen-32b-b200	CS	Q4_CS	2	106	1843	2522	3573	505	631	568	715	894	804	1220	1525	1372	16384	assumed_from_config_default	15753	15879	2048	2048	FALSE	Q4
402	deepseek-r1-distill-qwen-32b-b200	CS	Q4_CS	3	106	1843	2522	3573	505	631	568	715	894	804	1220	1525	1372	16384	assumed_from_config_default	15753	15879	2048	2048	FALSE	Q4
403	deepseek-r1-distill-qwen-32b-b200	CS	Q5_CS	1	100	1824	2497	3617	500	625	562	724	905	814	1224	1530	1376	16384	assumed_from_config_default	15759	15884	2048	2048	FALSE	Q5
404	deepseek-r1-distill-qwen-32b-b200	CS	Q5_CS	2	100	1824	2497	3696	500	625	562	740	924	832	1240	1549	1394	16384	assumed_from_config_default	15759	15884	2048	2048	FALSE	Q5
405	deepseek-r1-distill-qwen-32b-b200	CS	Q5_CS	3	100	1824	2497	3696	500	625	562	740	924	832	1240	1549	1394	16384	assumed_from_config_default	15759	15884	2048	2048	FALSE	Q5
406	deepseek-r1-distill-qwen-32b-b200	DA	Q1_DA	1	134	1887	2594	4844	519	649	584	969	1211	1090	1488	1860	1674	16384	assumed_from_config_default	15735	15865	2048	2048	FALSE	Q1
407	deepseek-r1-distill-qwen-32b-b200	DA	Q1_DA	2	134	1887	2594	4835	519	649	584	967	1209	1088	1486	1858	1672	16384	assumed_from_config_default	15735	15865	2048	2048	FALSE	Q1
408	deepseek-r1-distill-qwen-32b-b200	DA	Q1_DA	3	134	1887	2594	4835	519	649	584	967	1209	1088	1486	1858	1672	16384	assumed_from_config_default	15735	15865	2048	2048	FALSE	Q1
409	deepseek-r1-distill-qwen-32b-b200	DA	Q2_DA	1	93	1862	2528	3861	506	632	569	773	966	870	1279	1598	1439	16384	assumed_from_config_default	15752	15878	2048	2048	FALSE	Q2
410	deepseek-r1-distill-qwen-32b-b200	DA	Q2_DA	2	93	1862	2528	3861	506	632	569	773	966	870	1279	1598	1439	16384	assumed_from_config_default	15752	15878	2048	2048	FALSE	Q2
411	deepseek-r1-distill-qwen-32b-b200	DA	Q2_DA	3	93	1862	2528	3861	506	632	569	773	966	870	1279	1598	1439	16384	assumed_from_config_default	15752	15878	2048	2048	FALSE	Q2
412	deepseek-r1-distill-qwen-32b-b200	DA	Q3_DA	1	98	1901	2572	4162	515	643	579	833	1041	937	1348	1684	1516	16384	assumed_from_config_default	15741	15869	2048	2048	FALSE	Q3
413	deepseek-r1-distill-qwen-32b-b200	DA	Q3_DA	2	98	1901	2572	4162	515	643	579	833	1041	937	1348	1684	1516	16384	assumed_from_config_default	15741	15869	2048	2048	FALSE	Q3
414	deepseek-r1-distill-qwen-32b-b200	DA	Q3_DA	3	98	1901	2572	4162	515	643	579	833	1041	937	1348	1684	1516	16384	assumed_from_config_default	15741	15869	2048	2048	FALSE	Q3
415	deepseek-r1-distill-qwen-32b-b200	DA	Q4_DA	1	106	1843	2522	5153	505	631	568	1031	1289	1160	1536	1920	1728	16384	assumed_from_config_default	15753	15879	2048	2048	FALSE	Q4
416	deepseek-r1-distill-qwen-32b-b200	DA	Q4_DA	2	106	1843	2522	5153	505	631	568	1031	1289	1160	1536	1920	1728	16384	assumed_from_config_default	15753	15879	2048	2048	FALSE	Q4
417	deepseek-r1-distill-qwen-32b-b200	DA	Q4_DA	3	106	1843	2522	5153	505	631	568	1031	1289	1160	1536	1920	1728	16384	assumed_from_config_default	15753	15879	2048	2048	FALSE	Q4
418	deepseek-r1-distill-qwen-32b-b200	DA	Q5_DA	1	107	1824	2504	3624	501	626	564	725	906	816	1226	1532	1380	16384	assumed_from_config_default	15758	15883	2048	2048	FALSE	Q5
419	deepseek-r1-distill-qwen-32b-b200	DA	Q5_DA	2	107	1824	2504	3624	501	626	564	725	906	816	1226	1532	1380	16384	assumed_from_config_default	15758	15883	2048	2048	FALSE	Q5
420	deepseek-r1-distill-qwen-32b-b200	DA	Q5_DA	3	107	1824	2504	3624	501	626	564	725	906	816	1226	1532	1380	16384	assumed_from_config_default	15758	15883	2048	2048	FALSE	Q5
421	deepseek-r1-distill-qwen-32b-b200	NL	Q1_NL	1	139	1887	2599	4163	520	650	585	833	1041	937	1353	1691	1522	16384	assumed_from_config_default	15734	15864	2048	2048	FALSE	Q1
422	deepseek-r1-distill-qwen-32b-b200	NL	Q1_NL	2	139	1887	2599	3807	520	650	585	762	952	857	1282	1602	1442	16384	assumed_from_config_default	15734	15864	2048	2048	FALSE	Q1
423	deepseek-r1-distill-qwen-32b-b200	NL	Q1_NL	3	139	1887	2599	3807	520	650	585	762	952	857	1282	1602	1442	16384	assumed_from_config_default	15734	15864	2048	2048	FALSE	Q1
424	deepseek-r1-distill-qwen-32b-b200	NL	Q2_NL	1	92	1862	2527	3686	506	632	569	738	922	830	1244	1554	1399	16384	assumed_from_config_default	15752	15878	2048	2048	FALSE	Q2
425	deepseek-r1-distill-qwen-32b-b200	NL	Q2_NL	2	92	1862	2527	3686	506	632	569	738	922	830	1244	1554	1399	16384	assumed_from_config_default	15752	15878	2048	2048	FALSE	Q2
426	deepseek-r1-distill-qwen-32b-b200	NL	Q2_NL	3	92	1862	2527	3686	506	632	569	738	922	830	1244	1554	1399	16384	assumed_from_config_default	15752	15878	2048	2048	FALSE	Q2
427	deepseek-r1-distill-qwen-32b-b200	NL	Q3_NL	1	120	1901	2594	4897	519	649	584	980	1225	1102	1499	1874	1686	16384	assumed_from_config_default	15735	15865	2048	2048	FALSE	Q3
428	deepseek-r1-distill-qwen-32b-b200	NL	Q3_NL	2	120	1901	2594	4897	519	649	584	980	1225	1102	1499	1874	1686	16384	assumed_from_config_default	15735	15865	2048	2048	FALSE	Q3
429	deepseek-r1-distill-qwen-32b-b200	NL	Q3_NL	3	120	1901	2594	4897	519	649	584	980	1225	1102	1499	1874	1686	16384	assumed_from_config_default	15735	15865	2048	2048	FALSE	Q3
430	deepseek-r1-distill-qwen-32b-b200	NL	Q4_NL	1	111	1843	2527	4599	506	632	569	920	1150	1035	1426	1782	1604	16384	assumed_from_config_default	15752	15878	2048	2048	FALSE	Q4
431	deepseek-r1-distill-qwen-32b-b200	NL	Q4_NL	2	111	1843	2527	4599	506	632	569	920	1150	1035	1426	1782	1604	16384	assumed_from_config_default	15752	15878	2048	2048	FALSE	Q4
432	deepseek-r1-distill-qwen-32b-b200	NL	Q4_NL	3	111	1843	2527	4599	506	632	569	920	1150	1035	1426	1782	1604	16384	assumed_from_config_default	15752	15878	2048	2048	FALSE	Q4
433	deepseek-r1-distill-qwen-32b-b200	NL	Q5_NL	1	92	1824	2489	3597	498	623	560	720	900	810	1218	1523	1370	16384	assumed_from_config_default	15761	15886	2048	2048	FALSE	Q5
434	deepseek-r1-distill-qwen-32b-b200	NL	Q5_NL	2	92	1824	2489	3597	498	623	560	720	900	810	1218	1523	1370	16384	assumed_from_config_default	15761	15886	2048	2048	FALSE	Q5
435	deepseek-r1-distill-qwen-32b-b200	NL	Q5_NL	3	92	1824	2489	3597	498	623	560	720	900	810	1218	1523	1370	16384	assumed_from_config_default	15761	15886	2048	2048	FALSE	Q5
436	deepseek-r1-distill-qwen-32b-b200	EN	Q1_EN	1	126	1887	2586	5244	518	647	582	1049	1311	1180	1567	1958	1762	16384	assumed_from_config_default	15737	15866	2048	2048	FALSE	Q1
437	deepseek-r1-distill-qwen-32b-b200	EN	Q1_EN	2	126	1887	2586	5244	518	647	582	1049	1311	1180	1567	1958	1762	16384	assumed_from_config_default	15737	15866	2048	2048	FALSE	Q1
438	deepseek-r1-distill-qwen-32b-b200	EN	Q1_EN	3	126	1887	2586	5244	518	647	582	1049	1311	1180	1567	1958	1762	16384	assumed_from_config_default	15737	15866	2048	2048	FALSE	Q1
439	deepseek-r1-distill-qwen-32b-b200	EN	Q2_EN	1	77	1862	2512	4568	503	628	566	914	1142	1028	1417	1770	1594	16384	assumed_from_config_default	15756	15881	2048	2048	FALSE	Q2
440	deepseek-r1-distill-qwen-32b-b200	EN	Q2_EN	2	77	1862	2512	4618	503	628	566	924	1155	1040	1427	1783	1606	16384	assumed_from_config_default	15756	15881	2048	2048	FALSE	Q2
441	deepseek-r1-distill-qwen-32b-b200	EN	Q2_EN	3	77	1862	2512	4618	503	628	566	924	1155	1040	1427	1783	1606	16384	assumed_from_config_default	15756	15881	2048	2048	FALSE	Q2
442	deepseek-r1-distill-qwen-32b-b200	EN	Q3_EN	1	101	1901	2575	4357	515	644	580	872	1090	981	1387	1734	1561	16384	assumed_from_config_default	15740	15869	2048	2048	FALSE	Q3
443	deepseek-r1-distill-qwen-32b-b200	EN	Q3_EN	2	101	1901	2575	4357	515	644	580	872	1090	981	1387	1734	1561	16384	assumed_from_config_default	15740	15869	2048	2048	FALSE	Q3
444	deepseek-r1-distill-qwen-32b-b200	EN	Q3_EN	3	101	1901	2575	4357	515	644	580	872	1090	981	1387	1734	1561	16384	assumed_from_config_default	15740	15869	2048	2048	FALSE	Q3
445	deepseek-r1-distill-qwen-32b-b200	EN	Q4_EN	1	95	1843	2511	3516	503	628	566	704	879	792	1207	1507	1358	16384	assumed_from_config_default	15756	15881	2048	2048	FALSE	Q4
446	deepseek-r1-distill-qwen-32b-b200	EN	Q4_EN	2	95	1843	2511	3673	503	628	566	735	919	827	1238	1547	1393	16384	assumed_from_config_default	15756	15881	2048	2048	FALSE	Q4
447	deepseek-r1-distill-qwen-32b-b200	EN	Q4_EN	3	95	1843	2511	3673	503	628	566	735	919	827	1238	1547	1393	16384	assumed_from_config_default	15756	15881	2048	2048	FALSE	Q4
448	deepseek-r1-distill-qwen-32b-b200	EN	Q5_EN	1	88	1824	2485	4199	497	622	560	840	1050	945	1337	1672	1505	16384	assumed_from_config_default	15762	15887	2048	2048	FALSE	Q5
449	deepseek-r1-distill-qwen-32b-b200	EN	Q5_EN	2	88	1824	2485	4199	497	622	560	840	1050	945	1337	1672	1505	16384	assumed_from_config_default	15762	15887	2048	2048	FALSE	Q5
450	deepseek-r1-distill-qwen-32b-b200	EN	Q5_EN	3	88	1824	2485	4199	497	622	560	840	1050	945	1337	1672	1505	16384	assumed_from_config_default	15762	15887	2048	2048	FALSE	Q5
451	deepseek-r1-distill-qwen-32b-b200	ET	Q1_ET	1	124	1887	2584	3737	517	646	582	748	935	842	1265	1581	1424	16384	assumed_from_config_default	15738	15867	2048	2048	FALSE	Q1
452	deepseek-r1-distill-qwen-32b-b200	ET	Q1_ET	2	124	1887	2584	3752	517	646	582	751	938	844	1268	1584	1426	16384	assumed_from_config_default	15738	15867	2048	2048	FALSE	Q1
453	deepseek-r1-distill-qwen-32b-b200	ET	Q1_ET	3	124	1887	2584	3752	517	646	582	751	938	844	1268	1584	1426	16384	assumed_from_config_default	15738	15867	2048	2048	FALSE	Q1
454	deepseek-r1-distill-qwen-32b-b200	ET	Q2_ET	1	96	1862	2531	3793	507	633	570	759	949	854	1266	1582	1424	16384	assumed_from_config_default	15751	15877	2048	2048	FALSE	Q2
455	deepseek-r1-distill-qwen-32b-b200	ET	Q2_ET	2	96	1862	2531	3900	507	633	570	780	975	878	1287	1608	1448	16384	assumed_from_config_default	15751	15877	2048	2048	FALSE	Q2
456	deepseek-r1-distill-qwen-32b-b200	ET	Q2_ET	3	96	1862	2531	3900	507	633	570	780	975	878	1287	1608	1448	16384	assumed_from_config_default	15751	15877	2048	2048	FALSE	Q2
457	deepseek-r1-distill-qwen-32b-b200	ET	Q3_ET	1	81	1901	2555	4577	511	639	575	916	1145	1030	1427	1784	1605	16384	assumed_from_config_default	15745	15873	2048	2048	FALSE	Q3
458	deepseek-r1-distill-qwen-32b-b200	ET	Q3_ET	2	81	1901	2555	4577	511	639	575	916	1145	1030	1427	1784	1605	16384	assumed_from_config_default	15745	15873	2048	2048	FALSE	Q3
459	deepseek-r1-distill-qwen-32b-b200	ET	Q3_ET	3	81	1901	2555	4577	511	639	575	916	1145	1030	1427	1784	1605	16384	assumed_from_config_default	15745	15873	2048	2048	FALSE	Q3
460	deepseek-r1-distill-qwen-32b-b200	ET	Q4_ET	1	105	1843	2521	3510	505	631	568	702	878	790	1207	1509	1358	16384	assumed_from_config_default	15753	15879	2048	2048	FALSE	Q4
461	deepseek-r1-distill-qwen-32b-b200	ET	Q4_ET	2	105	1843	2521	3510	505	631	568	702	878	790	1207	1509	1358	16384	assumed_from_config_default	15753	15879	2048	2048	FALSE	Q4
462	deepseek-r1-distill-qwen-32b-b200	ET	Q4_ET	3	105	1843	2521	3510	505	631	568	702	878	790	1207	1509	1358	16384	assumed_from_config_default	15753	15879	2048	2048	FALSE	Q4
463	deepseek-r1-distill-qwen-32b-b200	ET	Q5_ET	1	93	1824	2490	3886	498	623	560	778	972	875	1276	1595	1435	16384	assumed_from_config_default	15761	15886	2048	2048	FALSE	Q5
464	deepseek-r1-distill-qwen-32b-b200	ET	Q5_ET	2	93	1824	2490	3886	498	623	560	778	972	875	1276	1595	1435	16384	assumed_from_config_default	15761	15886	2048	2048	FALSE	Q5
465	deepseek-r1-distill-qwen-32b-b200	ET	Q5_ET	3	93	1824	2490	3886	498	623	560	778	972	875	1276	1595	1435	16384	assumed_from_config_default	15761	15886	2048	2048	FALSE	Q5
466	deepseek-r1-distill-qwen-32b-b200	FI	Q1_FI	1	133	1887	2593	4329	519	649	584	866	1083	974	1385	1732	1558	16384	assumed_from_config_default	15735	15865	2048	2048	FALSE	Q1
467	deepseek-r1-distill-qwen-32b-b200	FI	Q1_FI	2	133	1887	2593	4304	519	649	584	861	1076	968	1380	1725	1552	16384	assumed_from_config_default	15735	15865	2048	2048	FALSE	Q1
468	deepseek-r1-distill-qwen-32b-b200	FI	Q1_FI	3	133	1887	2593	4304	519	649	584	861	1076	968	1380	1725	1552	16384	assumed_from_config_default	15735	15865	2048	2048	FALSE	Q1
469	deepseek-r1-distill-qwen-32b-b200	FI	Q2_FI	1	100	1862	2535	3242	507	634	570	649	811	730	1156	1445	1300	16384	assumed_from_config_default	15750	15877	2048	2048	FALSE	Q2
470	deepseek-r1-distill-qwen-32b-b200	FI	Q2_FI	2	100	1862	2535	3686	507	634	570	738	922	830	1245	1556	1400	16384	assumed_from_config_default	15750	15877	2048	2048	FALSE	Q2
471	deepseek-r1-distill-qwen-32b-b200	FI	Q2_FI	3	100	1862	2535	3686	507	634	570	738	922	830	1245	1556	1400	16384	assumed_from_config_default	15750	15877	2048	2048	FALSE	Q2
472	deepseek-r1-distill-qwen-32b-b200	FI	Q3_FI	1	94	1901	2568	4032	514	642	578	807	1008	908	1321	1650	1486	16384	assumed_from_config_default	15742	15870	2048	2048	FALSE	Q3
473	deepseek-r1-distill-qwen-32b-b200	FI	Q3_FI	2	94	1901	2568	4032	514	642	578	807	1008	908	1321	1650	1486	16384	assumed_from_config_default	15742	15870	2048	2048	FALSE	Q3
474	deepseek-r1-distill-qwen-32b-b200	FI	Q3_FI	3	94	1901	2568	4032	514	642	578	807	1008	908	1321	1650	1486	16384	assumed_from_config_default	15742	15870	2048	2048	FALSE	Q3
475	deepseek-r1-distill-qwen-32b-b200	FI	Q4_FI	1	101	1843	2517	3775	504	630	567	755	944	850	1259	1574	1417	16384	assumed_from_config_default	15754	15880	2048	2048	FALSE	Q4
476	deepseek-r1-distill-qwen-32b-b200	FI	Q4_FI	2	101	1843	2517	3775	504	630	567	755	944	850	1259	1574	1417	16384	assumed_from_config_default	15754	15880	2048	2048	FALSE	Q4
477	deepseek-r1-distill-qwen-32b-b200	FI	Q4_FI	3	101	1843	2517	3775	504	630	567	755	944	850	1259	1574	1417	16384	assumed_from_config_default	15754	15880	2048	2048	FALSE	Q4
478	deepseek-r1-distill-qwen-32b-b200	FI	Q5_FI	1	91	1824	2488	3438	498	622	560	688	860	774	1186	1482	1334	16384	assumed_from_config_default	15762	15886	2048	2048	FALSE	Q5
479	deepseek-r1-distill-qwen-32b-b200	FI	Q5_FI	2	91	1824	2488	3438	498	622	560	688	860	774	1186	1482	1334	16384	assumed_from_config_default	15762	15886	2048	2048	FALSE	Q5
480	deepseek-r1-distill-qwen-32b-b200	FI	Q5_FI	3	91	1824	2488	3438	498	622	560	688	860	774	1186	1482	1334	16384	assumed_from_config_default	15762	15886	2048	2048	FALSE	Q5
481	deepseek-r1-distill-qwen-32b-b200	FR	Q1_FR	1	159	1887	2619	4320	524	655	590	864	1080	972	1388	1735	1562	16384	assumed_from_config_default	15729	15860	2048	2048	FALSE	Q1
482	deepseek-r1-distill-qwen-32b-b200	FR	Q1_FR	2	159	1887	2619	4330	524	655	590	866	1083	974	1390	1738	1564	16384	assumed_from_config_default	15729	15860	2048	2048	FALSE	Q1
483	deepseek-r1-distill-qwen-32b-b200	FR	Q1_FR	3	159	1887	2619	4330	524	655	590	866	1083	974	1390	1738	1564	16384	assumed_from_config_default	15729	15860	2048	2048	FALSE	Q1
484	deepseek-r1-distill-qwen-32b-b200	FR	Q2_FR	1	99	1862	2534	3199	507	634	570	640	800	720	1147	1434	1290	16384	assumed_from_config_default	15750	15877	2048	2048	FALSE	Q2
485	deepseek-r1-distill-qwen-32b-b200	FR	Q2_FR	2	99	1862	2534	3199	507	634	570	640	800	720	1147	1434	1290	16384	assumed_from_config_default	15750	15877	2048	2048	FALSE	Q2
486	deepseek-r1-distill-qwen-32b-b200	FR	Q2_FR	3	99	1862	2534	3199	507	634	570	640	800	720	1147	1434	1290	16384	assumed_from_config_default	15750	15877	2048	2048	FALSE	Q2
487	deepseek-r1-distill-qwen-32b-b200	FR	Q3_FR	1	127	1901	2601	4396	521	651	586	880	1099	990	1401	1750	1576	16384	assumed_from_config_default	15733	15863	2048	2048	FALSE	Q3
488	deepseek-r1-distill-qwen-32b-b200	FR	Q3_FR	2	127	1901	2601	4396	521	651	586	880	1099	990	1401	1750	1576	16384	assumed_from_config_default	15733	15863	2048	2048	FALSE	Q3
489	deepseek-r1-distill-qwen-32b-b200	FR	Q3_FR	3	127	1901	2601	4396	521	651	586	880	1099	990	1401	1750	1576	16384	assumed_from_config_default	15733	15863	2048	2048	FALSE	Q3
490	deepseek-r1-distill-qwen-32b-b200	FR	Q4_FR	1	125	1843	2541	4362	509	636	572	873	1091	982	1382	1727	1554	16384	assumed_from_config_default	15748	15875	2048	2048	FALSE	Q4
491	deepseek-r1-distill-qwen-32b-b200	FR	Q4_FR	2	125	1843	2541	4362	509	636	572	873	1091	982	1382	1727	1554	16384	assumed_from_config_default	15748	15875	2048	2048	FALSE	Q4
492	deepseek-r1-distill-qwen-32b-b200	FR	Q4_FR	3	125	1843	2541	4362	509	636	572	873	1091	982	1382	1727	1554	16384	assumed_from_config_default	15748	15875	2048	2048	FALSE	Q4
493	deepseek-r1-distill-qwen-32b-b200	FR	Q5_FR	1	112	1824	2509	3713	502	628	565	743	929	836	1245	1557	1401	16384	assumed_from_config_default	15756	15882	2048	2048	FALSE	Q5
494	deepseek-r1-distill-qwen-32b-b200	FR	Q5_FR	2	112	1824	2509	3903	502	628	565	781	976	878	1283	1604	1443	16384	assumed_from_config_default	15756	15882	2048	2048	FALSE	Q5
495	deepseek-r1-distill-qwen-32b-b200	FR	Q5_FR	3	112	1824	2509	3903	502	628	565	781	976	878	1283	1604	1443	16384	assumed_from_config_default	15756	15882	2048	2048	FALSE	Q5
496	deepseek-r1-distill-qwen-32b-b200	DE	Q1_DE	1	133	1887	2593	3970	519	649	584	794	993	894	1313	1642	1478	16384	assumed_from_config_default	15735	15865	2048	2048	FALSE	Q1
497	deepseek-r1-distill-qwen-32b-b200	DE	Q1_DE	2	133	1887	2593	3970	519	649	584	794	993	894	1313	1642	1478	16384	assumed_from_config_default	15735	15865	2048	2048	FALSE	Q1
498	deepseek-r1-distill-qwen-32b-b200	DE	Q1_DE	3	133	1887	2593	3970	519	649	584	794	993	894	1313	1642	1478	16384	assumed_from_config_default	15735	15865	2048	2048	FALSE	Q1
499	deepseek-r1-distill-qwen-32b-b200	DE	Q2_DE	1	103	1862	2538	3877	508	635	572	776	970	873	1284	1605	1445	16384	assumed_from_config_default	15749	15876	2048	2048	FALSE	Q2
500	deepseek-r1-distill-qwen-32b-b200	DE	Q2_DE	2	103	1862	2538	4035	508	635	572	807	1009	908	1315	1644	1480	16384	assumed_from_config_default	15749	15876	2048	2048	FALSE	Q2
501	deepseek-r1-distill-qwen-32b-b200	DE	Q2_DE	3	103	1862	2538	4035	508	635	572	807	1009	908	1315	1644	1480	16384	assumed_from_config_default	15749	15876	2048	2048	FALSE	Q2
502	deepseek-r1-distill-qwen-32b-b200	DE	Q3_DE	1	107	1901	2581	4263	517	646	582	853	1066	960	1370	1712	1542	16384	assumed_from_config_default	15738	15867	2048	2048	FALSE	Q3
503	deepseek-r1-distill-qwen-32b-b200	DE	Q3_DE	2	107	1901	2581	4263	517	646	582	853	1066	960	1370	1712	1542	16384	assumed_from_config_default	15738	15867	2048	2048	FALSE	Q3
504	deepseek-r1-distill-qwen-32b-b200	DE	Q3_DE	3	107	1901	2581	4263	517	646	582	853	1066	960	1370	1712	1542	16384	assumed_from_config_default	15738	15867	2048	2048	FALSE	Q3
505	deepseek-r1-distill-qwen-32b-b200	DE	Q4_DE	1	111	1843	2527	3840	506	632	569	768	960	864	1274	1592	1433	16384	assumed_from_config_default	15752	15878	2048	2048	FALSE	Q4
506	deepseek-r1-distill-qwen-32b-b200	DE	Q4_DE	2	111	1843	2527	3399	506	632	569	680	850	765	1186	1482	1334	16384	assumed_from_config_default	15752	15878	2048	2048	FALSE	Q4
507	deepseek-r1-distill-qwen-32b-b200	DE	Q4_DE	3	111	1843	2527	3399	506	632	569	680	850	765	1186	1482	1334	16384	assumed_from_config_default	15752	15878	2048	2048	FALSE	Q4
508	deepseek-r1-distill-qwen-32b-b200	DE	Q5_DE	1	94	1824	2491	4410	499	623	561	882	1103	992	1381	1726	1553	16384	assumed_from_config_default	15761	15885	2048	2048	FALSE	Q5
509	deepseek-r1-distill-qwen-32b-b200	DE	Q5_DE	2	94	1824	2491	4410	499	623	561	882	1103	992	1381	1726	1553	16384	assumed_from_config_default	15761	15885	2048	2048	FALSE	Q5
510	deepseek-r1-distill-qwen-32b-b200	DE	Q5_DE	3	94	1824	2491	4410	499	623	561	882	1103	992	1381	1726	1553	16384	assumed_from_config_default	15761	15885	2048	2048	FALSE	Q5
511	deepseek-r1-distill-qwen-32b-b200	EL	Q1_EL	1	129	1887	2589	4524	518	648	583	905	1131	1018	1423	1779	1601	16384	assumed_from_config_default	15736	15866	2048	2048	FALSE	Q1
512	deepseek-r1-distill-qwen-32b-b200	EL	Q1_EL	2	129	1887	2589	4036	518	648	583	808	1009	908	1326	1657	1491	16384	assumed_from_config_default	15736	15866	2048	2048	FALSE	Q1
513	deepseek-r1-distill-qwen-32b-b200	EL	Q1_EL	3	129	1887	2589	4036	518	648	583	808	1009	908	1326	1657	1491	16384	assumed_from_config_default	15736	15866	2048	2048	FALSE	Q1
514	deepseek-r1-distill-qwen-32b-b200	EL	Q2_EL	1	96	1862	2531	3864	507	633	570	773	966	870	1280	1599	1440	16384	assumed_from_config_default	15751	15877	2048	2048	FALSE	Q2
515	deepseek-r1-distill-qwen-32b-b200	EL	Q2_EL	2	96	1862	2531	3864	507	633	570	773	966	870	1280	1599	1440	16384	assumed_from_config_default	15751	15877	2048	2048	FALSE	Q2
516	deepseek-r1-distill-qwen-32b-b200	EL	Q2_EL	3	96	1862	2531	3864	507	633	570	773	966	870	1280	1599	1440	16384	assumed_from_config_default	15751	15877	2048	2048	FALSE	Q2
517	deepseek-r1-distill-qwen-32b-b200	EL	Q3_EL	1	120	1901	2594	4237	519	649	584	848	1060	954	1367	1709	1538	16384	assumed_from_config_default	15735	15865	2048	2048	FALSE	Q3
518	deepseek-r1-distill-qwen-32b-b200	EL	Q3_EL	2	120	1901	2594	4255	519	649	584	851	1064	958	1370	1713	1542	16384	assumed_from_config_default	15735	15865	2048	2048	FALSE	Q3
519	deepseek-r1-distill-qwen-32b-b200	EL	Q3_EL	3	120	1901	2594	4255	519	649	584	851	1064	958	1370	1713	1542	16384	assumed_from_config_default	15735	15865	2048	2048	FALSE	Q3
520	deepseek-r1-distill-qwen-32b-b200	EL	Q4_EL	1	115	1843	2531	2811	507	633	570	563	703	633	1070	1336	1203	16384	assumed_from_config_default	15751	15877	2048	2048	FALSE	Q4
521	deepseek-r1-distill-qwen-32b-b200	EL	Q4_EL	2	115	1843	2531	2811	507	633	570	563	703	633	1070	1336	1203	16384	assumed_from_config_default	15751	15877	2048	2048	FALSE	Q4
522	deepseek-r1-distill-qwen-32b-b200	EL	Q4_EL	3	115	1843	2531	2811	507	633	570	563	703	633	1070	1336	1203	16384	assumed_from_config_default	15751	15877	2048	2048	FALSE	Q4
523	deepseek-r1-distill-qwen-32b-b200	EL	Q5_EL	1	126	1824	2523	3775	505	631	568	755	944	850	1260	1575	1418	16384	assumed_from_config_default	15753	15879	2048	2048	FALSE	Q5
524	deepseek-r1-distill-qwen-32b-b200	EL	Q5_EL	2	126	1824	2523	3920	505	631	568	784	980	882	1289	1611	1450	16384	assumed_from_config_default	15753	15879	2048	2048	FALSE	Q5
525	deepseek-r1-distill-qwen-32b-b200	EL	Q5_EL	3	126	1824	2523	3920	505	631	568	784	980	882	1289	1611	1450	16384	assumed_from_config_default	15753	15879	2048	2048	FALSE	Q5
526	deepseek-r1-distill-qwen-32b-b200	HU	Q1_HU	1	122	1887	2582	3900	517	646	582	780	975	878	1297	1621	1460	16384	assumed_from_config_default	15738	15867	2048	2048	FALSE	Q1
527	deepseek-r1-distill-qwen-32b-b200	HU	Q1_HU	2	122	1887	2582	3532	517	646	582	707	883	795	1224	1529	1377	16384	assumed_from_config_default	15738	15867	2048	2048	FALSE	Q1
528	deepseek-r1-distill-qwen-32b-b200	HU	Q1_HU	3	122	1887	2582	3532	517	646	582	707	883	795	1224	1529	1377	16384	assumed_from_config_default	15738	15867	2048	2048	FALSE	Q1
529	deepseek-r1-distill-qwen-32b-b200	HU	Q2_HU	1	98	1862	2533	3423	507	634	570	685	856	770	1192	1490	1340	16384	assumed_from_config_default	15750	15877	2048	2048	FALSE	Q2
530	deepseek-r1-distill-qwen-32b-b200	HU	Q2_HU	2	98	1862	2533	3423	507	634	570	685	856	770	1192	1490	1340	16384	assumed_from_config_default	15750	15877	2048	2048	FALSE	Q2
531	deepseek-r1-distill-qwen-32b-b200	HU	Q2_HU	3	98	1862	2533	3423	507	634	570	685	856	770	1192	1490	1340	16384	assumed_from_config_default	15750	15877	2048	2048	FALSE	Q2
532	deepseek-r1-distill-qwen-32b-b200	HU	Q3_HU	1	107	1901	2581	3872	517	646	582	775	968	872	1292	1614	1454	16384	assumed_from_config_default	15738	15867	2048	2048	FALSE	Q3
533	deepseek-r1-distill-qwen-32b-b200	HU	Q3_HU	2	107	1901	2581	4862	517	646	582	973	1216	1094	1490	1862	1676	16384	assumed_from_config_default	15738	15867	2048	2048	FALSE	Q3
534	deepseek-r1-distill-qwen-32b-b200	HU	Q3_HU	3	107	1901	2581	4862	517	646	582	973	1216	1094	1490	1862	1676	16384	assumed_from_config_default	15738	15867	2048	2048	FALSE	Q3
535	deepseek-r1-distill-qwen-32b-b200	HU	Q4_HU	1	126	1843	2542	3910	509	636	572	782	978	880	1291	1614	1452	16384	assumed_from_config_default	15748	15875	2048	2048	FALSE	Q4
536	deepseek-r1-distill-qwen-32b-b200	HU	Q4_HU	2	126	1843	2542	3852	509	636	572	771	963	867	1280	1599	1439	16384	assumed_from_config_default	15748	15875	2048	2048	FALSE	Q4
537	deepseek-r1-distill-qwen-32b-b200	HU	Q4_HU	3	126	1843	2542	3852	509	636	572	771	963	867	1280	1599	1439	16384	assumed_from_config_default	15748	15875	2048	2048	FALSE	Q4
538	deepseek-r1-distill-qwen-32b-b200	HU	Q5_HU	1	107	1824	2504	3222	501	626	564	645	806	726	1146	1432	1290	16384	assumed_from_config_default	15758	15883	2048	2048	FALSE	Q5
539	deepseek-r1-distill-qwen-32b-b200	HU	Q5_HU	2	107	1824	2504	3173	501	626	564	635	794	714	1136	1420	1278	16384	assumed_from_config_default	15758	15883	2048	2048	FALSE	Q5
540	deepseek-r1-distill-qwen-32b-b200	HU	Q5_HU	3	107	1824	2504	3173	501	626	564	635	794	714	1136	1420	1278	16384	assumed_from_config_default	15758	15883	2048	2048	FALSE	Q5
541	deepseek-r1-distill-qwen-32b-b200	GA	Q1_GA	1	135	1887	2595	3812	519	649	584	763	953	858	1282	1602	1442	16384	assumed_from_config_default	15735	15865	2048	2048	FALSE	Q1
542	deepseek-r1-distill-qwen-32b-b200	GA	Q1_GA	2	135	1887	2595	3812	519	649	584	763	953	858	1282	1602	1442	16384	assumed_from_config_default	15735	15865	2048	2048	FALSE	Q1
543	deepseek-r1-distill-qwen-32b-b200	GA	Q1_GA	3	135	1887	2595	3812	519	649	584	763	953	858	1282	1602	1442	16384	assumed_from_config_default	15735	15865	2048	2048	FALSE	Q1
544	deepseek-r1-distill-qwen-32b-b200	GA	Q2_GA	1	99	1862	2534	5907	507	634	570	1182	1477	1330	1689	2111	1900	16384	assumed_from_config_default	15750	15877	2048	2048	FALSE	Q2
545	deepseek-r1-distill-qwen-32b-b200	GA	Q2_GA	2	99	1862	2534	5907	507	634	570	1182	1477	1330	1689	2111	1900	16384	assumed_from_config_default	15750	15877	2048	2048	FALSE	Q2
546	deepseek-r1-distill-qwen-32b-b200	GA	Q2_GA	3	99	1862	2534	5907	507	634	570	1182	1477	1330	1689	2111	1900	16384	assumed_from_config_default	15750	15877	2048	2048	FALSE	Q2
547	deepseek-r1-distill-qwen-32b-b200	GA	Q3_GA	1	101	1901	2575	5724	515	644	580	1145	1431	1288	1660	2075	1868	16384	assumed_from_config_default	15740	15869	2048	2048	FALSE	Q3
548	deepseek-r1-distill-qwen-32b-b200	GA	Q3_GA	2	101	1901	2575	6059	515	644	580	1212	1515	1364	1727	2159	1944	16384	assumed_from_config_default	15740	15869	2048	2048	FALSE	Q3
549	deepseek-r1-distill-qwen-32b-b200	GA	Q3_GA	3	101	1901	2575	6059	515	644	580	1212	1515	1364	1727	2159	1944	16384	assumed_from_config_default	15740	15869	2048	2048	FALSE	Q3
550	deepseek-r1-distill-qwen-32b-b200	GA	Q4_GA	1	98	1843	2514	6401	503	629	566	1281	1601	1441	1784	2230	2007	16384	assumed_from_config_default	15755	15881	2048	2048	FALSE	Q4
551	deepseek-r1-distill-qwen-32b-b200	GA	Q4_GA	2	98	1843	2514	6401	503	629	566	1281	1601	1441	1784	2230	2007	16384	assumed_from_config_default	15755	15881	2048	2048	FALSE	Q4
552	deepseek-r1-distill-qwen-32b-b200	GA	Q4_GA	3	98	1843	2514	6401	503	629	566	1281	1601	1441	1784	2230	2007	16384	assumed_from_config_default	15755	15881	2048	2048	FALSE	Q4
553	deepseek-r1-distill-qwen-32b-b200	GA	Q5_GA	1	129	1824	2526	4250	506	632	569	850	1063	956	1356	1695	1525	16384	assumed_from_config_default	15752	15878	2048	2048	FALSE	Q5
554	deepseek-r1-distill-qwen-32b-b200	GA	Q5_GA	2	129	1824	2526	4250	506	632	569	850	1063	956	1356	1695	1525	16384	assumed_from_config_default	15752	15878	2048	2048	FALSE	Q5
555	deepseek-r1-distill-qwen-32b-b200	GA	Q5_GA	3	129	1824	2526	4250	506	632	569	850	1063	956	1356	1695	1525	16384	assumed_from_config_default	15752	15878	2048	2048	FALSE	Q5
556	deepseek-r1-distill-qwen-32b-b200	IT	Q1_IT	1	126	1887	2586	3536	518	647	582	708	884	796	1226	1531	1378	16384	assumed_from_config_default	15737	15866	2048	2048	FALSE	Q1
557	deepseek-r1-distill-qwen-32b-b200	IT	Q1_IT	2	126	1887	2586	3536	518	647	582	708	884	796	1226	1531	1378	16384	assumed_from_config_default	15737	15866	2048	2048	FALSE	Q1
558	deepseek-r1-distill-qwen-32b-b200	IT	Q1_IT	3	126	1887	2586	3536	518	647	582	708	884	796	1226	1531	1378	16384	assumed_from_config_default	15737	15866	2048	2048	FALSE	Q1
559	deepseek-r1-distill-qwen-32b-b200	IT	Q2_IT	1	94	1862	2529	3934	506	633	570	787	984	886	1293	1617	1456	16384	assumed_from_config_default	15751	15878	2048	2048	FALSE	Q2
560	deepseek-r1-distill-qwen-32b-b200	IT	Q2_IT	2	94	1862	2529	4035	506	633	570	807	1009	908	1313	1642	1478	16384	assumed_from_config_default	15751	15878	2048	2048	FALSE	Q2
561	deepseek-r1-distill-qwen-32b-b200	IT	Q2_IT	3	94	1862	2529	4035	506	633	570	807	1009	908	1313	1642	1478	16384	assumed_from_config_default	15751	15878	2048	2048	FALSE	Q2
562	deepseek-r1-distill-qwen-32b-b200	IT	Q3_IT	1	107	1901	2581	5347	517	646	582	1070	1337	1204	1587	1983	1786	16384	assumed_from_config_default	15738	15867	2048	2048	FALSE	Q3
563	deepseek-r1-distill-qwen-32b-b200	IT	Q3_IT	2	107	1901	2581	4753	517	646	582	951	1189	1070	1468	1835	1652	16384	assumed_from_config_default	15738	15867	2048	2048	FALSE	Q3
564	deepseek-r1-distill-qwen-32b-b200	IT	Q3_IT	3	107	1901	2581	4753	517	646	582	951	1189	1070	1468	1835	1652	16384	assumed_from_config_default	15738	15867	2048	2048	FALSE	Q3
565	deepseek-r1-distill-qwen-32b-b200	IT	Q4_IT	1	122	1843	2538	4135	508	635	572	827	1034	930	1335	1669	1502	16384	assumed_from_config_default	15749	15876	2048	2048	FALSE	Q4
566	deepseek-r1-distill-qwen-32b-b200	IT	Q4_IT	2	122	1843	2538	4135	508	635	572	827	1034	930	1335	1669	1502	16384	assumed_from_config_default	15749	15876	2048	2048	FALSE	Q4
567	deepseek-r1-distill-qwen-32b-b200	IT	Q4_IT	3	122	1843	2538	4135	508	635	572	827	1034	930	1335	1669	1502	16384	assumed_from_config_default	15749	15876	2048	2048	FALSE	Q4
568	deepseek-r1-distill-qwen-32b-b200	IT	Q5_IT	1	103	1824	2500	3680	500	625	562	736	920	828	1236	1545	1390	16384	assumed_from_config_default	15759	15884	2048	2048	FALSE	Q5
569	deepseek-r1-distill-qwen-32b-b200	IT	Q5_IT	2	103	1824	2500	3680	500	625	562	736	920	828	1236	1545	1390	16384	assumed_from_config_default	15759	15884	2048	2048	FALSE	Q5
570	deepseek-r1-distill-qwen-32b-b200	IT	Q5_IT	3	103	1824	2500	3680	500	625	562	736	920	828	1236	1545	1390	16384	assumed_from_config_default	15759	15884	2048	2048	FALSE	Q5
571	deepseek-r1-distill-qwen-32b-b200	LV	Q1_LV	1	116	1887	2576	4692	516	644	580	939	1173	1056	1455	1817	1636	16384	assumed_from_config_default	15740	15868	2048	2048	FALSE	Q1
572	deepseek-r1-distill-qwen-32b-b200	LV	Q1_LV	2	116	1887	2576	4314	516	644	580	863	1079	971	1379	1723	1551	16384	assumed_from_config_default	15740	15868	2048	2048	FALSE	Q1
573	deepseek-r1-distill-qwen-32b-b200	LV	Q1_LV	3	116	1887	2576	4314	516	644	580	863	1079	971	1379	1723	1551	16384	assumed_from_config_default	15740	15868	2048	2048	FALSE	Q1
574	deepseek-r1-distill-qwen-32b-b200	LV	Q2_LV	1	92	1862	2527	5275	506	632	569	1055	1319	1187	1561	1951	1756	16384	assumed_from_config_default	15752	15878	2048	2048	FALSE	Q2
575	deepseek-r1-distill-qwen-32b-b200	LV	Q2_LV	2	92	1862	2527	5278	506	632	569	1056	1320	1188	1562	1952	1757	16384	assumed_from_config_default	15752	15878	2048	2048	FALSE	Q2
576	deepseek-r1-distill-qwen-32b-b200	LV	Q2_LV	3	92	1862	2527	5278	506	632	569	1056	1320	1188	1562	1952	1757	16384	assumed_from_config_default	15752	15878	2048	2048	FALSE	Q2
577	deepseek-r1-distill-qwen-32b-b200	LV	Q3_LV	1	96	1901	2570	3618	514	643	578	724	905	814	1238	1548	1392	16384	assumed_from_config_default	15741	15870	2048	2048	FALSE	Q3
578	deepseek-r1-distill-qwen-32b-b200	LV	Q3_LV	2	96	1901	2570	3618	514	643	578	724	905	814	1238	1548	1392	16384	assumed_from_config_default	15741	15870	2048	2048	FALSE	Q3
579	deepseek-r1-distill-qwen-32b-b200	LV	Q3_LV	3	96	1901	2570	3618	514	643	578	724	905	814	1238	1548	1392	16384	assumed_from_config_default	15741	15870	2048	2048	FALSE	Q3
580	deepseek-r1-distill-qwen-32b-b200	LV	Q4_LV	1	106	1843	2522	3968	505	631	568	794	992	893	1299	1623	1461	16384	assumed_from_config_default	15753	15879	2048	2048	FALSE	Q4
581	deepseek-r1-distill-qwen-32b-b200	LV	Q4_LV	2	106	1843	2522	3954	505	631	568	791	989	890	1296	1620	1458	16384	assumed_from_config_default	15753	15879	2048	2048	FALSE	Q4
582	deepseek-r1-distill-qwen-32b-b200	LV	Q4_LV	3	106	1843	2522	3954	505	631	568	791	989	890	1296	1620	1458	16384	assumed_from_config_default	15753	15879	2048	2048	FALSE	Q4
583	deepseek-r1-distill-qwen-32b-b200	LV	Q5_LV	1	103	1824	2500	2956	500	625	562	592	739	666	1092	1364	1228	16384	assumed_from_config_default	15759	15884	2048	2048	FALSE	Q5
584	deepseek-r1-distill-qwen-32b-b200	LV	Q5_LV	2	103	1824	2500	3371	500	625	562	675	843	759	1175	1468	1321	16384	assumed_from_config_default	15759	15884	2048	2048	FALSE	Q5
585	deepseek-r1-distill-qwen-32b-b200	LV	Q5_LV	3	103	1824	2500	3371	500	625	562	675	843	759	1175	1468	1321	16384	assumed_from_config_default	15759	15884	2048	2048	FALSE	Q5
586	deepseek-r1-distill-qwen-32b-b200	LT	Q1_LT	1	128	1887	2588	3578	518	647	582	716	895	806	1234	1542	1388	16384	assumed_from_config_default	15737	15866	2048	2048	FALSE	Q1
587	deepseek-r1-distill-qwen-32b-b200	LT	Q1_LT	2	128	1887	2588	3627	518	647	582	726	907	816	1244	1554	1398	16384	assumed_from_config_default	15737	15866	2048	2048	FALSE	Q1
588	deepseek-r1-distill-qwen-32b-b200	LT	Q1_LT	3	128	1887	2588	3627	518	647	582	726	907	816	1244	1554	1398	16384	assumed_from_config_default	15737	15866	2048	2048	FALSE	Q1
589	deepseek-r1-distill-qwen-32b-b200	LT	Q2_LT	1	91	1862	2526	3993	506	632	569	799	999	899	1305	1631	1468	16384	assumed_from_config_default	15752	15878	2048	2048	FALSE	Q2
590	deepseek-r1-distill-qwen-32b-b200	LT	Q2_LT	2	91	1862	2526	3993	506	632	569	799	999	899	1305	1631	1468	16384	assumed_from_config_default	15752	15878	2048	2048	FALSE	Q2
591	deepseek-r1-distill-qwen-32b-b200	LT	Q2_LT	3	91	1862	2526	3993	506	632	569	799	999	899	1305	1631	1468	16384	assumed_from_config_default	15752	15878	2048	2048	FALSE	Q2
592	deepseek-r1-distill-qwen-32b-b200	LT	Q3_LT	1	98	1901	2572	5514	515	643	579	1103	1379	1241	1618	2022	1820	16384	assumed_from_config_default	15741	15869	2048	2048	FALSE	Q3
593	deepseek-r1-distill-qwen-32b-b200	LT	Q3_LT	2	98	1901	2572	5489	515	643	579	1098	1373	1236	1613	2016	1815	16384	assumed_from_config_default	15741	15869	2048	2048	FALSE	Q3
594	deepseek-r1-distill-qwen-32b-b200	LT	Q3_LT	3	98	1901	2572	5489	515	643	579	1098	1373	1236	1613	2016	1815	16384	assumed_from_config_default	15741	15869	2048	2048	FALSE	Q3
595	deepseek-r1-distill-qwen-32b-b200	LT	Q4_LT	1	103	1843	2519	4117	504	630	567	824	1030	927	1328	1660	1494	16384	assumed_from_config_default	15754	15880	2048	2048	FALSE	Q4
596	deepseek-r1-distill-qwen-32b-b200	LT	Q4_LT	2	103	1843	2519	4117	504	630	567	824	1030	927	1328	1660	1494	16384	assumed_from_config_default	15754	15880	2048	2048	FALSE	Q4
597	deepseek-r1-distill-qwen-32b-b200	LT	Q4_LT	3	103	1843	2519	4117	504	630	567	824	1030	927	1328	1660	1494	16384	assumed_from_config_default	15754	15880	2048	2048	FALSE	Q4
598	deepseek-r1-distill-qwen-32b-b200	LT	Q5_LT	1	103	1824	2500	4110	500	625	562	822	1028	925	1322	1653	1487	16384	assumed_from_config_default	15759	15884	2048	2048	FALSE	Q5
599	deepseek-r1-distill-qwen-32b-b200	LT	Q5_LT	2	103	1824	2500	4110	500	625	562	822	1028	925	1322	1653	1487	16384	assumed_from_config_default	15759	15884	2048	2048	FALSE	Q5
600	deepseek-r1-distill-qwen-32b-b200	LT	Q5_LT	3	103	1824	2500	4110	500	625	562	822	1028	925	1322	1653	1487	16384	assumed_from_config_default	15759	15884	2048	2048	FALSE	Q5
601	deepseek-r1-distill-qwen-32b-b200	MT	Q1_MT	1	132	1887	2592	4317	519	648	584	864	1080	972	1383	1728	1556	16384	assumed_from_config_default	15736	15865	2048	2048	FALSE	Q1
602	deepseek-r1-distill-qwen-32b-b200	MT	Q1_MT	2	132	1887	2592	4304	519	648	584	861	1076	968	1380	1724	1552	16384	assumed_from_config_default	15736	15865	2048	2048	FALSE	Q1
603	deepseek-r1-distill-qwen-32b-b200	MT	Q1_MT	3	132	1887	2592	4304	519	648	584	861	1076	968	1380	1724	1552	16384	assumed_from_config_default	15736	15865	2048	2048	FALSE	Q1
604	deepseek-r1-distill-qwen-32b-b200	MT	Q2_MT	1	88	1862	2523	3707	505	631	568	742	927	834	1247	1558	1402	16384	assumed_from_config_default	15753	15879	2048	2048	FALSE	Q2
605	deepseek-r1-distill-qwen-32b-b200	MT	Q2_MT	2	88	1862	2523	3711	505	631	568	743	928	836	1248	1559	1404	16384	assumed_from_config_default	15753	15879	2048	2048	FALSE	Q2
606	deepseek-r1-distill-qwen-32b-b200	MT	Q2_MT	3	88	1862	2523	3711	505	631	568	743	928	836	1248	1559	1404	16384	assumed_from_config_default	15753	15879	2048	2048	FALSE	Q2
607	deepseek-r1-distill-qwen-32b-b200	MT	Q3_MT	1	109	1901	2583	3991	517	646	582	799	998	898	1316	1644	1480	16384	assumed_from_config_default	15738	15867	2048	2048	FALSE	Q3
608	deepseek-r1-distill-qwen-32b-b200	MT	Q3_MT	2	109	1901	2583	4631	517	646	582	927	1158	1042	1444	1804	1624	16384	assumed_from_config_default	15738	15867	2048	2048	FALSE	Q3
609	deepseek-r1-distill-qwen-32b-b200	MT	Q3_MT	3	109	1901	2583	4631	517	646	582	927	1158	1042	1444	1804	1624	16384	assumed_from_config_default	15738	15867	2048	2048	FALSE	Q3
610	deepseek-r1-distill-qwen-32b-b200	MT	Q4_MT	1	112	1843	2528	3575	506	632	569	715	894	804	1221	1526	1373	16384	assumed_from_config_default	15752	15878	2048	2048	FALSE	Q4
611	deepseek-r1-distill-qwen-32b-b200	MT	Q4_MT	2	112	1843	2528	3301	506	632	569	661	826	744	1167	1458	1313	16384	assumed_from_config_default	15752	15878	2048	2048	FALSE	Q4
612	deepseek-r1-distill-qwen-32b-b200	MT	Q4_MT	3	112	1843	2528	3301	506	632	569	661	826	744	1167	1458	1313	16384	assumed_from_config_default	15752	15878	2048	2048	FALSE	Q4
613	deepseek-r1-distill-qwen-32b-b200	MT	Q5_MT	1	121	1824	2518	3411	504	630	567	683	853	768	1187	1483	1335	16384	assumed_from_config_default	15754	15880	2048	2048	FALSE	Q5
614	deepseek-r1-distill-qwen-32b-b200	MT	Q5_MT	2	121	1824	2518	3411	504	630	567	683	853	768	1187	1483	1335	16384	assumed_from_config_default	15754	15880	2048	2048	FALSE	Q5
615	deepseek-r1-distill-qwen-32b-b200	MT	Q5_MT	3	121	1824	2518	3411	504	630	567	683	853	768	1187	1483	1335	16384	assumed_from_config_default	15754	15880	2048	2048	FALSE	Q5
616	deepseek-r1-distill-qwen-32b-b200	PL	Q1_PL	1	119	1887	2579	3934	516	645	580	787	984	886	1303	1629	1466	16384	assumed_from_config_default	15739	15868	2048	2048	FALSE	Q1
617	deepseek-r1-distill-qwen-32b-b200	PL	Q1_PL	2	119	1887	2579	3934	516	645	580	787	984	886	1303	1629	1466	16384	assumed_from_config_default	15739	15868	2048	2048	FALSE	Q1
618	deepseek-r1-distill-qwen-32b-b200	PL	Q1_PL	3	119	1887	2579	3934	516	645	580	787	984	886	1303	1629	1466	16384	assumed_from_config_default	15739	15868	2048	2048	FALSE	Q1
619	deepseek-r1-distill-qwen-32b-b200	PL	Q2_PL	1	79	1862	2514	5222	503	629	566	1045	1306	1176	1548	1935	1742	16384	assumed_from_config_default	15755	15881	2048	2048	FALSE	Q2
620	deepseek-r1-distill-qwen-32b-b200	PL	Q2_PL	2	79	1862	2514	5222	503	629	566	1045	1306	1176	1548	1935	1742	16384	assumed_from_config_default	15755	15881	2048	2048	FALSE	Q2
621	deepseek-r1-distill-qwen-32b-b200	PL	Q2_PL	3	79	1862	2514	5222	503	629	566	1045	1306	1176	1548	1935	1742	16384	assumed_from_config_default	15755	15881	2048	2048	FALSE	Q2
622	deepseek-r1-distill-qwen-32b-b200	PL	Q3_PL	1	119	1901	2593	4083	519	649	584	817	1021	919	1336	1670	1503	16384	assumed_from_config_default	15735	15865	2048	2048	FALSE	Q3
623	deepseek-r1-distill-qwen-32b-b200	PL	Q3_PL	2	119	1901	2593	4366	519	649	584	874	1092	983	1393	1741	1567	16384	assumed_from_config_default	15735	15865	2048	2048	FALSE	Q3
624	deepseek-r1-distill-qwen-32b-b200	PL	Q3_PL	3	119	1901	2593	4366	519	649	584	874	1092	983	1393	1741	1567	16384	assumed_from_config_default	15735	15865	2048	2048	FALSE	Q3
625	deepseek-r1-distill-qwen-32b-b200	PL	Q4_PL	1	101	1843	2517	5375	504	630	567	1075	1344	1210	1579	1974	1777	16384	assumed_from_config_default	15754	15880	2048	2048	FALSE	Q4
626	deepseek-r1-distill-qwen-32b-b200	PL	Q4_PL	2	101	1843	2517	5123	504	630	567	1025	1281	1153	1529	1911	1720	16384	assumed_from_config_default	15754	15880	2048	2048	FALSE	Q4
627	deepseek-r1-distill-qwen-32b-b200	PL	Q4_PL	3	101	1843	2517	5123	504	630	567	1025	1281	1153	1529	1911	1720	16384	assumed_from_config_default	15754	15880	2048	2048	FALSE	Q4
628	deepseek-r1-distill-qwen-32b-b200	PL	Q5_PL	1	121	1824	2518	4388	504	630	567	878	1097	988	1382	1727	1555	16384	assumed_from_config_default	15754	15880	2048	2048	FALSE	Q5
629	deepseek-r1-distill-qwen-32b-b200	PL	Q5_PL	2	121	1824	2518	4305	504	630	567	861	1077	969	1365	1707	1536	16384	assumed_from_config_default	15754	15880	2048	2048	FALSE	Q5
630	deepseek-r1-distill-qwen-32b-b200	PL	Q5_PL	3	121	1824	2518	4305	504	630	567	861	1077	969	1365	1707	1536	16384	assumed_from_config_default	15754	15880	2048	2048	FALSE	Q5
631	deepseek-r1-distill-qwen-32b-b200	PT	Q1_PT	1	147	1887	2607	4116	522	652	587	824	1029	926	1346	1681	1513	16384	assumed_from_config_default	15732	15862	2048	2048	FALSE	Q1
632	deepseek-r1-distill-qwen-32b-b200	PT	Q1_PT	2	147	1887	2607	3910	522	652	587	782	978	880	1304	1630	1467	16384	assumed_from_config_default	15732	15862	2048	2048	FALSE	Q1
633	deepseek-r1-distill-qwen-32b-b200	PT	Q1_PT	3	147	1887	2607	3910	522	652	587	782	978	880	1304	1630	1467	16384	assumed_from_config_default	15732	15862	2048	2048	FALSE	Q1
634	deepseek-r1-distill-qwen-32b-b200	PT	Q2_PT	1	84	1862	2519	3112	504	630	567	623	778	700	1127	1408	1267	16384	assumed_from_config_default	15754	15880	2048	2048	FALSE	Q2
635	deepseek-r1-distill-qwen-32b-b200	PT	Q2_PT	2	84	1862	2519	3112	504	630	567	623	778	700	1127	1408	1267	16384	assumed_from_config_default	15754	15880	2048	2048	FALSE	Q2
636	deepseek-r1-distill-qwen-32b-b200	PT	Q2_PT	3	84	1862	2519	3112	504	630	567	623	778	700	1127	1408	1267	16384	assumed_from_config_default	15754	15880	2048	2048	FALSE	Q2
637	deepseek-r1-distill-qwen-32b-b200	PT	Q3_PT	1	107	1901	2581	4900	517	646	582	980	1225	1102	1497	1871	1684	16384	assumed_from_config_default	15738	15867	2048	2048	FALSE	Q3
638	deepseek-r1-distill-qwen-32b-b200	PT	Q3_PT	2	107	1901	2581	4065	517	646	582	813	1017	915	1330	1663	1497	16384	assumed_from_config_default	15738	15867	2048	2048	FALSE	Q3
639	deepseek-r1-distill-qwen-32b-b200	PT	Q3_PT	3	107	1901	2581	4065	517	646	582	813	1017	915	1330	1663	1497	16384	assumed_from_config_default	15738	15867	2048	2048	FALSE	Q3
640	deepseek-r1-distill-qwen-32b-b200	PT	Q4_PT	1	132	1843	2548	4280	510	637	574	856	1070	963	1366	1707	1537	16384	assumed_from_config_default	15747	15874	2048	2048	FALSE	Q4
641	deepseek-r1-distill-qwen-32b-b200	PT	Q4_PT	2	132	1843	2548	4281	510	637	574	857	1071	964	1367	1708	1538	16384	assumed_from_config_default	15747	15874	2048	2048	FALSE	Q4
642	deepseek-r1-distill-qwen-32b-b200	PT	Q4_PT	3	132	1843	2548	4281	510	637	574	857	1071	964	1367	1708	1538	16384	assumed_from_config_default	15747	15874	2048	2048	FALSE	Q4
643	deepseek-r1-distill-qwen-32b-b200	PT	Q5_PT	1	106	1824	2503	3666	501	626	564	734	917	826	1235	1543	1390	16384	assumed_from_config_default	15758	15883	2048	2048	FALSE	Q5
644	deepseek-r1-distill-qwen-32b-b200	PT	Q5_PT	2	106	1824	2503	3666	501	626	564	734	917	826	1235	1543	1390	16384	assumed_from_config_default	15758	15883	2048	2048	FALSE	Q5
645	deepseek-r1-distill-qwen-32b-b200	PT	Q5_PT	3	106	1824	2503	3666	501	626	564	734	917	826	1235	1543	1390	16384	assumed_from_config_default	15758	15883	2048	2048	FALSE	Q5
646	deepseek-r1-distill-qwen-32b-b200	RO	Q1_RO	1	136	1887	2596	3915	520	649	584	783	979	881	1303	1628	1465	16384	assumed_from_config_default	15735	15864	2048	2048	FALSE	Q1
647	deepseek-r1-distill-qwen-32b-b200	RO	Q1_RO	2	136	1887	2596	3915	520	649	584	783	979	881	1303	1628	1465	16384	assumed_from_config_default	15735	15864	2048	2048	FALSE	Q1
648	deepseek-r1-distill-qwen-32b-b200	RO	Q1_RO	3	136	1887	2596	3915	520	649	584	783	979	881	1303	1628	1465	16384	assumed_from_config_default	15735	15864	2048	2048	FALSE	Q1
649	deepseek-r1-distill-qwen-32b-b200	RO	Q2_RO	1	85	1862	2520	3326	504	630	567	666	832	749	1170	1462	1316	16384	assumed_from_config_default	15754	15880	2048	2048	FALSE	Q2
650	deepseek-r1-distill-qwen-32b-b200	RO	Q2_RO	2	85	1862	2520	3326	504	630	567	666	832	749	1170	1462	1316	16384	assumed_from_config_default	15754	15880	2048	2048	FALSE	Q2
651	deepseek-r1-distill-qwen-32b-b200	RO	Q2_RO	3	85	1862	2520	3326	504	630	567	666	832	749	1170	1462	1316	16384	assumed_from_config_default	15754	15880	2048	2048	FALSE	Q2
652	deepseek-r1-distill-qwen-32b-b200	RO	Q3_RO	1	115	1901	2589	4139	518	648	583	828	1035	932	1346	1683	1515	16384	assumed_from_config_default	15736	15866	2048	2048	FALSE	Q3
653	deepseek-r1-distill-qwen-32b-b200	RO	Q3_RO	2	115	1901	2589	4139	518	648	583	828	1035	932	1346	1683	1515	16384	assumed_from_config_default	15736	15866	2048	2048	FALSE	Q3
654	deepseek-r1-distill-qwen-32b-b200	RO	Q3_RO	3	115	1901	2589	4139	518	648	583	828	1035	932	1346	1683	1515	16384	assumed_from_config_default	15736	15866	2048	2048	FALSE	Q3
655	deepseek-r1-distill-qwen-32b-b200	RO	Q4_RO	1	111	1843	2527	4544	506	632	569	909	1136	1022	1415	1768	1591	16384	assumed_from_config_default	15752	15878	2048	2048	FALSE	Q4
656	deepseek-r1-distill-qwen-32b-b200	RO	Q4_RO	2	111	1843	2527	4544	506	632	569	909	1136	1022	1415	1768	1591	16384	assumed_from_config_default	15752	15878	2048	2048	FALSE	Q4
657	deepseek-r1-distill-qwen-32b-b200	RO	Q4_RO	3	111	1843	2527	4544	506	632	569	909	1136	1022	1415	1768	1591	16384	assumed_from_config_default	15752	15878	2048	2048	FALSE	Q4
658	deepseek-r1-distill-qwen-32b-b200	RO	Q5_RO	1	111	1824	2508	3309	502	627	564	662	828	745	1164	1455	1309	16384	assumed_from_config_default	15757	15882	2048	2048	FALSE	Q5
659	deepseek-r1-distill-qwen-32b-b200	RO	Q5_RO	2	111	1824	2508	2965	502	627	564	593	742	668	1095	1369	1232	16384	assumed_from_config_default	15757	15882	2048	2048	FALSE	Q5
660	deepseek-r1-distill-qwen-32b-b200	RO	Q5_RO	3	111	1824	2508	2965	502	627	564	593	742	668	1095	1369	1232	16384	assumed_from_config_default	15757	15882	2048	2048	FALSE	Q5
661	deepseek-r1-distill-qwen-32b-b200	SK	Q1_SK	1	110	1887	2570	3687	514	643	578	738	922	830	1252	1565	1408	16384	assumed_from_config_default	15741	15870	2048	2048	FALSE	Q1
662	deepseek-r1-distill-qwen-32b-b200	SK	Q1_SK	2	110	1887	2570	3978	514	643	578	796	995	896	1310	1638	1474	16384	assumed_from_config_default	15741	15870	2048	2048	FALSE	Q1
663	deepseek-r1-distill-qwen-32b-b200	SK	Q1_SK	3	110	1887	2570	3978	514	643	578	796	995	896	1310	1638	1474	16384	assumed_from_config_default	15741	15870	2048	2048	FALSE	Q1
664	deepseek-r1-distill-qwen-32b-b200	SK	Q2_SK	1	93	1862	2528	3663	506	632	569	733	916	824	1239	1548	1393	16384	assumed_from_config_default	15752	15878	2048	2048	FALSE	Q2
665	deepseek-r1-distill-qwen-32b-b200	SK	Q2_SK	2	93	1862	2528	3668	506	632	569	734	917	826	1240	1549	1395	16384	assumed_from_config_default	15752	15878	2048	2048	FALSE	Q2
666	deepseek-r1-distill-qwen-32b-b200	SK	Q2_SK	3	93	1862	2528	3668	506	632	569	734	917	826	1240	1549	1395	16384	assumed_from_config_default	15752	15878	2048	2048	FALSE	Q2
667	deepseek-r1-distill-qwen-32b-b200	SK	Q3_SK	1	97	1901	2571	3769	515	643	579	754	943	848	1269	1586	1427	16384	assumed_from_config_default	15741	15869	2048	2048	FALSE	Q3
668	deepseek-r1-distill-qwen-32b-b200	SK	Q3_SK	2	97	1901	2571	3769	515	643	579	754	943	848	1269	1586	1427	16384	assumed_from_config_default	15741	15869	2048	2048	FALSE	Q3
669	deepseek-r1-distill-qwen-32b-b200	SK	Q3_SK	3	97	1901	2571	3769	515	643	579	754	943	848	1269	1586	1427	16384	assumed_from_config_default	15741	15869	2048	2048	FALSE	Q3
670	deepseek-r1-distill-qwen-32b-b200	SK	Q4_SK	1	118	1843	2534	4945	507	634	570	989	1237	1113	1496	1871	1683	16384	assumed_from_config_default	15750	15877	2048	2048	FALSE	Q4
671	deepseek-r1-distill-qwen-32b-b200	SK	Q4_SK	2	118	1843	2534	4057	507	634	570	812	1015	914	1319	1649	1484	16384	assumed_from_config_default	15750	15877	2048	2048	FALSE	Q4
672	deepseek-r1-distill-qwen-32b-b200	SK	Q4_SK	3	118	1843	2534	4057	507	634	570	812	1015	914	1319	1649	1484	16384	assumed_from_config_default	15750	15877	2048	2048	FALSE	Q4
673	deepseek-r1-distill-qwen-32b-b200	SK	Q5_SK	1	113	1824	2510	3544	502	628	565	709	886	798	1211	1514	1363	16384	assumed_from_config_default	15756	15882	2048	2048	FALSE	Q5
674	deepseek-r1-distill-qwen-32b-b200	SK	Q5_SK	2	113	1824	2510	3639	502	628	565	728	910	819	1230	1538	1384	16384	assumed_from_config_default	15756	15882	2048	2048	FALSE	Q5
675	deepseek-r1-distill-qwen-32b-b200	SK	Q5_SK	3	113	1824	2510	3639	502	628	565	728	910	819	1230	1538	1384	16384	assumed_from_config_default	15756	15882	2048	2048	FALSE	Q5
676	deepseek-r1-distill-qwen-32b-b200	SL	Q1_SL	1	108	1887	2568	4622	514	642	578	925	1156	1040	1439	1798	1618	16384	assumed_from_config_default	15742	15870	2048	2048	FALSE	Q1
677	deepseek-r1-distill-qwen-32b-b200	SL	Q1_SL	2	108	1887	2568	3609	514	642	578	722	903	812	1236	1545	1390	16384	assumed_from_config_default	15742	15870	2048	2048	FALSE	Q1
678	deepseek-r1-distill-qwen-32b-b200	SL	Q1_SL	3	108	1887	2568	3609	514	642	578	722	903	812	1236	1545	1390	16384	assumed_from_config_default	15742	15870	2048	2048	FALSE	Q1
679	deepseek-r1-distill-qwen-32b-b200	SL	Q2_SL	1	86	1862	2521	3394	505	631	568	679	849	764	1184	1480	1332	16384	assumed_from_config_default	15753	15879	2048	2048	FALSE	Q2
680	deepseek-r1-distill-qwen-32b-b200	SL	Q2_SL	2	86	1862	2521	3407	505	631	568	682	852	767	1187	1483	1335	16384	assumed_from_config_default	15753	15879	2048	2048	FALSE	Q2
681	deepseek-r1-distill-qwen-32b-b200	SL	Q2_SL	3	86	1862	2521	3407	505	631	568	682	852	767	1187	1483	1335	16384	assumed_from_config_default	15753	15879	2048	2048	FALSE	Q2
682	deepseek-r1-distill-qwen-32b-b200	SL	Q3_SL	1	105	1901	2579	4817	516	645	580	964	1205	1084	1480	1850	1664	16384	assumed_from_config_default	15739	15868	2048	2048	FALSE	Q3
683	deepseek-r1-distill-qwen-32b-b200	SL	Q3_SL	2	105	1901	2579	4817	516	645	580	964	1205	1084	1480	1850	1664	16384	assumed_from_config_default	15739	15868	2048	2048	FALSE	Q3
684	deepseek-r1-distill-qwen-32b-b200	SL	Q3_SL	3	105	1901	2579	4817	516	645	580	964	1205	1084	1480	1850	1664	16384	assumed_from_config_default	15739	15868	2048	2048	FALSE	Q3
685	deepseek-r1-distill-qwen-32b-b200	SL	Q4_SL	1	94	1843	2510	3770	502	628	565	754	943	848	1256	1571	1413	16384	assumed_from_config_default	15756	15882	2048	2048	FALSE	Q4
686	deepseek-r1-distill-qwen-32b-b200	SL	Q4_SL	2	94	1843	2510	3770	502	628	565	754	943	848	1256	1571	1413	16384	assumed_from_config_default	15756	15882	2048	2048	FALSE	Q4
687	deepseek-r1-distill-qwen-32b-b200	SL	Q4_SL	3	94	1843	2510	3770	502	628	565	754	943	848	1256	1571	1413	16384	assumed_from_config_default	15756	15882	2048	2048	FALSE	Q4
688	deepseek-r1-distill-qwen-32b-b200	SL	Q5_SL	1	107	1824	2504	2957	501	626	564	592	740	666	1093	1366	1230	16384	assumed_from_config_default	15758	15883	2048	2048	FALSE	Q5
689	deepseek-r1-distill-qwen-32b-b200	SL	Q5_SL	2	107	1824	2504	2957	501	626	564	592	740	666	1093	1366	1230	16384	assumed_from_config_default	15758	15883	2048	2048	FALSE	Q5
690	deepseek-r1-distill-qwen-32b-b200	SL	Q5_SL	3	107	1824	2504	2957	501	626	564	592	740	666	1093	1366	1230	16384	assumed_from_config_default	15758	15883	2048	2048	FALSE	Q5
691	deepseek-r1-distill-qwen-32b-b200	ES	Q1_ES	1	138	1887	2598	3696	520	650	585	740	924	832	1260	1574	1417	16384	assumed_from_config_default	15734	15864	2048	2048	FALSE	Q1
692	deepseek-r1-distill-qwen-32b-b200	ES	Q1_ES	2	138	1887	2598	3635	520	650	585	727	909	818	1247	1559	1403	16384	assumed_from_config_default	15734	15864	2048	2048	FALSE	Q1
693	deepseek-r1-distill-qwen-32b-b200	ES	Q1_ES	3	138	1887	2598	3635	520	650	585	727	909	818	1247	1559	1403	16384	assumed_from_config_default	15734	15864	2048	2048	FALSE	Q1
694	deepseek-r1-distill-qwen-32b-b200	ES	Q2_ES	1	93	1862	2528	4061	506	632	569	813	1016	914	1319	1648	1483	16384	assumed_from_config_default	15752	15878	2048	2048	FALSE	Q2
695	deepseek-r1-distill-qwen-32b-b200	ES	Q2_ES	2	93	1862	2528	3855	506	632	569	771	964	868	1277	1596	1437	16384	assumed_from_config_default	15752	15878	2048	2048	FALSE	Q2
696	deepseek-r1-distill-qwen-32b-b200	ES	Q2_ES	3	93	1862	2528	3855	506	632	569	771	964	868	1277	1596	1437	16384	assumed_from_config_default	15752	15878	2048	2048	FALSE	Q2
697	deepseek-r1-distill-qwen-32b-b200	ES	Q3_ES	1	103	1901	2577	5064	516	645	580	1013	1266	1140	1529	1911	1720	16384	assumed_from_config_default	15739	15868	2048	2048	FALSE	Q3
698	deepseek-r1-distill-qwen-32b-b200	ES	Q3_ES	2	103	1901	2577	5135	516	645	580	1027	1284	1156	1543	1929	1736	16384	assumed_from_config_default	15739	15868	2048	2048	FALSE	Q3
699	deepseek-r1-distill-qwen-32b-b200	ES	Q3_ES	3	103	1901	2577	5135	516	645	580	1027	1284	1156	1543	1929	1736	16384	assumed_from_config_default	15739	15868	2048	2048	FALSE	Q3
700	deepseek-r1-distill-qwen-32b-b200	ES	Q4_ES	1	134	1843	2550	3735	510	638	574	747	934	840	1257	1572	1414	16384	assumed_from_config_default	15746	15874	2048	2048	FALSE	Q4
701	deepseek-r1-distill-qwen-32b-b200	ES	Q4_ES	2	134	1843	2550	4129	510	638	574	826	1033	930	1336	1671	1504	16384	assumed_from_config_default	15746	15874	2048	2048	FALSE	Q4
702	deepseek-r1-distill-qwen-32b-b200	ES	Q4_ES	3	134	1843	2550	4129	510	638	574	826	1033	930	1336	1671	1504	16384	assumed_from_config_default	15746	15874	2048	2048	FALSE	Q4
703	deepseek-r1-distill-qwen-32b-b200	ES	Q5_ES	1	110	1824	2507	3829	502	627	564	766	958	862	1268	1585	1426	16384	assumed_from_config_default	15757	15882	2048	2048	FALSE	Q5
704	deepseek-r1-distill-qwen-32b-b200	ES	Q5_ES	2	110	1824	2507	3829	502	627	564	766	958	862	1268	1585	1426	16384	assumed_from_config_default	15757	15882	2048	2048	FALSE	Q5
705	deepseek-r1-distill-qwen-32b-b200	ES	Q5_ES	3	110	1824	2507	3829	502	627	564	766	958	862	1268	1585	1426	16384	assumed_from_config_default	15757	15882	2048	2048	FALSE	Q5
706	deepseek-r1-distill-qwen-32b-b200	SV	Q1_SV	1	137	1887	2597	3608	520	650	585	722	902	812	1242	1552	1397	16384	assumed_from_config_default	15734	15864	2048	2048	FALSE	Q1
707	deepseek-r1-distill-qwen-32b-b200	SV	Q1_SV	2	137	1887	2597	3589	520	650	585	718	898	808	1238	1548	1393	16384	assumed_from_config_default	15734	15864	2048	2048	FALSE	Q1
708	deepseek-r1-distill-qwen-32b-b200	SV	Q1_SV	3	137	1887	2597	3589	520	650	585	718	898	808	1238	1548	1393	16384	assumed_from_config_default	15734	15864	2048	2048	FALSE	Q1
709	deepseek-r1-distill-qwen-32b-b200	SV	Q2_SV	1	82	1862	2517	3392	504	630	567	679	848	764	1183	1478	1331	16384	assumed_from_config_default	15754	15880	2048	2048	FALSE	Q2
710	deepseek-r1-distill-qwen-32b-b200	SV	Q2_SV	2	82	1862	2517	3392	504	630	567	679	848	764	1183	1478	1331	16384	assumed_from_config_default	15754	15880	2048	2048	FALSE	Q2
711	deepseek-r1-distill-qwen-32b-b200	SV	Q2_SV	3	82	1862	2517	3392	504	630	567	679	848	764	1183	1478	1331	16384	assumed_from_config_default	15754	15880	2048	2048	FALSE	Q2
712	deepseek-r1-distill-qwen-32b-b200	SV	Q3_SV	1	98	1901	2572	4573	515	643	579	915	1144	1030	1430	1787	1609	16384	assumed_from_config_default	15741	15869	2048	2048	FALSE	Q3
713	deepseek-r1-distill-qwen-32b-b200	SV	Q3_SV	2	98	1901	2572	4573	515	643	579	915	1144	1030	1430	1787	1609	16384	assumed_from_config_default	15741	15869	2048	2048	FALSE	Q3
714	deepseek-r1-distill-qwen-32b-b200	SV	Q3_SV	3	98	1901	2572	4573	515	643	579	915	1144	1030	1430	1787	1609	16384	assumed_from_config_default	15741	15869	2048	2048	FALSE	Q3
715	deepseek-r1-distill-qwen-32b-b200	SV	Q4_SV	1	103	1843	2519	3639	504	630	567	728	910	819	1232	1540	1386	16384	assumed_from_config_default	15754	15880	2048	2048	FALSE	Q4
716	deepseek-r1-distill-qwen-32b-b200	SV	Q4_SV	2	103	1843	2519	3639	504	630	567	728	910	819	1232	1540	1386	16384	assumed_from_config_default	15754	15880	2048	2048	FALSE	Q4
717	deepseek-r1-distill-qwen-32b-b200	SV	Q4_SV	3	103	1843	2519	3639	504	630	567	728	910	819	1232	1540	1386	16384	assumed_from_config_default	15754	15880	2048	2048	FALSE	Q4
718	deepseek-r1-distill-qwen-32b-b200	SV	Q5_SV	1	109	1824	2506	3584	502	627	564	717	896	806	1219	1523	1370	16384	assumed_from_config_default	15757	15882	2048	2048	FALSE	Q5
719	deepseek-r1-distill-qwen-32b-b200	SV	Q5_SV	2	109	1824	2506	3584	502	627	564	717	896	806	1219	1523	1370	16384	assumed_from_config_default	15757	15882	2048	2048	FALSE	Q5
720	deepseek-r1-distill-qwen-32b-b200	SV	Q5_SV	3	109	1824	2506	3584	502	627	564	717	896	806	1219	1523	1370	16384	assumed_from_config_default	15757	15882	2048	2048	FALSE	Q5
721	deepseek-r1-distill-qwen-14b-b200	BG	Q1_BG	1	124	1887	2584	5179	517	646	582	1036	1295	1166	1553	1941	1748	16384	assumed_from_config_default	15738	15867	2048	2048	FALSE	Q1
722	deepseek-r1-distill-qwen-14b-b200	BG	Q1_BG	2	124	1887	2584	5179	517	646	582	1036	1295	1166	1553	1941	1748	16384	assumed_from_config_default	15738	15867	2048	2048	FALSE	Q1
723	deepseek-r1-distill-qwen-14b-b200	BG	Q1_BG	3	124	1887	2584	5179	517	646	582	1036	1295	1166	1553	1941	1748	16384	assumed_from_config_default	15738	15867	2048	2048	FALSE	Q1
724	deepseek-r1-distill-qwen-14b-b200	BG	Q2_BG	1	99	1862	2534	4027	507	634	570	806	1007	906	1313	1641	1476	16384	assumed_from_config_default	15750	15877	2048	2048	FALSE	Q2
725	deepseek-r1-distill-qwen-14b-b200	BG	Q2_BG	2	99	1862	2534	4027	507	634	570	806	1007	906	1313	1641	1476	16384	assumed_from_config_default	15750	15877	2048	2048	FALSE	Q2
726	deepseek-r1-distill-qwen-14b-b200	BG	Q2_BG	3	99	1862	2534	4027	507	634	570	806	1007	906	1313	1641	1476	16384	assumed_from_config_default	15750	15877	2048	2048	FALSE	Q2
727	deepseek-r1-distill-qwen-14b-b200	BG	Q3_BG	1	109	1901	2583	4488	517	646	582	898	1122	1010	1415	1768	1592	16384	assumed_from_config_default	15738	15867	2048	2048	FALSE	Q3
728	deepseek-r1-distill-qwen-14b-b200	BG	Q3_BG	2	109	1901	2583	4488	517	646	582	898	1122	1010	1415	1768	1592	16384	assumed_from_config_default	15738	15867	2048	2048	FALSE	Q3
729	deepseek-r1-distill-qwen-14b-b200	BG	Q3_BG	3	109	1901	2583	4488	517	646	582	898	1122	1010	1415	1768	1592	16384	assumed_from_config_default	15738	15867	2048	2048	FALSE	Q3
730	deepseek-r1-distill-qwen-14b-b200	BG	Q4_BG	1	106	1843	2522	2983	505	631	568	597	746	672	1102	1377	1240	16384	assumed_from_config_default	15753	15879	2048	2048	FALSE	Q4
731	deepseek-r1-distill-qwen-14b-b200	BG	Q4_BG	2	106	1843	2522	2983	505	631	568	597	746	672	1102	1377	1240	16384	assumed_from_config_default	15753	15879	2048	2048	FALSE	Q4
732	deepseek-r1-distill-qwen-14b-b200	BG	Q4_BG	3	106	1843	2522	2983	505	631	568	597	746	672	1102	1377	1240	16384	assumed_from_config_default	15753	15879	2048	2048	FALSE	Q4
733	deepseek-r1-distill-qwen-14b-b200	BG	Q5_BG	1	113	1824	2510	3861	502	628	565	773	966	870	1275	1594	1435	16384	assumed_from_config_default	15756	15882	2048	2048	FALSE	Q5
734	deepseek-r1-distill-qwen-14b-b200	BG	Q5_BG	2	113	1824	2510	3861	502	628	565	773	966	870	1275	1594	1435	16384	assumed_from_config_default	15756	15882	2048	2048	FALSE	Q5
735	deepseek-r1-distill-qwen-14b-b200	BG	Q5_BG	3	113	1824	2510	3861	502	628	565	773	966	870	1275	1594	1435	16384	assumed_from_config_default	15756	15882	2048	2048	FALSE	Q5
736	deepseek-r1-distill-qwen-14b-b200	HR	Q1_HR	1	114	1887	2574	5219	515	644	580	1044	1305	1174	1559	1949	1754	16384	assumed_from_config_default	15740	15869	2048	2048	FALSE	Q1
737	deepseek-r1-distill-qwen-14b-b200	HR	Q1_HR	2	114	1887	2574	5219	515	644	580	1044	1305	1174	1559	1949	1754	16384	assumed_from_config_default	15740	15869	2048	2048	FALSE	Q1
738	deepseek-r1-distill-qwen-14b-b200	HR	Q1_HR	3	114	1887	2574	5219	515	644	580	1044	1305	1174	1559	1949	1754	16384	assumed_from_config_default	15740	15869	2048	2048	FALSE	Q1
739	deepseek-r1-distill-qwen-14b-b200	HR	Q2_HR	1	104	1862	2539	4516	508	635	572	904	1129	1016	1412	1764	1588	16384	assumed_from_config_default	15749	15876	2048	2048	FALSE	Q2
740	deepseek-r1-distill-qwen-14b-b200	HR	Q2_HR	2	104	1862	2539	4516	508	635	572	904	1129	1016	1412	1764	1588	16384	assumed_from_config_default	15749	15876	2048	2048	FALSE	Q2
741	deepseek-r1-distill-qwen-14b-b200	HR	Q2_HR	3	104	1862	2539	4516	508	635	572	904	1129	1016	1412	1764	1588	16384	assumed_from_config_default	15749	15876	2048	2048	FALSE	Q2
742	deepseek-r1-distill-qwen-14b-b200	HR	Q3_HR	1	90	1901	2564	5814	513	641	577	1163	1454	1308	1676	2095	1885	16384	assumed_from_config_default	15743	15871	2048	2048	FALSE	Q3
743	deepseek-r1-distill-qwen-14b-b200	HR	Q3_HR	2	90	1901	2564	5814	513	641	577	1163	1454	1308	1676	2095	1885	16384	assumed_from_config_default	15743	15871	2048	2048	FALSE	Q3
744	deepseek-r1-distill-qwen-14b-b200	HR	Q3_HR	3	90	1901	2564	5814	513	641	577	1163	1454	1308	1676	2095	1885	16384	assumed_from_config_default	15743	15871	2048	2048	FALSE	Q3
745	deepseek-r1-distill-qwen-14b-b200	HR	Q4_HR	1	105	1843	2521	3077	505	631	568	616	770	693	1121	1401	1261	16384	assumed_from_config_default	15753	15879	2048	2048	FALSE	Q4
746	deepseek-r1-distill-qwen-14b-b200	HR	Q4_HR	2	105	1843	2521	3077	505	631	568	616	770	693	1121	1401	1261	16384	assumed_from_config_default	15753	15879	2048	2048	FALSE	Q4
747	deepseek-r1-distill-qwen-14b-b200	HR	Q4_HR	3	105	1843	2521	3077	505	631	568	616	770	693	1121	1401	1261	16384	assumed_from_config_default	15753	15879	2048	2048	FALSE	Q4
748	deepseek-r1-distill-qwen-14b-b200	HR	Q5_HR	1	109	1824	2506	5211	502	627	564	1043	1303	1173	1545	1930	1737	16384	assumed_from_config_default	15757	15882	2048	2048	FALSE	Q5
749	deepseek-r1-distill-qwen-14b-b200	HR	Q5_HR	2	109	1824	2506	5296	502	627	564	1060	1324	1192	1562	1951	1756	16384	assumed_from_config_default	15757	15882	2048	2048	FALSE	Q5
750	deepseek-r1-distill-qwen-14b-b200	HR	Q5_HR	3	109	1824	2506	5296	502	627	564	1060	1324	1192	1562	1951	1756	16384	assumed_from_config_default	15757	15882	2048	2048	FALSE	Q5
751	deepseek-r1-distill-qwen-14b-b200	CS	Q1_CS	1	111	1887	2571	4081	515	643	579	817	1021	919	1332	1664	1498	16384	assumed_from_config_default	15741	15869	2048	2048	FALSE	Q1
752	deepseek-r1-distill-qwen-14b-b200	CS	Q1_CS	2	111	1887	2571	4081	515	643	579	817	1021	919	1332	1664	1498	16384	assumed_from_config_default	15741	15869	2048	2048	FALSE	Q1
753	deepseek-r1-distill-qwen-14b-b200	CS	Q1_CS	3	111	1887	2571	4081	515	643	579	817	1021	919	1332	1664	1498	16384	assumed_from_config_default	15741	15869	2048	2048	FALSE	Q1
754	deepseek-r1-distill-qwen-14b-b200	CS	Q2_CS	1	92	1862	2527	4448	506	632	569	890	1112	1001	1396	1744	1570	16384	assumed_from_config_default	15752	15878	2048	2048	FALSE	Q2
755	deepseek-r1-distill-qwen-14b-b200	CS	Q2_CS	2	92	1862	2527	4448	506	632	569	890	1112	1001	1396	1744	1570	16384	assumed_from_config_default	15752	15878	2048	2048	FALSE	Q2
756	deepseek-r1-distill-qwen-14b-b200	CS	Q2_CS	3	92	1862	2527	4448	506	632	569	890	1112	1001	1396	1744	1570	16384	assumed_from_config_default	15752	15878	2048	2048	FALSE	Q2
757	deepseek-r1-distill-qwen-14b-b200	CS	Q3_CS	1	87	1901	2561	4512	513	641	577	903	1128	1016	1416	1769	1593	16384	assumed_from_config_default	15743	15871	2048	2048	FALSE	Q3
758	deepseek-r1-distill-qwen-14b-b200	CS	Q3_CS	2	87	1901	2561	4512	513	641	577	903	1128	1016	1416	1769	1593	16384	assumed_from_config_default	15743	15871	2048	2048	FALSE	Q3
759	deepseek-r1-distill-qwen-14b-b200	CS	Q3_CS	3	87	1901	2561	4512	513	641	577	903	1128	1016	1416	1769	1593	16384	assumed_from_config_default	15743	15871	2048	2048	FALSE	Q3
760	deepseek-r1-distill-qwen-14b-b200	CS	Q4_CS	1	106	1843	2522	5904	505	631	568	1181	1476	1328	1686	2107	1896	16384	assumed_from_config_default	15753	15879	2048	2048	FALSE	Q4
761	deepseek-r1-distill-qwen-14b-b200	CS	Q4_CS	2	106	1843	2522	5924	505	631	568	1185	1481	1333	1690	2112	1901	16384	assumed_from_config_default	15753	15879	2048	2048	FALSE	Q4
762	deepseek-r1-distill-qwen-14b-b200	CS	Q4_CS	3	106	1843	2522	5924	505	631	568	1185	1481	1333	1690	2112	1901	16384	assumed_from_config_default	15753	15879	2048	2048	FALSE	Q4
763	deepseek-r1-distill-qwen-14b-b200	CS	Q5_CS	1	100	1824	2497	3984	500	625	562	797	996	896	1297	1621	1458	16384	assumed_from_config_default	15759	15884	2048	2048	FALSE	Q5
764	deepseek-r1-distill-qwen-14b-b200	CS	Q5_CS	2	100	1824	2497	3984	500	625	562	797	996	896	1297	1621	1458	16384	assumed_from_config_default	15759	15884	2048	2048	FALSE	Q5
765	deepseek-r1-distill-qwen-14b-b200	CS	Q5_CS	3	100	1824	2497	3984	500	625	562	797	996	896	1297	1621	1458	16384	assumed_from_config_default	15759	15884	2048	2048	FALSE	Q5
766	deepseek-r1-distill-qwen-14b-b200	DA	Q1_DA	1	134	1887	2594	5291	519	649	584	1059	1323	1191	1578	1972	1775	16384	assumed_from_config_default	15735	15865	2048	2048	FALSE	Q1
767	deepseek-r1-distill-qwen-14b-b200	DA	Q1_DA	2	134	1887	2594	5291	519	649	584	1059	1323	1191	1578	1972	1775	16384	assumed_from_config_default	15735	15865	2048	2048	FALSE	Q1
768	deepseek-r1-distill-qwen-14b-b200	DA	Q1_DA	3	134	1887	2594	5291	519	649	584	1059	1323	1191	1578	1972	1775	16384	assumed_from_config_default	15735	15865	2048	2048	FALSE	Q1
769	deepseek-r1-distill-qwen-14b-b200	DA	Q2_DA	1	93	1862	2528	4372	506	632	569	875	1093	984	1381	1725	1553	16384	assumed_from_config_default	15752	15878	2048	2048	FALSE	Q2
770	deepseek-r1-distill-qwen-14b-b200	DA	Q2_DA	2	93	1862	2528	4372	506	632	569	875	1093	984	1381	1725	1553	16384	assumed_from_config_default	15752	15878	2048	2048	FALSE	Q2
771	deepseek-r1-distill-qwen-14b-b200	DA	Q2_DA	3	93	1862	2528	4372	506	632	569	875	1093	984	1381	1725	1553	16384	assumed_from_config_default	15752	15878	2048	2048	FALSE	Q2
772	deepseek-r1-distill-qwen-14b-b200	DA	Q3_DA	1	98	1901	2572	6234	515	643	579	1247	1559	1403	1762	2202	1982	16384	assumed_from_config_default	15741	15869	2048	2048	FALSE	Q3
773	deepseek-r1-distill-qwen-14b-b200	DA	Q3_DA	2	98	1901	2572	6234	515	643	579	1247	1559	1403	1762	2202	1982	16384	assumed_from_config_default	15741	15869	2048	2048	FALSE	Q3
774	deepseek-r1-distill-qwen-14b-b200	DA	Q3_DA	3	98	1901	2572	6234	515	643	579	1247	1559	1403	1762	2202	1982	16384	assumed_from_config_default	15741	15869	2048	2048	FALSE	Q3
775	deepseek-r1-distill-qwen-14b-b200	DA	Q4_DA	1	106	1843	2522	5224	505	631	568	1045	1306	1176	1550	1937	1744	16384	assumed_from_config_default	15753	15879	2048	2048	FALSE	Q4
776	deepseek-r1-distill-qwen-14b-b200	DA	Q4_DA	2	106	1843	2522	5224	505	631	568	1045	1306	1176	1550	1937	1744	16384	assumed_from_config_default	15753	15879	2048	2048	FALSE	Q4
777	deepseek-r1-distill-qwen-14b-b200	DA	Q4_DA	3	106	1843	2522	5224	505	631	568	1045	1306	1176	1550	1937	1744	16384	assumed_from_config_default	15753	15879	2048	2048	FALSE	Q4
778	deepseek-r1-distill-qwen-14b-b200	DA	Q5_DA	1	107	1824	2504	5672	501	626	564	1135	1418	1276	1636	2044	1840	16384	assumed_from_config_default	15758	15883	2048	2048	FALSE	Q5
779	deepseek-r1-distill-qwen-14b-b200	DA	Q5_DA	2	107	1824	2504	5672	501	626	564	1135	1418	1276	1636	2044	1840	16384	assumed_from_config_default	15758	15883	2048	2048	FALSE	Q5
780	deepseek-r1-distill-qwen-14b-b200	DA	Q5_DA	3	107	1824	2504	5672	501	626	564	1135	1418	1276	1636	2044	1840	16384	assumed_from_config_default	15758	15883	2048	2048	FALSE	Q5
781	deepseek-r1-distill-qwen-14b-b200	NL	Q1_NL	1	139	1887	2599	4922	520	650	585	985	1231	1108	1505	1881	1693	16384	assumed_from_config_default	15734	15864	2048	2048	FALSE	Q1
782	deepseek-r1-distill-qwen-14b-b200	NL	Q1_NL	2	139	1887	2599	4922	520	650	585	985	1231	1108	1505	1881	1693	16384	assumed_from_config_default	15734	15864	2048	2048	FALSE	Q1
783	deepseek-r1-distill-qwen-14b-b200	NL	Q1_NL	3	139	1887	2599	4922	520	650	585	985	1231	1108	1505	1881	1693	16384	assumed_from_config_default	15734	15864	2048	2048	FALSE	Q1
784	deepseek-r1-distill-qwen-14b-b200	NL	Q2_NL	1	92	1862	2527	4064	506	632	569	813	1016	914	1319	1648	1483	16384	assumed_from_config_default	15752	15878	2048	2048	FALSE	Q2
785	deepseek-r1-distill-qwen-14b-b200	NL	Q2_NL	2	92	1862	2527	4064	506	632	569	813	1016	914	1319	1648	1483	16384	assumed_from_config_default	15752	15878	2048	2048	FALSE	Q2
786	deepseek-r1-distill-qwen-14b-b200	NL	Q2_NL	3	92	1862	2527	4064	506	632	569	813	1016	914	1319	1648	1483	16384	assumed_from_config_default	15752	15878	2048	2048	FALSE	Q2
787	deepseek-r1-distill-qwen-14b-b200	NL	Q3_NL	1	120	1901	2594	4168	519	649	584	834	1042	938	1353	1691	1522	16384	assumed_from_config_default	15735	15865	2048	2048	FALSE	Q3
788	deepseek-r1-distill-qwen-14b-b200	NL	Q3_NL	2	120	1901	2594	4168	519	649	584	834	1042	938	1353	1691	1522	16384	assumed_from_config_default	15735	15865	2048	2048	FALSE	Q3
789	deepseek-r1-distill-qwen-14b-b200	NL	Q3_NL	3	120	1901	2594	4168	519	649	584	834	1042	938	1353	1691	1522	16384	assumed_from_config_default	15735	15865	2048	2048	FALSE	Q3
790	deepseek-r1-distill-qwen-14b-b200	NL	Q4_NL	1	111	1843	2527	5249	506	632	569	1050	1313	1182	1556	1945	1751	16384	assumed_from_config_default	15752	15878	2048	2048	FALSE	Q4
791	deepseek-r1-distill-qwen-14b-b200	NL	Q4_NL	2	111	1843	2527	5249	506	632	569	1050	1313	1182	1556	1945	1751	16384	assumed_from_config_default	15752	15878	2048	2048	FALSE	Q4
792	deepseek-r1-distill-qwen-14b-b200	NL	Q4_NL	3	111	1843	2527	5249	506	632	569	1050	1313	1182	1556	1945	1751	16384	assumed_from_config_default	15752	15878	2048	2048	FALSE	Q4
793	deepseek-r1-distill-qwen-14b-b200	NL	Q5_NL	1	92	1824	2489	3940	498	623	560	788	985	886	1286	1608	1446	16384	assumed_from_config_default	15761	15886	2048	2048	FALSE	Q5
794	deepseek-r1-distill-qwen-14b-b200	NL	Q5_NL	2	92	1824	2489	3940	498	623	560	788	985	886	1286	1608	1446	16384	assumed_from_config_default	15761	15886	2048	2048	FALSE	Q5
795	deepseek-r1-distill-qwen-14b-b200	NL	Q5_NL	3	92	1824	2489	3940	498	623	560	788	985	886	1286	1608	1446	16384	assumed_from_config_default	15761	15886	2048	2048	FALSE	Q5
796	deepseek-r1-distill-qwen-14b-b200	EN	Q1_EN	1	126	1887	2586	5391	518	647	582	1079	1348	1214	1597	1995	1796	16384	assumed_from_config_default	15737	15866	2048	2048	FALSE	Q1
797	deepseek-r1-distill-qwen-14b-b200	EN	Q1_EN	2	126	1887	2586	5391	518	647	582	1079	1348	1214	1597	1995	1796	16384	assumed_from_config_default	15737	15866	2048	2048	FALSE	Q1
798	deepseek-r1-distill-qwen-14b-b200	EN	Q1_EN	3	126	1887	2586	5391	518	647	582	1079	1348	1214	1597	1995	1796	16384	assumed_from_config_default	15737	15866	2048	2048	FALSE	Q1
799	deepseek-r1-distill-qwen-14b-b200	EN	Q2_EN	1	77	1862	2512	4310	503	628	566	862	1078	970	1365	1706	1536	16384	assumed_from_config_default	15756	15881	2048	2048	FALSE	Q2
800	deepseek-r1-distill-qwen-14b-b200	EN	Q2_EN	2	77	1862	2512	4310	503	628	566	862	1078	970	1365	1706	1536	16384	assumed_from_config_default	15756	15881	2048	2048	FALSE	Q2
801	deepseek-r1-distill-qwen-14b-b200	EN	Q2_EN	3	77	1862	2512	4310	503	628	566	862	1078	970	1365	1706	1536	16384	assumed_from_config_default	15756	15881	2048	2048	FALSE	Q2
802	deepseek-r1-distill-qwen-14b-b200	EN	Q3_EN	1	101	1901	2575	4375	515	644	580	875	1094	984	1390	1738	1564	16384	assumed_from_config_default	15740	15869	2048	2048	FALSE	Q3
803	deepseek-r1-distill-qwen-14b-b200	EN	Q3_EN	2	101	1901	2575	4375	515	644	580	875	1094	984	1390	1738	1564	16384	assumed_from_config_default	15740	15869	2048	2048	FALSE	Q3
804	deepseek-r1-distill-qwen-14b-b200	EN	Q3_EN	3	101	1901	2575	4375	515	644	580	875	1094	984	1390	1738	1564	16384	assumed_from_config_default	15740	15869	2048	2048	FALSE	Q3
805	deepseek-r1-distill-qwen-14b-b200	EN	Q4_EN	1	95	1843	2511	4522	503	628	566	905	1131	1018	1408	1759	1584	16384	assumed_from_config_default	15756	15881	2048	2048	FALSE	Q4
806	deepseek-r1-distill-qwen-14b-b200	EN	Q4_EN	2	95	1843	2511	4522	503	628	566	905	1131	1018	1408	1759	1584	16384	assumed_from_config_default	15756	15881	2048	2048	FALSE	Q4
807	deepseek-r1-distill-qwen-14b-b200	EN	Q4_EN	3	95	1843	2511	4522	503	628	566	905	1131	1018	1408	1759	1584	16384	assumed_from_config_default	15756	15881	2048	2048	FALSE	Q4
808	deepseek-r1-distill-qwen-14b-b200	EN	Q5_EN	1	88	1824	2485	4046	497	622	560	810	1012	911	1307	1634	1471	16384	assumed_from_config_default	15762	15887	2048	2048	FALSE	Q5
809	deepseek-r1-distill-qwen-14b-b200	EN	Q5_EN	2	88	1824	2485	4046	497	622	560	810	1012	911	1307	1634	1471	16384	assumed_from_config_default	15762	15887	2048	2048	FALSE	Q5
810	deepseek-r1-distill-qwen-14b-b200	EN	Q5_EN	3	88	1824	2485	4046	497	622	560	810	1012	911	1307	1634	1471	16384	assumed_from_config_default	15762	15887	2048	2048	FALSE	Q5
811	deepseek-r1-distill-qwen-14b-b200	ET	Q1_ET	1	124	1887	2584	5276	517	646	582	1056	1319	1188	1573	1965	1770	16384	assumed_from_config_default	15738	15867	2048	2048	FALSE	Q1
812	deepseek-r1-distill-qwen-14b-b200	ET	Q1_ET	2	124	1887	2584	5276	517	646	582	1056	1319	1188	1573	1965	1770	16384	assumed_from_config_default	15738	15867	2048	2048	FALSE	Q1
813	deepseek-r1-distill-qwen-14b-b200	ET	Q1_ET	3	124	1887	2584	5276	517	646	582	1056	1319	1188	1573	1965	1770	16384	assumed_from_config_default	15738	15867	2048	2048	FALSE	Q1
814	deepseek-r1-distill-qwen-14b-b200	ET	Q2_ET	1	96	1862	2531	3930	507	633	570	786	983	884	1293	1616	1454	16384	assumed_from_config_default	15751	15877	2048	2048	FALSE	Q2
815	deepseek-r1-distill-qwen-14b-b200	ET	Q2_ET	2	96	1862	2531	3930	507	633	570	786	983	884	1293	1616	1454	16384	assumed_from_config_default	15751	15877	2048	2048	FALSE	Q2
816	deepseek-r1-distill-qwen-14b-b200	ET	Q2_ET	3	96	1862	2531	3930	507	633	570	786	983	884	1293	1616	1454	16384	assumed_from_config_default	15751	15877	2048	2048	FALSE	Q2
817	deepseek-r1-distill-qwen-14b-b200	ET	Q3_ET	1	81	1901	2555	4380	511	639	575	876	1095	986	1387	1734	1561	16384	assumed_from_config_default	15745	15873	2048	2048	FALSE	Q3
818	deepseek-r1-distill-qwen-14b-b200	ET	Q3_ET	2	81	1901	2555	4380	511	639	575	876	1095	986	1387	1734	1561	16384	assumed_from_config_default	15745	15873	2048	2048	FALSE	Q3
819	deepseek-r1-distill-qwen-14b-b200	ET	Q3_ET	3	81	1901	2555	4380	511	639	575	876	1095	986	1387	1734	1561	16384	assumed_from_config_default	15745	15873	2048	2048	FALSE	Q3
820	deepseek-r1-distill-qwen-14b-b200	ET	Q4_ET	1	105	1843	2521	5120	505	631	568	1024	1280	1152	1529	1911	1720	16384	assumed_from_config_default	15753	15879	2048	2048	FALSE	Q4
821	deepseek-r1-distill-qwen-14b-b200	ET	Q4_ET	2	105	1843	2521	5120	505	631	568	1024	1280	1152	1529	1911	1720	16384	assumed_from_config_default	15753	15879	2048	2048	FALSE	Q4
822	deepseek-r1-distill-qwen-14b-b200	ET	Q4_ET	3	105	1843	2521	5120	505	631	568	1024	1280	1152	1529	1911	1720	16384	assumed_from_config_default	15753	15879	2048	2048	FALSE	Q4
823	deepseek-r1-distill-qwen-14b-b200	ET	Q5_ET	1	93	1824	2490	5312	498	623	560	1063	1328	1196	1561	1951	1756	16384	assumed_from_config_default	15761	15886	2048	2048	FALSE	Q5
824	deepseek-r1-distill-qwen-14b-b200	ET	Q5_ET	2	93	1824	2490	5312	498	623	560	1063	1328	1196	1561	1951	1756	16384	assumed_from_config_default	15761	15886	2048	2048	FALSE	Q5
825	deepseek-r1-distill-qwen-14b-b200	ET	Q5_ET	3	93	1824	2490	5312	498	623	560	1063	1328	1196	1561	1951	1756	16384	assumed_from_config_default	15761	15886	2048	2048	FALSE	Q5
826	deepseek-r1-distill-qwen-14b-b200	FI	Q1_FI	1	133	1887	2593	4896	519	649	584	980	1224	1102	1499	1873	1686	16384	assumed_from_config_default	15735	15865	2048	2048	FALSE	Q1
827	deepseek-r1-distill-qwen-14b-b200	FI	Q1_FI	2	133	1887	2593	4896	519	649	584	980	1224	1102	1499	1873	1686	16384	assumed_from_config_default	15735	15865	2048	2048	FALSE	Q1
828	deepseek-r1-distill-qwen-14b-b200	FI	Q1_FI	3	133	1887	2593	4896	519	649	584	980	1224	1102	1499	1873	1686	16384	assumed_from_config_default	15735	15865	2048	2048	FALSE	Q1
829	deepseek-r1-distill-qwen-14b-b200	FI	Q2_FI	1	100	1862	2535	4420	507	634	570	884	1105	994	1391	1739	1564	16384	assumed_from_config_default	15750	15877	2048	2048	FALSE	Q2
830	deepseek-r1-distill-qwen-14b-b200	FI	Q2_FI	2	100	1862	2535	4420	507	634	570	884	1105	994	1391	1739	1564	16384	assumed_from_config_default	15750	15877	2048	2048	FALSE	Q2
831	deepseek-r1-distill-qwen-14b-b200	FI	Q2_FI	3	100	1862	2535	4420	507	634	570	884	1105	994	1391	1739	1564	16384	assumed_from_config_default	15750	15877	2048	2048	FALSE	Q2
832	deepseek-r1-distill-qwen-14b-b200	FI	Q3_FI	1	94	1901	2568	4430	514	642	578	886	1108	997	1400	1750	1575	16384	assumed_from_config_default	15742	15870	2048	2048	FALSE	Q3
833	deepseek-r1-distill-qwen-14b-b200	FI	Q3_FI	2	94	1901	2568	4430	514	642	578	886	1108	997	1400	1750	1575	16384	assumed_from_config_default	15742	15870	2048	2048	FALSE	Q3
834	deepseek-r1-distill-qwen-14b-b200	FI	Q3_FI	3	94	1901	2568	4430	514	642	578	886	1108	997	1400	1750	1575	16384	assumed_from_config_default	15742	15870	2048	2048	FALSE	Q3
835	deepseek-r1-distill-qwen-14b-b200	FI	Q4_FI	1	101	1843	2517	4379	504	630	567	876	1095	986	1380	1725	1553	16384	assumed_from_config_default	15754	15880	2048	2048	FALSE	Q4
836	deepseek-r1-distill-qwen-14b-b200	FI	Q4_FI	2	101	1843	2517	4379	504	630	567	876	1095	986	1380	1725	1553	16384	assumed_from_config_default	15754	15880	2048	2048	FALSE	Q4
837	deepseek-r1-distill-qwen-14b-b200	FI	Q4_FI	3	101	1843	2517	4379	504	630	567	876	1095	986	1380	1725	1553	16384	assumed_from_config_default	15754	15880	2048	2048	FALSE	Q4
838	deepseek-r1-distill-qwen-14b-b200	FI	Q5_FI	1	91	1824	2488	3986	498	622	560	798	997	898	1296	1619	1458	16384	assumed_from_config_default	15762	15886	2048	2048	FALSE	Q5
839	deepseek-r1-distill-qwen-14b-b200	FI	Q5_FI	2	91	1824	2488	3986	498	622	560	798	997	898	1296	1619	1458	16384	assumed_from_config_default	15762	15886	2048	2048	FALSE	Q5
840	deepseek-r1-distill-qwen-14b-b200	FI	Q5_FI	3	91	1824	2488	3986	498	622	560	798	997	898	1296	1619	1458	16384	assumed_from_config_default	15762	15886	2048	2048	FALSE	Q5
841	deepseek-r1-distill-qwen-14b-b200	FR	Q1_FR	1	159	1887	2619	5379	524	655	590	1076	1345	1210	1600	2000	1800	16384	assumed_from_config_default	15729	15860	2048	2048	FALSE	Q1
842	deepseek-r1-distill-qwen-14b-b200	FR	Q1_FR	2	159	1887	2619	5379	524	655	590	1076	1345	1210	1600	2000	1800	16384	assumed_from_config_default	15729	15860	2048	2048	FALSE	Q1
843	deepseek-r1-distill-qwen-14b-b200	FR	Q1_FR	3	159	1887	2619	5379	524	655	590	1076	1345	1210	1600	2000	1800	16384	assumed_from_config_default	15729	15860	2048	2048	FALSE	Q1
844	deepseek-r1-distill-qwen-14b-b200	FR	Q2_FR	1	99	1862	2534	4206	507	634	570	842	1052	947	1349	1686	1517	16384	assumed_from_config_default	15750	15877	2048	2048	FALSE	Q2
845	deepseek-r1-distill-qwen-14b-b200	FR	Q2_FR	2	99	1862	2534	4206	507	634	570	842	1052	947	1349	1686	1517	16384	assumed_from_config_default	15750	15877	2048	2048	FALSE	Q2
846	deepseek-r1-distill-qwen-14b-b200	FR	Q2_FR	3	99	1862	2534	4206	507	634	570	842	1052	947	1349	1686	1517	16384	assumed_from_config_default	15750	15877	2048	2048	FALSE	Q2
847	deepseek-r1-distill-qwen-14b-b200	FR	Q3_FR	1	127	1901	2601	5178	521	651	586	1036	1295	1166	1557	1946	1752	16384	assumed_from_config_default	15733	15863	2048	2048	FALSE	Q3
848	deepseek-r1-distill-qwen-14b-b200	FR	Q3_FR	2	127	1901	2601	5178	521	651	586	1036	1295	1166	1557	1946	1752	16384	assumed_from_config_default	15733	15863	2048	2048	FALSE	Q3
849	deepseek-r1-distill-qwen-14b-b200	FR	Q3_FR	3	127	1901	2601	5178	521	651	586	1036	1295	1166	1557	1946	1752	16384	assumed_from_config_default	15733	15863	2048	2048	FALSE	Q3
850	deepseek-r1-distill-qwen-14b-b200	FR	Q4_FR	1	125	1843	2541	5683	509	636	572	1137	1421	1279	1646	2057	1851	16384	assumed_from_config_default	15748	15875	2048	2048	FALSE	Q4
851	deepseek-r1-distill-qwen-14b-b200	FR	Q4_FR	2	125	1843	2541	5683	509	636	572	1137	1421	1279	1646	2057	1851	16384	assumed_from_config_default	15748	15875	2048	2048	FALSE	Q4
852	deepseek-r1-distill-qwen-14b-b200	FR	Q4_FR	3	125	1843	2541	5683	509	636	572	1137	1421	1279	1646	2057	1851	16384	assumed_from_config_default	15748	15875	2048	2048	FALSE	Q4
853	deepseek-r1-distill-qwen-14b-b200	FR	Q5_FR	1	112	1824	2509	4523	502	628	565	905	1131	1018	1407	1759	1583	16384	assumed_from_config_default	15756	15882	2048	2048	FALSE	Q5
854	deepseek-r1-distill-qwen-14b-b200	FR	Q5_FR	2	112	1824	2509	4523	502	628	565	905	1131	1018	1407	1759	1583	16384	assumed_from_config_default	15756	15882	2048	2048	FALSE	Q5
855	deepseek-r1-distill-qwen-14b-b200	FR	Q5_FR	3	112	1824	2509	4523	502	628	565	905	1131	1018	1407	1759	1583	16384	assumed_from_config_default	15756	15882	2048	2048	FALSE	Q5
856	deepseek-r1-distill-qwen-14b-b200	DE	Q1_DE	1	133	1887	2593	6294	519	649	584	1259	1574	1416	1778	2223	2000	16384	assumed_from_config_default	15735	15865	2048	2048	FALSE	Q1
857	deepseek-r1-distill-qwen-14b-b200	DE	Q1_DE	2	133	1887	2593	6294	519	649	584	1259	1574	1416	1778	2223	2000	16384	assumed_from_config_default	15735	15865	2048	2048	FALSE	Q1
858	deepseek-r1-distill-qwen-14b-b200	DE	Q1_DE	3	133	1887	2593	6294	519	649	584	1259	1574	1416	1778	2223	2000	16384	assumed_from_config_default	15735	15865	2048	2048	FALSE	Q1
859	deepseek-r1-distill-qwen-14b-b200	DE	Q2_DE	1	103	1862	2538	4605	508	635	572	921	1152	1036	1429	1787	1608	16384	assumed_from_config_default	15749	15876	2048	2048	FALSE	Q2
860	deepseek-r1-distill-qwen-14b-b200	DE	Q2_DE	2	103	1862	2538	4605	508	635	572	921	1152	1036	1429	1787	1608	16384	assumed_from_config_default	15749	15876	2048	2048	FALSE	Q2
861	deepseek-r1-distill-qwen-14b-b200	DE	Q2_DE	3	103	1862	2538	4605	508	635	572	921	1152	1036	1429	1787	1608	16384	assumed_from_config_default	15749	15876	2048	2048	FALSE	Q2
862	deepseek-r1-distill-qwen-14b-b200	DE	Q3_DE	1	107	1901	2581	4076	517	646	582	816	1019	918	1333	1665	1500	16384	assumed_from_config_default	15738	15867	2048	2048	FALSE	Q3
863	deepseek-r1-distill-qwen-14b-b200	DE	Q3_DE	2	107	1901	2581	4076	517	646	582	816	1019	918	1333	1665	1500	16384	assumed_from_config_default	15738	15867	2048	2048	FALSE	Q3
864	deepseek-r1-distill-qwen-14b-b200	DE	Q3_DE	3	107	1901	2581	4076	517	646	582	816	1019	918	1333	1665	1500	16384	assumed_from_config_default	15738	15867	2048	2048	FALSE	Q3
865	deepseek-r1-distill-qwen-14b-b200	DE	Q4_DE	1	111	1843	2527	4225	506	632	569	845	1057	951	1351	1689	1520	16384	assumed_from_config_default	15752	15878	2048	2048	FALSE	Q4
866	deepseek-r1-distill-qwen-14b-b200	DE	Q4_DE	2	111	1843	2527	4360	506	632	569	872	1090	981	1378	1722	1550	16384	assumed_from_config_default	15752	15878	2048	2048	FALSE	Q4
867	deepseek-r1-distill-qwen-14b-b200	DE	Q4_DE	3	111	1843	2527	4360	506	632	569	872	1090	981	1378	1722	1550	16384	assumed_from_config_default	15752	15878	2048	2048	FALSE	Q4
868	deepseek-r1-distill-qwen-14b-b200	DE	Q5_DE	1	94	1824	2491	4228	499	623	561	846	1057	952	1345	1680	1513	16384	assumed_from_config_default	15761	15885	2048	2048	FALSE	Q5
869	deepseek-r1-distill-qwen-14b-b200	DE	Q5_DE	2	94	1824	2491	4228	499	623	561	846	1057	952	1345	1680	1513	16384	assumed_from_config_default	15761	15885	2048	2048	FALSE	Q5
870	deepseek-r1-distill-qwen-14b-b200	DE	Q5_DE	3	94	1824	2491	4228	499	623	561	846	1057	952	1345	1680	1513	16384	assumed_from_config_default	15761	15885	2048	2048	FALSE	Q5
871	deepseek-r1-distill-qwen-14b-b200	EL	Q1_EL	1	129	1887	2589	4429	518	648	583	886	1108	997	1404	1756	1580	16384	assumed_from_config_default	15736	15866	2048	2048	FALSE	Q1
872	deepseek-r1-distill-qwen-14b-b200	EL	Q1_EL	2	129	1887	2589	4429	518	648	583	886	1108	997	1404	1756	1580	16384	assumed_from_config_default	15736	15866	2048	2048	FALSE	Q1
873	deepseek-r1-distill-qwen-14b-b200	EL	Q1_EL	3	129	1887	2589	4429	518	648	583	886	1108	997	1404	1756	1580	16384	assumed_from_config_default	15736	15866	2048	2048	FALSE	Q1
874	deepseek-r1-distill-qwen-14b-b200	EL	Q2_EL	1	96	1862	2531	5007	507	633	570	1002	1252	1127	1509	1885	1697	16384	assumed_from_config_default	15751	15877	2048	2048	FALSE	Q2
875	deepseek-r1-distill-qwen-14b-b200	EL	Q2_EL	2	96	1862	2531	5007	507	633	570	1002	1252	1127	1509	1885	1697	16384	assumed_from_config_default	15751	15877	2048	2048	FALSE	Q2
876	deepseek-r1-distill-qwen-14b-b200	EL	Q2_EL	3	96	1862	2531	5007	507	633	570	1002	1252	1127	1509	1885	1697	16384	assumed_from_config_default	15751	15877	2048	2048	FALSE	Q2
877	deepseek-r1-distill-qwen-14b-b200	EL	Q3_EL	1	120	1901	2594	4104	519	649	584	821	1026	924	1340	1675	1508	16384	assumed_from_config_default	15735	15865	2048	2048	FALSE	Q3
878	deepseek-r1-distill-qwen-14b-b200	EL	Q3_EL	2	120	1901	2594	4104	519	649	584	821	1026	924	1340	1675	1508	16384	assumed_from_config_default	15735	15865	2048	2048	FALSE	Q3
879	deepseek-r1-distill-qwen-14b-b200	EL	Q3_EL	3	120	1901	2594	4104	519	649	584	821	1026	924	1340	1675	1508	16384	assumed_from_config_default	15735	15865	2048	2048	FALSE	Q3
880	deepseek-r1-distill-qwen-14b-b200	EL	Q4_EL	1	115	1843	2531	3370	507	633	570	674	843	758	1181	1476	1328	16384	assumed_from_config_default	15751	15877	2048	2048	FALSE	Q4
881	deepseek-r1-distill-qwen-14b-b200	EL	Q4_EL	2	115	1843	2531	3370	507	633	570	674	843	758	1181	1476	1328	16384	assumed_from_config_default	15751	15877	2048	2048	FALSE	Q4
882	deepseek-r1-distill-qwen-14b-b200	EL	Q4_EL	3	115	1843	2531	3370	507	633	570	674	843	758	1181	1476	1328	16384	assumed_from_config_default	15751	15877	2048	2048	FALSE	Q4
883	deepseek-r1-distill-qwen-14b-b200	EL	Q5_EL	1	126	1824	2523	4100	505	631	568	820	1025	922	1325	1656	1490	16384	assumed_from_config_default	15753	15879	2048	2048	FALSE	Q5
884	deepseek-r1-distill-qwen-14b-b200	EL	Q5_EL	2	126	1824	2523	4100	505	631	568	820	1025	922	1325	1656	1490	16384	assumed_from_config_default	15753	15879	2048	2048	FALSE	Q5
885	deepseek-r1-distill-qwen-14b-b200	EL	Q5_EL	3	126	1824	2523	4100	505	631	568	820	1025	922	1325	1656	1490	16384	assumed_from_config_default	15753	15879	2048	2048	FALSE	Q5
886	deepseek-r1-distill-qwen-14b-b200	HU	Q1_HU	1	122	1887	2582	4998	517	646	582	1000	1250	1125	1517	1896	1707	16384	assumed_from_config_default	15738	15867	2048	2048	FALSE	Q1
887	deepseek-r1-distill-qwen-14b-b200	HU	Q1_HU	2	122	1887	2582	4998	517	646	582	1000	1250	1125	1517	1896	1707	16384	assumed_from_config_default	15738	15867	2048	2048	FALSE	Q1
888	deepseek-r1-distill-qwen-14b-b200	HU	Q1_HU	3	122	1887	2582	4998	517	646	582	1000	1250	1125	1517	1896	1707	16384	assumed_from_config_default	15738	15867	2048	2048	FALSE	Q1
889	deepseek-r1-distill-qwen-14b-b200	HU	Q2_HU	1	98	1862	2533	5062	507	634	570	1013	1266	1140	1520	1900	1710	16384	assumed_from_config_default	15750	15877	2048	2048	FALSE	Q2
890	deepseek-r1-distill-qwen-14b-b200	HU	Q2_HU	2	98	1862	2533	5062	507	634	570	1013	1266	1140	1520	1900	1710	16384	assumed_from_config_default	15750	15877	2048	2048	FALSE	Q2
891	deepseek-r1-distill-qwen-14b-b200	HU	Q2_HU	3	98	1862	2533	5062	507	634	570	1013	1266	1140	1520	1900	1710	16384	assumed_from_config_default	15750	15877	2048	2048	FALSE	Q2
892	deepseek-r1-distill-qwen-14b-b200	HU	Q3_HU	1	107	1901	2581	4689	517	646	582	938	1173	1056	1455	1819	1638	16384	assumed_from_config_default	15738	15867	2048	2048	FALSE	Q3
893	deepseek-r1-distill-qwen-14b-b200	HU	Q3_HU	2	107	1901	2581	4689	517	646	582	938	1173	1056	1455	1819	1638	16384	assumed_from_config_default	15738	15867	2048	2048	FALSE	Q3
894	deepseek-r1-distill-qwen-14b-b200	HU	Q3_HU	3	107	1901	2581	4689	517	646	582	938	1173	1056	1455	1819	1638	16384	assumed_from_config_default	15738	15867	2048	2048	FALSE	Q3
895	deepseek-r1-distill-qwen-14b-b200	HU	Q4_HU	1	126	1843	2542	6494	509	636	572	1299	1624	1462	1808	2260	2034	16384	assumed_from_config_default	15748	15875	2048	2048	FALSE	Q4
896	deepseek-r1-distill-qwen-14b-b200	HU	Q4_HU	2	126	1843	2542	6494	509	636	572	1299	1624	1462	1808	2260	2034	16384	assumed_from_config_default	15748	15875	2048	2048	FALSE	Q4
897	deepseek-r1-distill-qwen-14b-b200	HU	Q4_HU	3	126	1843	2542	6494	509	636	572	1299	1624	1462	1808	2260	2034	16384	assumed_from_config_default	15748	15875	2048	2048	FALSE	Q4
898	deepseek-r1-distill-qwen-14b-b200	HU	Q5_HU	1	107	1824	2504	3686	501	626	564	738	922	830	1239	1548	1394	16384	assumed_from_config_default	15758	15883	2048	2048	FALSE	Q5
899	deepseek-r1-distill-qwen-14b-b200	HU	Q5_HU	2	107	1824	2504	3686	501	626	564	738	922	830	1239	1548	1394	16384	assumed_from_config_default	15758	15883	2048	2048	FALSE	Q5
900	deepseek-r1-distill-qwen-14b-b200	HU	Q5_HU	3	107	1824	2504	3686	501	626	564	738	922	830	1239	1548	1394	16384	assumed_from_config_default	15758	15883	2048	2048	FALSE	Q5
901	deepseek-r1-distill-qwen-14b-b200	GA	Q1_GA	1	135	1887	2595	6453	519	649	584	1291	1614	1452	1810	2263	2036	16384	assumed_from_config_default	15735	15865	2048	2048	FALSE	Q1
902	deepseek-r1-distill-qwen-14b-b200	GA	Q1_GA	2	135	1887	2595	6453	519	649	584	1291	1614	1452	1810	2263	2036	16384	assumed_from_config_default	15735	15865	2048	2048	FALSE	Q1
903	deepseek-r1-distill-qwen-14b-b200	GA	Q1_GA	3	135	1887	2595	6453	519	649	584	1291	1614	1452	1810	2263	2036	16384	assumed_from_config_default	15735	15865	2048	2048	FALSE	Q1
904	deepseek-r1-distill-qwen-14b-b200	GA	Q2_GA	1	99	1862	2534	5092	507	634	570	1019	1273	1146	1526	1907	1716	16384	assumed_from_config_default	15750	15877	2048	2048	FALSE	Q2
905	deepseek-r1-distill-qwen-14b-b200	GA	Q2_GA	2	99	1862	2534	5092	507	634	570	1019	1273	1146	1526	1907	1716	16384	assumed_from_config_default	15750	15877	2048	2048	FALSE	Q2
906	deepseek-r1-distill-qwen-14b-b200	GA	Q2_GA	3	99	1862	2534	5092	507	634	570	1019	1273	1146	1526	1907	1716	16384	assumed_from_config_default	15750	15877	2048	2048	FALSE	Q2
907	deepseek-r1-distill-qwen-14b-b200	GA	Q3_GA	1	101	1901	2575	5538	515	644	580	1108	1385	1246	1623	2029	1826	16384	assumed_from_config_default	15740	15869	2048	2048	FALSE	Q3
908	deepseek-r1-distill-qwen-14b-b200	GA	Q3_GA	2	101	1901	2575	5538	515	644	580	1108	1385	1246	1623	2029	1826	16384	assumed_from_config_default	15740	15869	2048	2048	FALSE	Q3
909	deepseek-r1-distill-qwen-14b-b200	GA	Q3_GA	3	101	1901	2575	5538	515	644	580	1108	1385	1246	1623	2029	1826	16384	assumed_from_config_default	15740	15869	2048	2048	FALSE	Q3
910	deepseek-r1-distill-qwen-14b-b200	GA	Q4_GA	1	98	1843	2514	6287	503	629	566	1258	1572	1415	1761	2201	1981	16384	assumed_from_config_default	15755	15881	2048	2048	FALSE	Q4
911	deepseek-r1-distill-qwen-14b-b200	GA	Q4_GA	2	98	1843	2514	6287	503	629	566	1258	1572	1415	1761	2201	1981	16384	assumed_from_config_default	15755	15881	2048	2048	FALSE	Q4
912	deepseek-r1-distill-qwen-14b-b200	GA	Q4_GA	3	98	1843	2514	6287	503	629	566	1258	1572	1415	1761	2201	1981	16384	assumed_from_config_default	15755	15881	2048	2048	FALSE	Q4
913	deepseek-r1-distill-qwen-14b-b200	GA	Q5_GA	1	129	1824	2526	3992	506	632	569	799	998	898	1305	1630	1467	16384	assumed_from_config_default	15752	15878	2048	2048	FALSE	Q5
914	deepseek-r1-distill-qwen-14b-b200	GA	Q5_GA	2	129	1824	2526	3992	506	632	569	799	998	898	1305	1630	1467	16384	assumed_from_config_default	15752	15878	2048	2048	FALSE	Q5
915	deepseek-r1-distill-qwen-14b-b200	GA	Q5_GA	3	129	1824	2526	3992	506	632	569	799	998	898	1305	1630	1467	16384	assumed_from_config_default	15752	15878	2048	2048	FALSE	Q5
916	deepseek-r1-distill-qwen-14b-b200	IT	Q1_IT	1	126	1887	2586	4743	518	647	582	949	1186	1068	1467	1833	1650	16384	assumed_from_config_default	15737	15866	2048	2048	FALSE	Q1
917	deepseek-r1-distill-qwen-14b-b200	IT	Q1_IT	2	126	1887	2586	4743	518	647	582	949	1186	1068	1467	1833	1650	16384	assumed_from_config_default	15737	15866	2048	2048	FALSE	Q1
918	deepseek-r1-distill-qwen-14b-b200	IT	Q1_IT	3	126	1887	2586	4743	518	647	582	949	1186	1068	1467	1833	1650	16384	assumed_from_config_default	15737	15866	2048	2048	FALSE	Q1
919	deepseek-r1-distill-qwen-14b-b200	IT	Q2_IT	1	94	1862	2529	4199	506	633	570	840	1050	945	1346	1683	1515	16384	assumed_from_config_default	15751	15878	2048	2048	FALSE	Q2
920	deepseek-r1-distill-qwen-14b-b200	IT	Q2_IT	2	94	1862	2529	4199	506	633	570	840	1050	945	1346	1683	1515	16384	assumed_from_config_default	15751	15878	2048	2048	FALSE	Q2
921	deepseek-r1-distill-qwen-14b-b200	IT	Q2_IT	3	94	1862	2529	4199	506	633	570	840	1050	945	1346	1683	1515	16384	assumed_from_config_default	15751	15878	2048	2048	FALSE	Q2
922	deepseek-r1-distill-qwen-14b-b200	IT	Q3_IT	1	107	1901	2581	3938	517	646	582	788	985	886	1305	1631	1468	16384	assumed_from_config_default	15738	15867	2048	2048	FALSE	Q3
923	deepseek-r1-distill-qwen-14b-b200	IT	Q3_IT	2	107	1901	2581	3938	517	646	582	788	985	886	1305	1631	1468	16384	assumed_from_config_default	15738	15867	2048	2048	FALSE	Q3
924	deepseek-r1-distill-qwen-14b-b200	IT	Q3_IT	3	107	1901	2581	3938	517	646	582	788	985	886	1305	1631	1468	16384	assumed_from_config_default	15738	15867	2048	2048	FALSE	Q3
925	deepseek-r1-distill-qwen-14b-b200	IT	Q4_IT	1	122	1843	2538	5526	508	635	572	1106	1382	1244	1614	2017	1816	16384	assumed_from_config_default	15749	15876	2048	2048	FALSE	Q4
926	deepseek-r1-distill-qwen-14b-b200	IT	Q4_IT	2	122	1843	2538	5526	508	635	572	1106	1382	1244	1614	2017	1816	16384	assumed_from_config_default	15749	15876	2048	2048	FALSE	Q4
927	deepseek-r1-distill-qwen-14b-b200	IT	Q4_IT	3	122	1843	2538	5526	508	635	572	1106	1382	1244	1614	2017	1816	16384	assumed_from_config_default	15749	15876	2048	2048	FALSE	Q4
928	deepseek-r1-distill-qwen-14b-b200	IT	Q5_IT	1	103	1824	2500	4523	500	625	562	905	1131	1018	1405	1756	1580	16384	assumed_from_config_default	15759	15884	2048	2048	FALSE	Q5
929	deepseek-r1-distill-qwen-14b-b200	IT	Q5_IT	2	103	1824	2500	4523	500	625	562	905	1131	1018	1405	1756	1580	16384	assumed_from_config_default	15759	15884	2048	2048	FALSE	Q5
930	deepseek-r1-distill-qwen-14b-b200	IT	Q5_IT	3	103	1824	2500	4523	500	625	562	905	1131	1018	1405	1756	1580	16384	assumed_from_config_default	15759	15884	2048	2048	FALSE	Q5
931	deepseek-r1-distill-qwen-14b-b200	LV	Q1_LV	1	116	1887	2576	4805	516	644	580	961	1202	1082	1477	1846	1662	16384	assumed_from_config_default	15740	15868	2048	2048	FALSE	Q1
932	deepseek-r1-distill-qwen-14b-b200	LV	Q1_LV	2	116	1887	2576	4805	516	644	580	961	1202	1082	1477	1846	1662	16384	assumed_from_config_default	15740	15868	2048	2048	FALSE	Q1
933	deepseek-r1-distill-qwen-14b-b200	LV	Q1_LV	3	116	1887	2576	4805	516	644	580	961	1202	1082	1477	1846	1662	16384	assumed_from_config_default	15740	15868	2048	2048	FALSE	Q1
934	deepseek-r1-distill-qwen-14b-b200	LV	Q2_LV	1	92	1862	2527	3499	506	632	569	700	875	788	1206	1507	1357	16384	assumed_from_config_default	15752	15878	2048	2048	FALSE	Q2
935	deepseek-r1-distill-qwen-14b-b200	LV	Q2_LV	2	92	1862	2527	3499	506	632	569	700	875	788	1206	1507	1357	16384	assumed_from_config_default	15752	15878	2048	2048	FALSE	Q2
936	deepseek-r1-distill-qwen-14b-b200	LV	Q2_LV	3	92	1862	2527	3499	506	632	569	700	875	788	1206	1507	1357	16384	assumed_from_config_default	15752	15878	2048	2048	FALSE	Q2
937	deepseek-r1-distill-qwen-14b-b200	LV	Q3_LV	1	96	1901	2570	4503	514	643	578	901	1126	1014	1415	1769	1592	16384	assumed_from_config_default	15741	15870	2048	2048	FALSE	Q3
938	deepseek-r1-distill-qwen-14b-b200	LV	Q3_LV	2	96	1901	2570	4503	514	643	578	901	1126	1014	1415	1769	1592	16384	assumed_from_config_default	15741	15870	2048	2048	FALSE	Q3
939	deepseek-r1-distill-qwen-14b-b200	LV	Q3_LV	3	96	1901	2570	4503	514	643	578	901	1126	1014	1415	1769	1592	16384	assumed_from_config_default	15741	15870	2048	2048	FALSE	Q3
940	deepseek-r1-distill-qwen-14b-b200	LV	Q4_LV	1	106	1843	2522	5338	505	631	568	1068	1335	1202	1573	1966	1770	16384	assumed_from_config_default	15753	15879	2048	2048	FALSE	Q4
941	deepseek-r1-distill-qwen-14b-b200	LV	Q4_LV	2	106	1843	2522	5338	505	631	568	1068	1335	1202	1573	1966	1770	16384	assumed_from_config_default	15753	15879	2048	2048	FALSE	Q4
942	deepseek-r1-distill-qwen-14b-b200	LV	Q4_LV	3	106	1843	2522	5338	505	631	568	1068	1335	1202	1573	1966	1770	16384	assumed_from_config_default	15753	15879	2048	2048	FALSE	Q4
943	deepseek-r1-distill-qwen-14b-b200	LV	Q5_LV	1	103	1824	2500	3751	500	625	562	751	938	844	1251	1563	1406	16384	assumed_from_config_default	15759	15884	2048	2048	FALSE	Q5
944	deepseek-r1-distill-qwen-14b-b200	LV	Q5_LV	2	103	1824	2500	3751	500	625	562	751	938	844	1251	1563	1406	16384	assumed_from_config_default	15759	15884	2048	2048	FALSE	Q5
945	deepseek-r1-distill-qwen-14b-b200	LV	Q5_LV	3	103	1824	2500	3751	500	625	562	751	938	844	1251	1563	1406	16384	assumed_from_config_default	15759	15884	2048	2048	FALSE	Q5
946	deepseek-r1-distill-qwen-14b-b200	LT	Q1_LT	1	128	1887	2588	6140	518	647	582	1228	1535	1382	1746	2182	1964	16384	assumed_from_config_default	15737	15866	2048	2048	FALSE	Q1
947	deepseek-r1-distill-qwen-14b-b200	LT	Q1_LT	2	128	1887	2588	6140	518	647	582	1228	1535	1382	1746	2182	1964	16384	assumed_from_config_default	15737	15866	2048	2048	FALSE	Q1
948	deepseek-r1-distill-qwen-14b-b200	LT	Q1_LT	3	128	1887	2588	6140	518	647	582	1228	1535	1382	1746	2182	1964	16384	assumed_from_config_default	15737	15866	2048	2048	FALSE	Q1
949	deepseek-r1-distill-qwen-14b-b200	LT	Q2_LT	1	91	1862	2526	5206	506	632	569	1042	1302	1172	1548	1934	1741	16384	assumed_from_config_default	15752	15878	2048	2048	FALSE	Q2
950	deepseek-r1-distill-qwen-14b-b200	LT	Q2_LT	2	91	1862	2526	5206	506	632	569	1042	1302	1172	1548	1934	1741	16384	assumed_from_config_default	15752	15878	2048	2048	FALSE	Q2
951	deepseek-r1-distill-qwen-14b-b200	LT	Q2_LT	3	91	1862	2526	5206	506	632	569	1042	1302	1172	1548	1934	1741	16384	assumed_from_config_default	15752	15878	2048	2048	FALSE	Q2
952	deepseek-r1-distill-qwen-14b-b200	LT	Q3_LT	1	98	1901	2572	3509	515	643	579	702	878	790	1217	1521	1369	16384	assumed_from_config_default	15741	15869	2048	2048	FALSE	Q3
953	deepseek-r1-distill-qwen-14b-b200	LT	Q3_LT	2	98	1901	2572	3509	515	643	579	702	878	790	1217	1521	1369	16384	assumed_from_config_default	15741	15869	2048	2048	FALSE	Q3
954	deepseek-r1-distill-qwen-14b-b200	LT	Q3_LT	3	98	1901	2572	3509	515	643	579	702	878	790	1217	1521	1369	16384	assumed_from_config_default	15741	15869	2048	2048	FALSE	Q3
955	deepseek-r1-distill-qwen-14b-b200	LT	Q4_LT	1	103	1843	2519	6270	504	630	567	1254	1568	1411	1758	2198	1978	16384	assumed_from_config_default	15754	15880	2048	2048	FALSE	Q4
956	deepseek-r1-distill-qwen-14b-b200	LT	Q4_LT	2	103	1843	2519	6270	504	630	567	1254	1568	1411	1758	2198	1978	16384	assumed_from_config_default	15754	15880	2048	2048	FALSE	Q4
957	deepseek-r1-distill-qwen-14b-b200	LT	Q4_LT	3	103	1843	2519	6270	504	630	567	1254	1568	1411	1758	2198	1978	16384	assumed_from_config_default	15754	15880	2048	2048	FALSE	Q4
958	deepseek-r1-distill-qwen-14b-b200	LT	Q5_LT	1	103	1824	2500	5170	500	625	562	1034	1293	1164	1534	1918	1726	16384	assumed_from_config_default	15759	15884	2048	2048	FALSE	Q5
959	deepseek-r1-distill-qwen-14b-b200	LT	Q5_LT	2	103	1824	2500	5170	500	625	562	1034	1293	1164	1534	1918	1726	16384	assumed_from_config_default	15759	15884	2048	2048	FALSE	Q5
960	deepseek-r1-distill-qwen-14b-b200	LT	Q5_LT	3	103	1824	2500	5170	500	625	562	1034	1293	1164	1534	1918	1726	16384	assumed_from_config_default	15759	15884	2048	2048	FALSE	Q5
961	deepseek-r1-distill-qwen-14b-b200	MT	Q1_MT	1	132	1887	2592	4043	519	648	584	809	1011	910	1328	1659	1494	16384	assumed_from_config_default	15736	15865	2048	2048	FALSE	Q1
962	deepseek-r1-distill-qwen-14b-b200	MT	Q1_MT	2	132	1887	2592	4043	519	648	584	809	1011	910	1328	1659	1494	16384	assumed_from_config_default	15736	15865	2048	2048	FALSE	Q1
963	deepseek-r1-distill-qwen-14b-b200	MT	Q1_MT	3	132	1887	2592	4043	519	648	584	809	1011	910	1328	1659	1494	16384	assumed_from_config_default	15736	15865	2048	2048	FALSE	Q1
964	deepseek-r1-distill-qwen-14b-b200	MT	Q2_MT	1	88	1862	2523	4992	505	631	568	999	1248	1124	1504	1879	1692	16384	assumed_from_config_default	15753	15879	2048	2048	FALSE	Q2
965	deepseek-r1-distill-qwen-14b-b200	MT	Q2_MT	2	88	1862	2523	4992	505	631	568	999	1248	1124	1504	1879	1692	16384	assumed_from_config_default	15753	15879	2048	2048	FALSE	Q2
966	deepseek-r1-distill-qwen-14b-b200	MT	Q2_MT	3	88	1862	2523	4992	505	631	568	999	1248	1124	1504	1879	1692	16384	assumed_from_config_default	15753	15879	2048	2048	FALSE	Q2
967	deepseek-r1-distill-qwen-14b-b200	MT	Q3_MT	1	109	1901	2583	5446	517	646	582	1090	1362	1226	1607	2008	1808	16384	assumed_from_config_default	15738	15867	2048	2048	FALSE	Q3
968	deepseek-r1-distill-qwen-14b-b200	MT	Q3_MT	2	109	1901	2583	5446	517	646	582	1090	1362	1226	1607	2008	1808	16384	assumed_from_config_default	15738	15867	2048	2048	FALSE	Q3
969	deepseek-r1-distill-qwen-14b-b200	MT	Q3_MT	3	109	1901	2583	5446	517	646	582	1090	1362	1226	1607	2008	1808	16384	assumed_from_config_default	15738	15867	2048	2048	FALSE	Q3
970	deepseek-r1-distill-qwen-14b-b200	MT	Q4_MT	1	112	1843	2528	5744	506	632	569	1149	1436	1292	1655	2068	1861	16384	assumed_from_config_default	15752	15878	2048	2048	FALSE	Q4
971	deepseek-r1-distill-qwen-14b-b200	MT	Q4_MT	2	112	1843	2528	5744	506	632	569	1149	1436	1292	1655	2068	1861	16384	assumed_from_config_default	15752	15878	2048	2048	FALSE	Q4
972	deepseek-r1-distill-qwen-14b-b200	MT	Q4_MT	3	112	1843	2528	5744	506	632	569	1149	1436	1292	1655	2068	1861	16384	assumed_from_config_default	15752	15878	2048	2048	FALSE	Q4
973	deepseek-r1-distill-qwen-14b-b200	MT	Q5_MT	1	121	1824	2518	5337	504	630	567	1068	1335	1202	1572	1965	1769	16384	assumed_from_config_default	15754	15880	2048	2048	FALSE	Q5
974	deepseek-r1-distill-qwen-14b-b200	MT	Q5_MT	2	121	1824	2518	5337	504	630	567	1068	1335	1202	1572	1965	1769	16384	assumed_from_config_default	15754	15880	2048	2048	FALSE	Q5
975	deepseek-r1-distill-qwen-14b-b200	MT	Q5_MT	3	121	1824	2518	5337	504	630	567	1068	1335	1202	1572	1965	1769	16384	assumed_from_config_default	15754	15880	2048	2048	FALSE	Q5
976	deepseek-r1-distill-qwen-14b-b200	PL	Q1_PL	1	119	1887	2579	4827	516	645	580	966	1207	1086	1482	1852	1666	16384	assumed_from_config_default	15739	15868	2048	2048	FALSE	Q1
977	deepseek-r1-distill-qwen-14b-b200	PL	Q1_PL	2	119	1887	2579	4827	516	645	580	966	1207	1086	1482	1852	1666	16384	assumed_from_config_default	15739	15868	2048	2048	FALSE	Q1
978	deepseek-r1-distill-qwen-14b-b200	PL	Q1_PL	3	119	1887	2579	4827	516	645	580	966	1207	1086	1482	1852	1666	16384	assumed_from_config_default	15739	15868	2048	2048	FALSE	Q1
979	deepseek-r1-distill-qwen-14b-b200	PL	Q2_PL	1	79	1862	2514	5582	503	629	566	1117	1396	1256	1620	2025	1822	16384	assumed_from_config_default	15755	15881	2048	2048	FALSE	Q2
980	deepseek-r1-distill-qwen-14b-b200	PL	Q2_PL	2	79	1862	2514	5582	503	629	566	1117	1396	1256	1620	2025	1822	16384	assumed_from_config_default	15755	15881	2048	2048	FALSE	Q2
981	deepseek-r1-distill-qwen-14b-b200	PL	Q2_PL	3	79	1862	2514	5582	503	629	566	1117	1396	1256	1620	2025	1822	16384	assumed_from_config_default	15755	15881	2048	2048	FALSE	Q2
982	deepseek-r1-distill-qwen-14b-b200	PL	Q3_PL	1	119	1901	2593	4321	519	649	584	865	1081	973	1384	1730	1557	16384	assumed_from_config_default	15735	15865	2048	2048	FALSE	Q3
983	deepseek-r1-distill-qwen-14b-b200	PL	Q3_PL	2	119	1901	2593	4321	519	649	584	865	1081	973	1384	1730	1557	16384	assumed_from_config_default	15735	15865	2048	2048	FALSE	Q3
984	deepseek-r1-distill-qwen-14b-b200	PL	Q3_PL	3	119	1901	2593	4321	519	649	584	865	1081	973	1384	1730	1557	16384	assumed_from_config_default	15735	15865	2048	2048	FALSE	Q3
985	deepseek-r1-distill-qwen-14b-b200	PL	Q4_PL	1	101	1843	2517	5327	504	630	567	1066	1332	1199	1570	1962	1766	16384	assumed_from_config_default	15754	15880	2048	2048	FALSE	Q4
986	deepseek-r1-distill-qwen-14b-b200	PL	Q4_PL	2	101	1843	2517	5327	504	630	567	1066	1332	1199	1570	1962	1766	16384	assumed_from_config_default	15754	15880	2048	2048	FALSE	Q4
987	deepseek-r1-distill-qwen-14b-b200	PL	Q4_PL	3	101	1843	2517	5327	504	630	567	1066	1332	1199	1570	1962	1766	16384	assumed_from_config_default	15754	15880	2048	2048	FALSE	Q4
988	deepseek-r1-distill-qwen-14b-b200	PL	Q5_PL	1	121	1824	2518	4309	504	630	567	862	1078	970	1366	1708	1537	16384	assumed_from_config_default	15754	15880	2048	2048	FALSE	Q5
989	deepseek-r1-distill-qwen-14b-b200	PL	Q5_PL	2	121	1824	2518	4309	504	630	567	862	1078	970	1366	1708	1537	16384	assumed_from_config_default	15754	15880	2048	2048	FALSE	Q5
990	deepseek-r1-distill-qwen-14b-b200	PL	Q5_PL	3	121	1824	2518	4309	504	630	567	862	1078	970	1366	1708	1537	16384	assumed_from_config_default	15754	15880	2048	2048	FALSE	Q5
991	deepseek-r1-distill-qwen-14b-b200	PT	Q1_PT	1	147	1887	2607	5408	522	652	587	1082	1352	1217	1604	2004	1804	16384	assumed_from_config_default	15732	15862	2048	2048	FALSE	Q1
992	deepseek-r1-distill-qwen-14b-b200	PT	Q1_PT	2	147	1887	2607	5408	522	652	587	1082	1352	1217	1604	2004	1804	16384	assumed_from_config_default	15732	15862	2048	2048	FALSE	Q1
993	deepseek-r1-distill-qwen-14b-b200	PT	Q1_PT	3	147	1887	2607	5408	522	652	587	1082	1352	1217	1604	2004	1804	16384	assumed_from_config_default	15732	15862	2048	2048	FALSE	Q1
994	deepseek-r1-distill-qwen-14b-b200	PT	Q2_PT	1	84	1862	2519	4246	504	630	567	850	1062	956	1354	1692	1523	16384	assumed_from_config_default	15754	15880	2048	2048	FALSE	Q2
995	deepseek-r1-distill-qwen-14b-b200	PT	Q2_PT	2	84	1862	2519	4246	504	630	567	850	1062	956	1354	1692	1523	16384	assumed_from_config_default	15754	15880	2048	2048	FALSE	Q2
996	deepseek-r1-distill-qwen-14b-b200	PT	Q2_PT	3	84	1862	2519	4246	504	630	567	850	1062	956	1354	1692	1523	16384	assumed_from_config_default	15754	15880	2048	2048	FALSE	Q2
997	deepseek-r1-distill-qwen-14b-b200	PT	Q3_PT	1	107	1901	2581	4176	517	646	582	836	1044	940	1353	1690	1522	16384	assumed_from_config_default	15738	15867	2048	2048	FALSE	Q3
998	deepseek-r1-distill-qwen-14b-b200	PT	Q3_PT	2	107	1901	2581	4176	517	646	582	836	1044	940	1353	1690	1522	16384	assumed_from_config_default	15738	15867	2048	2048	FALSE	Q3
999	deepseek-r1-distill-qwen-14b-b200	PT	Q3_PT	3	107	1901	2581	4176	517	646	582	836	1044	940	1353	1690	1522	16384	assumed_from_config_default	15738	15867	2048	2048	FALSE	Q3
1000	deepseek-r1-distill-qwen-14b-b200	PT	Q4_PT	1	132	1843	2548	6028	510	637	574	1206	1507	1356	1716	2144	1930	16384	assumed_from_config_default	15747	15874	2048	2048	FALSE	Q4
1001	deepseek-r1-distill-qwen-14b-b200	PT	Q4_PT	2	132	1843	2548	4514	510	637	574	903	1129	1016	1413	1766	1590	16384	assumed_from_config_default	15747	15874	2048	2048	FALSE	Q4
1002	deepseek-r1-distill-qwen-14b-b200	PT	Q4_PT	3	132	1843	2548	4514	510	637	574	903	1129	1016	1413	1766	1590	16384	assumed_from_config_default	15747	15874	2048	2048	FALSE	Q4
1003	deepseek-r1-distill-qwen-14b-b200	PT	Q5_PT	1	106	1824	2503	3868	501	626	564	774	967	870	1275	1593	1434	16384	assumed_from_config_default	15758	15883	2048	2048	FALSE	Q5
1004	deepseek-r1-distill-qwen-14b-b200	PT	Q5_PT	2	106	1824	2503	3868	501	626	564	774	967	870	1275	1593	1434	16384	assumed_from_config_default	15758	15883	2048	2048	FALSE	Q5
1005	deepseek-r1-distill-qwen-14b-b200	PT	Q5_PT	3	106	1824	2503	3868	501	626	564	774	967	870	1275	1593	1434	16384	assumed_from_config_default	15758	15883	2048	2048	FALSE	Q5
1006	deepseek-r1-distill-qwen-14b-b200	RO	Q1_RO	1	136	1887	2596	5342	520	649	584	1069	1336	1202	1589	1985	1786	16384	assumed_from_config_default	15735	15864	2048	2048	FALSE	Q1
1007	deepseek-r1-distill-qwen-14b-b200	RO	Q1_RO	2	136	1887	2596	5342	520	649	584	1069	1336	1202	1589	1985	1786	16384	assumed_from_config_default	15735	15864	2048	2048	FALSE	Q1
1008	deepseek-r1-distill-qwen-14b-b200	RO	Q1_RO	3	136	1887	2596	5342	520	649	584	1069	1336	1202	1589	1985	1786	16384	assumed_from_config_default	15735	15864	2048	2048	FALSE	Q1
1009	deepseek-r1-distill-qwen-14b-b200	RO	Q2_RO	1	85	1862	2520	4315	504	630	567	863	1079	971	1367	1709	1538	16384	assumed_from_config_default	15754	15880	2048	2048	FALSE	Q2
1010	deepseek-r1-distill-qwen-14b-b200	RO	Q2_RO	2	85	1862	2520	4315	504	630	567	863	1079	971	1367	1709	1538	16384	assumed_from_config_default	15754	15880	2048	2048	FALSE	Q2
1011	deepseek-r1-distill-qwen-14b-b200	RO	Q2_RO	3	85	1862	2520	4315	504	630	567	863	1079	971	1367	1709	1538	16384	assumed_from_config_default	15754	15880	2048	2048	FALSE	Q2
1012	deepseek-r1-distill-qwen-14b-b200	RO	Q3_RO	1	115	1901	2589	5140	518	648	583	1028	1285	1156	1546	1933	1739	16384	assumed_from_config_default	15736	15866	2048	2048	FALSE	Q3
1013	deepseek-r1-distill-qwen-14b-b200	RO	Q3_RO	2	115	1901	2589	5140	518	648	583	1028	1285	1156	1546	1933	1739	16384	assumed_from_config_default	15736	15866	2048	2048	FALSE	Q3
1014	deepseek-r1-distill-qwen-14b-b200	RO	Q3_RO	3	115	1901	2589	5140	518	648	583	1028	1285	1156	1546	1933	1739	16384	assumed_from_config_default	15736	15866	2048	2048	FALSE	Q3
1015	deepseek-r1-distill-qwen-14b-b200	RO	Q4_RO	1	111	1843	2527	3174	506	632	569	635	794	714	1141	1426	1283	16384	assumed_from_config_default	15752	15878	2048	2048	FALSE	Q4
1016	deepseek-r1-distill-qwen-14b-b200	RO	Q4_RO	2	111	1843	2527	3174	506	632	569	635	794	714	1141	1426	1283	16384	assumed_from_config_default	15752	15878	2048	2048	FALSE	Q4
1017	deepseek-r1-distill-qwen-14b-b200	RO	Q4_RO	3	111	1843	2527	3174	506	632	569	635	794	714	1141	1426	1283	16384	assumed_from_config_default	15752	15878	2048	2048	FALSE	Q4
1018	deepseek-r1-distill-qwen-14b-b200	RO	Q5_RO	1	111	1824	2508	4000	502	627	564	800	1000	900	1302	1627	1464	16384	assumed_from_config_default	15757	15882	2048	2048	FALSE	Q5
1019	deepseek-r1-distill-qwen-14b-b200	RO	Q5_RO	2	111	1824	2508	4000	502	627	564	800	1000	900	1302	1627	1464	16384	assumed_from_config_default	15757	15882	2048	2048	FALSE	Q5
1020	deepseek-r1-distill-qwen-14b-b200	RO	Q5_RO	3	111	1824	2508	4000	502	627	564	800	1000	900	1302	1627	1464	16384	assumed_from_config_default	15757	15882	2048	2048	FALSE	Q5
1021	deepseek-r1-distill-qwen-14b-b200	SK	Q1_SK	1	110	1887	2570	4705	514	643	578	941	1177	1059	1455	1820	1637	16384	assumed_from_config_default	15741	15870	2048	2048	FALSE	Q1
1022	deepseek-r1-distill-qwen-14b-b200	SK	Q1_SK	2	110	1887	2570	4705	514	643	578	941	1177	1059	1455	1820	1637	16384	assumed_from_config_default	15741	15870	2048	2048	FALSE	Q1
1023	deepseek-r1-distill-qwen-14b-b200	SK	Q1_SK	3	110	1887	2570	4705	514	643	578	941	1177	1059	1455	1820	1637	16384	assumed_from_config_default	15741	15870	2048	2048	FALSE	Q1
1024	deepseek-r1-distill-qwen-14b-b200	SK	Q2_SK	1	93	1862	2528	4008	506	632	569	802	1002	902	1308	1634	1471	16384	assumed_from_config_default	15752	15878	2048	2048	FALSE	Q2
1025	deepseek-r1-distill-qwen-14b-b200	SK	Q2_SK	2	93	1862	2528	4008	506	632	569	802	1002	902	1308	1634	1471	16384	assumed_from_config_default	15752	15878	2048	2048	FALSE	Q2
1026	deepseek-r1-distill-qwen-14b-b200	SK	Q2_SK	3	93	1862	2528	4008	506	632	569	802	1002	902	1308	1634	1471	16384	assumed_from_config_default	15752	15878	2048	2048	FALSE	Q2
1027	deepseek-r1-distill-qwen-14b-b200	SK	Q3_SK	1	97	1901	2571	4228	515	643	579	846	1057	952	1361	1700	1531	16384	assumed_from_config_default	15741	15869	2048	2048	FALSE	Q3
1028	deepseek-r1-distill-qwen-14b-b200	SK	Q3_SK	2	97	1901	2571	4228	515	643	579	846	1057	952	1361	1700	1531	16384	assumed_from_config_default	15741	15869	2048	2048	FALSE	Q3
1029	deepseek-r1-distill-qwen-14b-b200	SK	Q3_SK	3	97	1901	2571	4228	515	643	579	846	1057	952	1361	1700	1531	16384	assumed_from_config_default	15741	15869	2048	2048	FALSE	Q3
1030	deepseek-r1-distill-qwen-14b-b200	SK	Q4_SK	1	118	1843	2534	5645	507	634	570	1129	1412	1270	1636	2046	1840	16384	assumed_from_config_default	15750	15877	2048	2048	FALSE	Q4
1031	deepseek-r1-distill-qwen-14b-b200	SK	Q4_SK	2	118	1843	2534	5645	507	634	570	1129	1412	1270	1636	2046	1840	16384	assumed_from_config_default	15750	15877	2048	2048	FALSE	Q4
1032	deepseek-r1-distill-qwen-14b-b200	SK	Q4_SK	3	118	1843	2534	5645	507	634	570	1129	1412	1270	1636	2046	1840	16384	assumed_from_config_default	15750	15877	2048	2048	FALSE	Q4
1033	deepseek-r1-distill-qwen-14b-b200	SK	Q5_SK	1	113	1824	2510	5069	502	628	565	1014	1268	1141	1516	1896	1706	16384	assumed_from_config_default	15756	15882	2048	2048	FALSE	Q5
1034	deepseek-r1-distill-qwen-14b-b200	SK	Q5_SK	2	113	1824	2510	5069	502	628	565	1014	1268	1141	1516	1896	1706	16384	assumed_from_config_default	15756	15882	2048	2048	FALSE	Q5
1035	deepseek-r1-distill-qwen-14b-b200	SK	Q5_SK	3	113	1824	2510	5069	502	628	565	1014	1268	1141	1516	1896	1706	16384	assumed_from_config_default	15756	15882	2048	2048	FALSE	Q5
1036	deepseek-r1-distill-qwen-14b-b200	SL	Q1_SL	1	108	1887	2568	4177	514	642	578	836	1045	940	1350	1687	1518	16384	assumed_from_config_default	15742	15870	2048	2048	FALSE	Q1
1037	deepseek-r1-distill-qwen-14b-b200	SL	Q1_SL	2	108	1887	2568	4177	514	642	578	836	1045	940	1350	1687	1518	16384	assumed_from_config_default	15742	15870	2048	2048	FALSE	Q1
1038	deepseek-r1-distill-qwen-14b-b200	SL	Q1_SL	3	108	1887	2568	4177	514	642	578	836	1045	940	1350	1687	1518	16384	assumed_from_config_default	15742	15870	2048	2048	FALSE	Q1
1039	deepseek-r1-distill-qwen-14b-b200	SL	Q2_SL	1	86	1862	2521	6420	505	631	568	1284	1605	1444	1789	2236	2012	16384	assumed_from_config_default	15753	15879	2048	2048	FALSE	Q2
1040	deepseek-r1-distill-qwen-14b-b200	SL	Q2_SL	2	86	1862	2521	6420	505	631	568	1284	1605	1444	1789	2236	2012	16384	assumed_from_config_default	15753	15879	2048	2048	FALSE	Q2
1041	deepseek-r1-distill-qwen-14b-b200	SL	Q2_SL	3	86	1862	2521	6420	505	631	568	1284	1605	1444	1789	2236	2012	16384	assumed_from_config_default	15753	15879	2048	2048	FALSE	Q2
1042	deepseek-r1-distill-qwen-14b-b200	SL	Q3_SL	1	105	1901	2579	4470	516	645	580	894	1118	1006	1410	1763	1586	16384	assumed_from_config_default	15739	15868	2048	2048	FALSE	Q3
1043	deepseek-r1-distill-qwen-14b-b200	SL	Q3_SL	2	105	1901	2579	4470	516	645	580	894	1118	1006	1410	1763	1586	16384	assumed_from_config_default	15739	15868	2048	2048	FALSE	Q3
1044	deepseek-r1-distill-qwen-14b-b200	SL	Q3_SL	3	105	1901	2579	4470	516	645	580	894	1118	1006	1410	1763	1586	16384	assumed_from_config_default	15739	15868	2048	2048	FALSE	Q3
1045	deepseek-r1-distill-qwen-14b-b200	SL	Q4_SL	1	94	1843	2510	3839	502	628	565	768	960	864	1270	1588	1429	16384	assumed_from_config_default	15756	15882	2048	2048	FALSE	Q4
1046	deepseek-r1-distill-qwen-14b-b200	SL	Q4_SL	2	94	1843	2510	3839	502	628	565	768	960	864	1270	1588	1429	16384	assumed_from_config_default	15756	15882	2048	2048	FALSE	Q4
1047	deepseek-r1-distill-qwen-14b-b200	SL	Q4_SL	3	94	1843	2510	3839	502	628	565	768	960	864	1270	1588	1429	16384	assumed_from_config_default	15756	15882	2048	2048	FALSE	Q4
1048	deepseek-r1-distill-qwen-14b-b200	SL	Q5_SL	1	107	1824	2504	3727	501	626	564	746	932	839	1247	1558	1403	16384	assumed_from_config_default	15758	15883	2048	2048	FALSE	Q5
1049	deepseek-r1-distill-qwen-14b-b200	SL	Q5_SL	2	107	1824	2504	4689	501	626	564	938	1173	1056	1439	1799	1620	16384	assumed_from_config_default	15758	15883	2048	2048	FALSE	Q5
1050	deepseek-r1-distill-qwen-14b-b200	SL	Q5_SL	3	107	1824	2504	4689	501	626	564	938	1173	1056	1439	1799	1620	16384	assumed_from_config_default	15758	15883	2048	2048	FALSE	Q5
1051	deepseek-r1-distill-qwen-14b-b200	ES	Q1_ES	1	138	1887	2598	4566	520	650	585	914	1142	1028	1434	1792	1613	16384	assumed_from_config_default	15734	15864	2048	2048	FALSE	Q1
1052	deepseek-r1-distill-qwen-14b-b200	ES	Q1_ES	2	138	1887	2598	4566	520	650	585	914	1142	1028	1434	1792	1613	16384	assumed_from_config_default	15734	15864	2048	2048	FALSE	Q1
1053	deepseek-r1-distill-qwen-14b-b200	ES	Q1_ES	3	138	1887	2598	4566	520	650	585	914	1142	1028	1434	1792	1613	16384	assumed_from_config_default	15734	15864	2048	2048	FALSE	Q1
1054	deepseek-r1-distill-qwen-14b-b200	ES	Q2_ES	1	93	1862	2528	4017	506	632	569	804	1005	904	1310	1637	1473	16384	assumed_from_config_default	15752	15878	2048	2048	FALSE	Q2
1055	deepseek-r1-distill-qwen-14b-b200	ES	Q2_ES	2	93	1862	2528	4017	506	632	569	804	1005	904	1310	1637	1473	16384	assumed_from_config_default	15752	15878	2048	2048	FALSE	Q2
1056	deepseek-r1-distill-qwen-14b-b200	ES	Q2_ES	3	93	1862	2528	4017	506	632	569	804	1005	904	1310	1637	1473	16384	assumed_from_config_default	15752	15878	2048	2048	FALSE	Q2
1057	deepseek-r1-distill-qwen-14b-b200	ES	Q3_ES	1	103	1901	2577	5614	516	645	580	1123	1404	1264	1639	2049	1844	16384	assumed_from_config_default	15739	15868	2048	2048	FALSE	Q3
1058	deepseek-r1-distill-qwen-14b-b200	ES	Q3_ES	2	103	1901	2577	5614	516	645	580	1123	1404	1264	1639	2049	1844	16384	assumed_from_config_default	15739	15868	2048	2048	FALSE	Q3
1059	deepseek-r1-distill-qwen-14b-b200	ES	Q3_ES	3	103	1901	2577	5614	516	645	580	1123	1404	1264	1639	2049	1844	16384	assumed_from_config_default	15739	15868	2048	2048	FALSE	Q3
1060	deepseek-r1-distill-qwen-14b-b200	ES	Q4_ES	1	134	1843	2550	4855	510	638	574	971	1214	1092	1481	1852	1666	16384	assumed_from_config_default	15746	15874	2048	2048	FALSE	Q4
1061	deepseek-r1-distill-qwen-14b-b200	ES	Q4_ES	2	134	1843	2550	4855	510	638	574	971	1214	1092	1481	1852	1666	16384	assumed_from_config_default	15746	15874	2048	2048	FALSE	Q4
1062	deepseek-r1-distill-qwen-14b-b200	ES	Q4_ES	3	134	1843	2550	4855	510	638	574	971	1214	1092	1481	1852	1666	16384	assumed_from_config_default	15746	15874	2048	2048	FALSE	Q4
1063	deepseek-r1-distill-qwen-14b-b200	ES	Q5_ES	1	110	1824	2507	3775	502	627	564	755	944	850	1257	1571	1414	16384	assumed_from_config_default	15757	15882	2048	2048	FALSE	Q5
1064	deepseek-r1-distill-qwen-14b-b200	ES	Q5_ES	2	110	1824	2507	3775	502	627	564	755	944	850	1257	1571	1414	16384	assumed_from_config_default	15757	15882	2048	2048	FALSE	Q5
1065	deepseek-r1-distill-qwen-14b-b200	ES	Q5_ES	3	110	1824	2507	3775	502	627	564	755	944	850	1257	1571	1414	16384	assumed_from_config_default	15757	15882	2048	2048	FALSE	Q5
1066	deepseek-r1-distill-qwen-14b-b200	SV	Q1_SV	1	137	1887	2597	4555	520	650	585	911	1139	1025	1431	1789	1610	16384	assumed_from_config_default	15734	15864	2048	2048	FALSE	Q1
1067	deepseek-r1-distill-qwen-14b-b200	SV	Q1_SV	2	137	1887	2597	4555	520	650	585	911	1139	1025	1431	1789	1610	16384	assumed_from_config_default	15734	15864	2048	2048	FALSE	Q1
1068	deepseek-r1-distill-qwen-14b-b200	SV	Q1_SV	3	137	1887	2597	4555	520	650	585	911	1139	1025	1431	1789	1610	16384	assumed_from_config_default	15734	15864	2048	2048	FALSE	Q1
1069	deepseek-r1-distill-qwen-14b-b200	SV	Q2_SV	1	82	1862	2517	4866	504	630	567	974	1217	1096	1478	1847	1663	16384	assumed_from_config_default	15754	15880	2048	2048	FALSE	Q2
1070	deepseek-r1-distill-qwen-14b-b200	SV	Q2_SV	2	82	1862	2517	4866	504	630	567	974	1217	1096	1478	1847	1663	16384	assumed_from_config_default	15754	15880	2048	2048	FALSE	Q2
1071	deepseek-r1-distill-qwen-14b-b200	SV	Q2_SV	3	82	1862	2517	4866	504	630	567	974	1217	1096	1478	1847	1663	16384	assumed_from_config_default	15754	15880	2048	2048	FALSE	Q2
1072	deepseek-r1-distill-qwen-14b-b200	SV	Q3_SV	1	98	1901	2572	4427	515	643	579	886	1107	996	1401	1750	1575	16384	assumed_from_config_default	15741	15869	2048	2048	FALSE	Q3
1073	deepseek-r1-distill-qwen-14b-b200	SV	Q3_SV	2	98	1901	2572	4427	515	643	579	886	1107	996	1401	1750	1575	16384	assumed_from_config_default	15741	15869	2048	2048	FALSE	Q3
1074	deepseek-r1-distill-qwen-14b-b200	SV	Q3_SV	3	98	1901	2572	4427	515	643	579	886	1107	996	1401	1750	1575	16384	assumed_from_config_default	15741	15869	2048	2048	FALSE	Q3
1075	deepseek-r1-distill-qwen-14b-b200	SV	Q4_SV	1	103	1843	2519	6743	504	630	567	1349	1686	1518	1853	2316	2085	16384	assumed_from_config_default	15754	15880	2048	2048	FALSE	Q4
1076	deepseek-r1-distill-qwen-14b-b200	SV	Q4_SV	2	103	1843	2519	6743	504	630	567	1349	1686	1518	1853	2316	2085	16384	assumed_from_config_default	15754	15880	2048	2048	FALSE	Q4
1077	deepseek-r1-distill-qwen-14b-b200	SV	Q4_SV	3	103	1843	2519	6743	504	630	567	1349	1686	1518	1853	2316	2085	16384	assumed_from_config_default	15754	15880	2048	2048	FALSE	Q4
1078	deepseek-r1-distill-qwen-14b-b200	SV	Q5_SV	1	109	1824	2506	5958	502	627	564	1192	1490	1341	1694	2117	1905	16384	assumed_from_config_default	15757	15882	2048	2048	FALSE	Q5
1079	deepseek-r1-distill-qwen-14b-b200	SV	Q5_SV	2	109	1824	2506	5958	502	627	564	1192	1490	1341	1694	2117	1905	16384	assumed_from_config_default	15757	15882	2048	2048	FALSE	Q5
1080	deepseek-r1-distill-qwen-14b-b200	SV	Q5_SV	3	109	1824	2506	5958	502	627	564	1192	1490	1341	1694	2117	1905	16384	assumed_from_config_default	15757	15882	2048	2048	FALSE	Q5
1081	deepseek-r1-distill-qwen-7b	BG	Q1_BG	1	124	1887	2584	3540	517	646	582	708	885	796	1225	1531	1378	16384	assumed_from_config_default	15738	15867	2048	2048	FALSE	Q1
1082	deepseek-r1-distill-qwen-7b	BG	Q1_BG	2	124	1887	2584	3540	517	646	582	708	885	796	1225	1531	1378	16384	assumed_from_config_default	15738	15867	2048	2048	FALSE	Q1
1083	deepseek-r1-distill-qwen-7b	BG	Q1_BG	3	124	1887	2584	3540	517	646	582	708	885	796	1225	1531	1378	16384	assumed_from_config_default	15738	15867	2048	2048	FALSE	Q1
1084	deepseek-r1-distill-qwen-7b	BG	Q2_BG	1	99	1862	2534	4197	507	634	570	840	1050	945	1347	1684	1515	16384	assumed_from_config_default	15750	15877	2048	2048	FALSE	Q2
1085	deepseek-r1-distill-qwen-7b	BG	Q2_BG	2	99	1862	2534	4197	507	634	570	840	1050	945	1347	1684	1515	16384	assumed_from_config_default	15750	15877	2048	2048	FALSE	Q2
1086	deepseek-r1-distill-qwen-7b	BG	Q2_BG	3	99	1862	2534	4197	507	634	570	840	1050	945	1347	1684	1515	16384	assumed_from_config_default	15750	15877	2048	2048	FALSE	Q2
1087	deepseek-r1-distill-qwen-7b	BG	Q3_BG	1	109	1901	2583	4978	517	646	582	996	1245	1120	1513	1891	1702	16384	assumed_from_config_default	15738	15867	2048	2048	FALSE	Q3
1088	deepseek-r1-distill-qwen-7b	BG	Q3_BG	2	109	1901	2583	4964	517	646	582	993	1241	1117	1510	1887	1699	16384	assumed_from_config_default	15738	15867	2048	2048	FALSE	Q3
1089	deepseek-r1-distill-qwen-7b	BG	Q3_BG	3	109	1901	2583	4964	517	646	582	993	1241	1117	1510	1887	1699	16384	assumed_from_config_default	15738	15867	2048	2048	FALSE	Q3
1090	deepseek-r1-distill-qwen-7b	BG	Q4_BG	1	106	1843	2522	3747	505	631	568	750	937	844	1255	1568	1412	16384	assumed_from_config_default	15753	15879	2048	2048	FALSE	Q4
1091	deepseek-r1-distill-qwen-7b	BG	Q4_BG	2	106	1843	2522	3793	505	631	568	759	949	854	1264	1580	1422	16384	assumed_from_config_default	15753	15879	2048	2048	FALSE	Q4
1092	deepseek-r1-distill-qwen-7b	BG	Q4_BG	3	106	1843	2522	3793	505	631	568	759	949	854	1264	1580	1422	16384	assumed_from_config_default	15753	15879	2048	2048	FALSE	Q4
1093	deepseek-r1-distill-qwen-7b	BG	Q5_BG	1	113	1824	2510	4319	502	628	565	864	1080	972	1366	1708	1537	16384	assumed_from_config_default	15756	15882	2048	2048	FALSE	Q5
1094	deepseek-r1-distill-qwen-7b	BG	Q5_BG	2	113	1824	2510	4086	502	628	565	818	1022	920	1320	1650	1485	16384	assumed_from_config_default	15756	15882	2048	2048	FALSE	Q5
1095	deepseek-r1-distill-qwen-7b	BG	Q5_BG	3	113	1824	2510	4086	502	628	565	818	1022	920	1320	1650	1485	16384	assumed_from_config_default	15756	15882	2048	2048	FALSE	Q5
1096	deepseek-r1-distill-qwen-7b	HR	Q1_HR	1	114	1887	2574	3522	515	644	580	705	881	793	1220	1525	1373	16384	assumed_from_config_default	15740	15869	2048	2048	FALSE	Q1
1097	deepseek-r1-distill-qwen-7b	HR	Q1_HR	2	114	1887	2574	3522	515	644	580	705	881	793	1220	1525	1373	16384	assumed_from_config_default	15740	15869	2048	2048	FALSE	Q1
1098	deepseek-r1-distill-qwen-7b	HR	Q1_HR	3	114	1887	2574	3522	515	644	580	705	881	793	1220	1525	1373	16384	assumed_from_config_default	15740	15869	2048	2048	FALSE	Q1
1099	deepseek-r1-distill-qwen-7b	HR	Q2_HR	1	104	1862	2539	4072	508	635	572	815	1018	916	1323	1653	1488	16384	assumed_from_config_default	15749	15876	2048	2048	FALSE	Q2
1100	deepseek-r1-distill-qwen-7b	HR	Q2_HR	2	104	1862	2539	5761	508	635	572	1153	1441	1297	1661	2076	1869	16384	assumed_from_config_default	15749	15876	2048	2048	FALSE	Q2
1101	deepseek-r1-distill-qwen-7b	HR	Q2_HR	3	104	1862	2539	5761	508	635	572	1153	1441	1297	1661	2076	1869	16384	assumed_from_config_default	15749	15876	2048	2048	FALSE	Q2
1102	deepseek-r1-distill-qwen-7b	HR	Q3_HR	1	90	1901	2564	3283	513	641	577	657	821	739	1170	1462	1316	16384	assumed_from_config_default	15743	15871	2048	2048	FALSE	Q3
1103	deepseek-r1-distill-qwen-7b	HR	Q3_HR	2	90	1901	2564	3283	513	641	577	657	821	739	1170	1462	1316	16384	assumed_from_config_default	15743	15871	2048	2048	FALSE	Q3
1104	deepseek-r1-distill-qwen-7b	HR	Q3_HR	3	90	1901	2564	3283	513	641	577	657	821	739	1170	1462	1316	16384	assumed_from_config_default	15743	15871	2048	2048	FALSE	Q3
1105	deepseek-r1-distill-qwen-7b	HR	Q4_HR	1	105	1843	2521	5511	505	631	568	1103	1378	1240	1608	2009	1808	16384	assumed_from_config_default	15753	15879	2048	2048	FALSE	Q4
1106	deepseek-r1-distill-qwen-7b	HR	Q4_HR	2	105	1843	2521	5511	505	631	568	1103	1378	1240	1608	2009	1808	16384	assumed_from_config_default	15753	15879	2048	2048	FALSE	Q4
1107	deepseek-r1-distill-qwen-7b	HR	Q4_HR	3	105	1843	2521	5511	505	631	568	1103	1378	1240	1608	2009	1808	16384	assumed_from_config_default	15753	15879	2048	2048	FALSE	Q4
1108	deepseek-r1-distill-qwen-7b	HR	Q5_HR	1	109	1824	2506	2189	502	627	564	438	548	493	940	1175	1057	16384	assumed_from_config_default	15757	15882	2048	2048	FALSE	Q5
1109	deepseek-r1-distill-qwen-7b	HR	Q5_HR	2	109	1824	2506	2189	502	627	564	438	548	493	940	1175	1057	16384	assumed_from_config_default	15757	15882	2048	2048	FALSE	Q5
1110	deepseek-r1-distill-qwen-7b	HR	Q5_HR	3	109	1824	2506	2189	502	627	564	438	548	493	940	1175	1057	16384	assumed_from_config_default	15757	15882	2048	2048	FALSE	Q5
1111	deepseek-r1-distill-qwen-7b	CS	Q1_CS	1	111	1887	2571	4117	515	643	579	824	1030	927	1339	1673	1506	16384	assumed_from_config_default	15741	15869	2048	2048	FALSE	Q1
1112	deepseek-r1-distill-qwen-7b	CS	Q1_CS	2	111	1887	2571	4144	515	643	579	829	1036	932	1344	1679	1511	16384	assumed_from_config_default	15741	15869	2048	2048	FALSE	Q1
1113	deepseek-r1-distill-qwen-7b	CS	Q1_CS	3	111	1887	2571	4144	515	643	579	829	1036	932	1344	1679	1511	16384	assumed_from_config_default	15741	15869	2048	2048	FALSE	Q1
1114	deepseek-r1-distill-qwen-7b	CS	Q2_CS	1	92	1862	2527	5353	506	632	569	1071	1339	1205	1577	1971	1774	16384	assumed_from_config_default	15752	15878	2048	2048	FALSE	Q2
1115	deepseek-r1-distill-qwen-7b	CS	Q2_CS	2	92	1862	2527	4103	506	632	569	821	1026	924	1327	1658	1493	16384	assumed_from_config_default	15752	15878	2048	2048	FALSE	Q2
1116	deepseek-r1-distill-qwen-7b	CS	Q2_CS	3	92	1862	2527	4103	506	632	569	821	1026	924	1327	1658	1493	16384	assumed_from_config_default	15752	15878	2048	2048	FALSE	Q2
1117	deepseek-r1-distill-qwen-7b	CS	Q3_CS	1	87	1901	2561	5737	513	641	577	1148	1435	1292	1661	2076	1869	16384	assumed_from_config_default	15743	15871	2048	2048	FALSE	Q3
1118	deepseek-r1-distill-qwen-7b	CS	Q3_CS	2	87	1901	2561	5737	513	641	577	1148	1435	1292	1661	2076	1869	16384	assumed_from_config_default	15743	15871	2048	2048	FALSE	Q3
1119	deepseek-r1-distill-qwen-7b	CS	Q3_CS	3	87	1901	2561	5737	513	641	577	1148	1435	1292	1661	2076	1869	16384	assumed_from_config_default	15743	15871	2048	2048	FALSE	Q3
1120	deepseek-r1-distill-qwen-7b	CS	Q4_CS	1	106	1843	2522	2824	505	631	568	565	706	636	1070	1337	1204	16384	assumed_from_config_default	15753	15879	2048	2048	FALSE	Q4
1121	deepseek-r1-distill-qwen-7b	CS	Q4_CS	2	106	1843	2522	3869	505	631	568	774	968	871	1279	1599	1439	16384	assumed_from_config_default	15753	15879	2048	2048	FALSE	Q4
1122	deepseek-r1-distill-qwen-7b	CS	Q4_CS	3	106	1843	2522	3869	505	631	568	774	968	871	1279	1599	1439	16384	assumed_from_config_default	15753	15879	2048	2048	FALSE	Q4
1123	deepseek-r1-distill-qwen-7b	CS	Q5_CS	1	100	1824	2497	4225	500	625	562	845	1057	951	1345	1682	1513	16384	assumed_from_config_default	15759	15884	2048	2048	FALSE	Q5
1124	deepseek-r1-distill-qwen-7b	CS	Q5_CS	2	100	1824	2497	6730	500	625	562	1346	1683	1514	1846	2308	2076	16384	assumed_from_config_default	15759	15884	2048	2048	FALSE	Q5
1125	deepseek-r1-distill-qwen-7b	CS	Q5_CS	3	100	1824	2497	6730	500	625	562	1346	1683	1514	1846	2308	2076	16384	assumed_from_config_default	15759	15884	2048	2048	FALSE	Q5
1126	deepseek-r1-distill-qwen-7b	DA	Q1_DA	1	134	1887	2594	3767	519	649	584	754	942	848	1273	1591	1432	16384	assumed_from_config_default	15735	15865	2048	2048	FALSE	Q1
1127	deepseek-r1-distill-qwen-7b	DA	Q1_DA	2	134	1887	2594	3780	519	649	584	756	945	850	1275	1594	1434	16384	assumed_from_config_default	15735	15865	2048	2048	FALSE	Q1
1128	deepseek-r1-distill-qwen-7b	DA	Q1_DA	3	134	1887	2594	3780	519	649	584	756	945	850	1275	1594	1434	16384	assumed_from_config_default	15735	15865	2048	2048	FALSE	Q1
1129	deepseek-r1-distill-qwen-7b	DA	Q2_DA	1	93	1862	2528	2888	506	632	569	578	722	650	1084	1354	1219	16384	assumed_from_config_default	15752	15878	2048	2048	FALSE	Q2
1130	deepseek-r1-distill-qwen-7b	DA	Q2_DA	2	93	1862	2528	2888	506	632	569	578	722	650	1084	1354	1219	16384	assumed_from_config_default	15752	15878	2048	2048	FALSE	Q2
1131	deepseek-r1-distill-qwen-7b	DA	Q2_DA	3	93	1862	2528	2888	506	632	569	578	722	650	1084	1354	1219	16384	assumed_from_config_default	15752	15878	2048	2048	FALSE	Q2
1132	deepseek-r1-distill-qwen-7b	DA	Q3_DA	1	98	1901	2572	6800	515	643	579	1360	1700	1530	1875	2343	2109	16384	assumed_from_config_default	15741	15869	2048	2048	FALSE	Q3
1133	deepseek-r1-distill-qwen-7b	DA	Q3_DA	2	98	1901	2572	6800	515	643	579	1360	1700	1530	1875	2343	2109	16384	assumed_from_config_default	15741	15869	2048	2048	FALSE	Q3
1134	deepseek-r1-distill-qwen-7b	DA	Q3_DA	3	98	1901	2572	6800	515	643	579	1360	1700	1530	1875	2343	2109	16384	assumed_from_config_default	15741	15869	2048	2048	FALSE	Q3
1135	deepseek-r1-distill-qwen-7b	DA	Q4_DA	1	106	1843	2522	7730	505	631	568	1546	1933	1740	2051	2564	2308	16384	assumed_from_config_default	15753	15879	2048	2048	FALSE	Q4
1136	deepseek-r1-distill-qwen-7b	DA	Q4_DA	2	106	1843	2522	7730	505	631	568	1546	1933	1740	2051	2564	2308	16384	assumed_from_config_default	15753	15879	2048	2048	FALSE	Q4
1137	deepseek-r1-distill-qwen-7b	DA	Q4_DA	3	106	1843	2522	7730	505	631	568	1546	1933	1740	2051	2564	2308	16384	assumed_from_config_default	15753	15879	2048	2048	FALSE	Q4
1138	deepseek-r1-distill-qwen-7b	DA	Q5_DA	1	107	1824	2504	4404	501	626	564	881	1101	991	1382	1727	1555	16384	assumed_from_config_default	15758	15883	2048	2048	FALSE	Q5
1139	deepseek-r1-distill-qwen-7b	DA	Q5_DA	2	107	1824	2504	3510	501	626	564	702	878	790	1203	1504	1354	16384	assumed_from_config_default	15758	15883	2048	2048	FALSE	Q5
1140	deepseek-r1-distill-qwen-7b	DA	Q5_DA	3	107	1824	2504	3510	501	626	564	702	878	790	1203	1504	1354	16384	assumed_from_config_default	15758	15883	2048	2048	FALSE	Q5
1141	deepseek-r1-distill-qwen-7b	NL	Q1_NL	1	139	1887	2599	3848	520	650	585	770	962	866	1290	1612	1451	16384	assumed_from_config_default	15734	15864	2048	2048	FALSE	Q1
1142	deepseek-r1-distill-qwen-7b	NL	Q1_NL	2	139	1887	2599	3848	520	650	585	770	962	866	1290	1612	1451	16384	assumed_from_config_default	15734	15864	2048	2048	FALSE	Q1
1143	deepseek-r1-distill-qwen-7b	NL	Q1_NL	3	139	1887	2599	3848	520	650	585	770	962	866	1290	1612	1451	16384	assumed_from_config_default	15734	15864	2048	2048	FALSE	Q1
1144	deepseek-r1-distill-qwen-7b	NL	Q2_NL	1	92	1862	2527	3801	506	632	569	761	951	856	1267	1583	1425	16384	assumed_from_config_default	15752	15878	2048	2048	FALSE	Q2
1145	deepseek-r1-distill-qwen-7b	NL	Q2_NL	2	92	1862	2527	3801	506	632	569	761	951	856	1267	1583	1425	16384	assumed_from_config_default	15752	15878	2048	2048	FALSE	Q2
1146	deepseek-r1-distill-qwen-7b	NL	Q2_NL	3	92	1862	2527	3801	506	632	569	761	951	856	1267	1583	1425	16384	assumed_from_config_default	15752	15878	2048	2048	FALSE	Q2
1147	deepseek-r1-distill-qwen-7b	NL	Q3_NL	1	120	1901	2594	3540	519	649	584	708	885	796	1227	1534	1380	16384	assumed_from_config_default	15735	15865	2048	2048	FALSE	Q3
1148	deepseek-r1-distill-qwen-7b	NL	Q3_NL	2	120	1901	2594	3540	519	649	584	708	885	796	1227	1534	1380	16384	assumed_from_config_default	15735	15865	2048	2048	FALSE	Q3
1149	deepseek-r1-distill-qwen-7b	NL	Q3_NL	3	120	1901	2594	3540	519	649	584	708	885	796	1227	1534	1380	16384	assumed_from_config_default	15735	15865	2048	2048	FALSE	Q3
1150	deepseek-r1-distill-qwen-7b	NL	Q4_NL	1	111	1843	2527	4125	506	632	569	825	1032	928	1331	1664	1497	16384	assumed_from_config_default	15752	15878	2048	2048	FALSE	Q4
1151	deepseek-r1-distill-qwen-7b	NL	Q4_NL	2	111	1843	2527	4125	506	632	569	825	1032	928	1331	1664	1497	16384	assumed_from_config_default	15752	15878	2048	2048	FALSE	Q4
1152	deepseek-r1-distill-qwen-7b	NL	Q4_NL	3	111	1843	2527	4125	506	632	569	825	1032	928	1331	1664	1497	16384	assumed_from_config_default	15752	15878	2048	2048	FALSE	Q4
1153	deepseek-r1-distill-qwen-7b	NL	Q5_NL	1	92	1824	2489	4037	498	623	560	808	1010	909	1306	1633	1469	16384	assumed_from_config_default	15761	15886	2048	2048	FALSE	Q5
1154	deepseek-r1-distill-qwen-7b	NL	Q5_NL	2	92	1824	2489	4037	498	623	560	808	1010	909	1306	1633	1469	16384	assumed_from_config_default	15761	15886	2048	2048	FALSE	Q5
1155	deepseek-r1-distill-qwen-7b	NL	Q5_NL	3	92	1824	2489	4037	498	623	560	808	1010	909	1306	1633	1469	16384	assumed_from_config_default	15761	15886	2048	2048	FALSE	Q5
1156	deepseek-r1-distill-qwen-7b	EN	Q1_EN	1	126	1887	2586	3785	518	647	582	757	947	852	1275	1594	1434	16384	assumed_from_config_default	15737	15866	2048	2048	FALSE	Q1
1157	deepseek-r1-distill-qwen-7b	EN	Q1_EN	2	126	1887	2586	3785	518	647	582	757	947	852	1275	1594	1434	16384	assumed_from_config_default	15737	15866	2048	2048	FALSE	Q1
1158	deepseek-r1-distill-qwen-7b	EN	Q1_EN	3	126	1887	2586	3785	518	647	582	757	947	852	1275	1594	1434	16384	assumed_from_config_default	15737	15866	2048	2048	FALSE	Q1
1159	deepseek-r1-distill-qwen-7b	EN	Q2_EN	1	77	1862	2512	4732	503	628	566	947	1183	1065	1450	1811	1631	16384	assumed_from_config_default	15756	15881	2048	2048	FALSE	Q2
1160	deepseek-r1-distill-qwen-7b	EN	Q2_EN	2	77	1862	2512	5005	503	628	566	1001	1252	1126	1504	1880	1692	16384	assumed_from_config_default	15756	15881	2048	2048	FALSE	Q2
1161	deepseek-r1-distill-qwen-7b	EN	Q2_EN	3	77	1862	2512	5005	503	628	566	1001	1252	1126	1504	1880	1692	16384	assumed_from_config_default	15756	15881	2048	2048	FALSE	Q2
1162	deepseek-r1-distill-qwen-7b	EN	Q3_EN	1	101	1901	2575	5380	515	644	580	1076	1345	1210	1591	1989	1790	16384	assumed_from_config_default	15740	15869	2048	2048	FALSE	Q3
1163	deepseek-r1-distill-qwen-7b	EN	Q3_EN	2	101	1901	2575	5380	515	644	580	1076	1345	1210	1591	1989	1790	16384	assumed_from_config_default	15740	15869	2048	2048	FALSE	Q3
1164	deepseek-r1-distill-qwen-7b	EN	Q3_EN	3	101	1901	2575	5380	515	644	580	1076	1345	1210	1591	1989	1790	16384	assumed_from_config_default	15740	15869	2048	2048	FALSE	Q3
1165	deepseek-r1-distill-qwen-7b	EN	Q4_EN	1	95	1843	2511	7387	503	628	566	1478	1847	1662	1981	2475	2228	16384	assumed_from_config_default	15756	15881	2048	2048	FALSE	Q4
1166	deepseek-r1-distill-qwen-7b	EN	Q4_EN	2	95	1843	2511	7513	503	628	566	1503	1879	1691	2006	2507	2257	16384	assumed_from_config_default	15756	15881	2048	2048	FALSE	Q4
1167	deepseek-r1-distill-qwen-7b	EN	Q4_EN	3	95	1843	2511	7513	503	628	566	1503	1879	1691	2006	2507	2257	16384	assumed_from_config_default	15756	15881	2048	2048	FALSE	Q4
1168	deepseek-r1-distill-qwen-7b	EN	Q5_EN	1	88	1824	2485	4944	497	622	560	989	1236	1112	1486	1858	1672	16384	assumed_from_config_default	15762	15887	2048	2048	FALSE	Q5
1169	deepseek-r1-distill-qwen-7b	EN	Q5_EN	2	88	1824	2485	5257	497	622	560	1052	1315	1184	1549	1937	1744	16384	assumed_from_config_default	15762	15887	2048	2048	FALSE	Q5
1170	deepseek-r1-distill-qwen-7b	EN	Q5_EN	3	88	1824	2485	5257	497	622	560	1052	1315	1184	1549	1937	1744	16384	assumed_from_config_default	15762	15887	2048	2048	FALSE	Q5
1171	deepseek-r1-distill-qwen-7b	ET	Q1_ET	1	124	1887	2584	5607	517	646	582	1122	1402	1262	1639	2048	1844	16384	assumed_from_config_default	15738	15867	2048	2048	FALSE	Q1
1172	deepseek-r1-distill-qwen-7b	ET	Q1_ET	2	124	1887	2584	5633	517	646	582	1127	1409	1268	1644	2055	1850	16384	assumed_from_config_default	15738	15867	2048	2048	FALSE	Q1
1173	deepseek-r1-distill-qwen-7b	ET	Q1_ET	3	124	1887	2584	5633	517	646	582	1127	1409	1268	1644	2055	1850	16384	assumed_from_config_default	15738	15867	2048	2048	FALSE	Q1
1174	deepseek-r1-distill-qwen-7b	ET	Q2_ET	1	96	1862	2531	5260	507	633	570	1052	1315	1184	1559	1948	1754	16384	assumed_from_config_default	15751	15877	2048	2048	FALSE	Q2
1175	deepseek-r1-distill-qwen-7b	ET	Q2_ET	2	96	1862	2531	4450	507	633	570	890	1113	1002	1397	1746	1572	16384	assumed_from_config_default	15751	15877	2048	2048	FALSE	Q2
1176	deepseek-r1-distill-qwen-7b	ET	Q2_ET	3	96	1862	2531	4450	507	633	570	890	1113	1002	1397	1746	1572	16384	assumed_from_config_default	15751	15877	2048	2048	FALSE	Q2
1177	deepseek-r1-distill-qwen-7b	ET	Q3_ET	1	81	1901	2555	6328	511	639	575	1266	1582	1424	1777	2221	1999	16384	assumed_from_config_default	15745	15873	2048	2048	FALSE	Q3
1178	deepseek-r1-distill-qwen-7b	ET	Q3_ET	2	81	1901	2555	6328	511	639	575	1266	1582	1424	1777	2221	1999	16384	assumed_from_config_default	15745	15873	2048	2048	FALSE	Q3
1179	deepseek-r1-distill-qwen-7b	ET	Q3_ET	3	81	1901	2555	6328	511	639	575	1266	1582	1424	1777	2221	1999	16384	assumed_from_config_default	15745	15873	2048	2048	FALSE	Q3
1180	deepseek-r1-distill-qwen-7b	ET	Q4_ET	1	105	1843	2521	5523	505	631	568	1105	1381	1243	1610	2012	1811	16384	assumed_from_config_default	15753	15879	2048	2048	FALSE	Q4
1181	deepseek-r1-distill-qwen-7b	ET	Q4_ET	2	105	1843	2521	5523	505	631	568	1105	1381	1243	1610	2012	1811	16384	assumed_from_config_default	15753	15879	2048	2048	FALSE	Q4
1182	deepseek-r1-distill-qwen-7b	ET	Q4_ET	3	105	1843	2521	5523	505	631	568	1105	1381	1243	1610	2012	1811	16384	assumed_from_config_default	15753	15879	2048	2048	FALSE	Q4
1183	deepseek-r1-distill-qwen-7b	ET	Q5_ET	1	93	1824	2490	3120	498	623	560	624	780	702	1122	1403	1262	16384	assumed_from_config_default	15761	15886	2048	2048	FALSE	Q5
1184	deepseek-r1-distill-qwen-7b	ET	Q5_ET	2	93	1824	2490	3870	498	623	560	774	968	871	1272	1591	1431	16384	assumed_from_config_default	15761	15886	2048	2048	FALSE	Q5
1185	deepseek-r1-distill-qwen-7b	ET	Q5_ET	3	93	1824	2490	3870	498	623	560	774	968	871	1272	1591	1431	16384	assumed_from_config_default	15761	15886	2048	2048	FALSE	Q5
1186	deepseek-r1-distill-qwen-7b	FI	Q1_FI	1	133	1887	2593	6320	519	649	584	1264	1580	1422	1783	2229	2006	16384	assumed_from_config_default	15735	15865	2048	2048	FALSE	Q1
1187	deepseek-r1-distill-qwen-7b	FI	Q1_FI	2	133	1887	2593	6320	519	649	584	1264	1580	1422	1783	2229	2006	16384	assumed_from_config_default	15735	15865	2048	2048	FALSE	Q1
1188	deepseek-r1-distill-qwen-7b	FI	Q1_FI	3	133	1887	2593	6320	519	649	584	1264	1580	1422	1783	2229	2006	16384	assumed_from_config_default	15735	15865	2048	2048	FALSE	Q1
1189	deepseek-r1-distill-qwen-7b	FI	Q2_FI	1	100	1862	2535	5859	507	634	570	1172	1465	1318	1679	2099	1888	16384	assumed_from_config_default	15750	15877	2048	2048	FALSE	Q2
1190	deepseek-r1-distill-qwen-7b	FI	Q2_FI	2	100	1862	2535	3609	507	634	570	722	903	812	1229	1537	1382	16384	assumed_from_config_default	15750	15877	2048	2048	FALSE	Q2
1191	deepseek-r1-distill-qwen-7b	FI	Q2_FI	3	100	1862	2535	3609	507	634	570	722	903	812	1229	1537	1382	16384	assumed_from_config_default	15750	15877	2048	2048	FALSE	Q2
1192	deepseek-r1-distill-qwen-7b	FI	Q3_FI	1	94	1901	2568	6690	514	642	578	1338	1673	1506	1852	2315	2084	16384	assumed_from_config_default	15742	15870	2048	2048	FALSE	Q3
1193	deepseek-r1-distill-qwen-7b	FI	Q3_FI	2	94	1901	2568	6690	514	642	578	1338	1673	1506	1852	2315	2084	16384	assumed_from_config_default	15742	15870	2048	2048	FALSE	Q3
1194	deepseek-r1-distill-qwen-7b	FI	Q3_FI	3	94	1901	2568	6690	514	642	578	1338	1673	1506	1852	2315	2084	16384	assumed_from_config_default	15742	15870	2048	2048	FALSE	Q3
1195	deepseek-r1-distill-qwen-7b	FI	Q4_FI	1	101	1843	2517	5314	504	630	567	1063	1329	1196	1567	1959	1763	16384	assumed_from_config_default	15754	15880	2048	2048	FALSE	Q4
1196	deepseek-r1-distill-qwen-7b	FI	Q4_FI	2	101	1843	2517	5895	504	630	567	1179	1474	1326	1683	2104	1893	16384	assumed_from_config_default	15754	15880	2048	2048	FALSE	Q4
1197	deepseek-r1-distill-qwen-7b	FI	Q4_FI	3	101	1843	2517	5895	504	630	567	1179	1474	1326	1683	2104	1893	16384	assumed_from_config_default	15754	15880	2048	2048	FALSE	Q4
1198	deepseek-r1-distill-qwen-7b	FI	Q5_FI	1	91	1824	2488	3721	498	622	560	745	931	838	1243	1553	1398	16384	assumed_from_config_default	15762	15886	2048	2048	FALSE	Q5
1199	deepseek-r1-distill-qwen-7b	FI	Q5_FI	2	91	1824	2488	3721	498	622	560	745	931	838	1243	1553	1398	16384	assumed_from_config_default	15762	15886	2048	2048	FALSE	Q5
1200	deepseek-r1-distill-qwen-7b	FI	Q5_FI	3	91	1824	2488	3721	498	622	560	745	931	838	1243	1553	1398	16384	assumed_from_config_default	15762	15886	2048	2048	FALSE	Q5
1201	deepseek-r1-distill-qwen-7b	FR	Q1_FR	1	159	1887	2619	3981	524	655	590	797	996	896	1321	1651	1486	16384	assumed_from_config_default	15729	15860	2048	2048	FALSE	Q1
1202	deepseek-r1-distill-qwen-7b	FR	Q1_FR	2	159	1887	2619	3981	524	655	590	797	996	896	1321	1651	1486	16384	assumed_from_config_default	15729	15860	2048	2048	FALSE	Q1
1203	deepseek-r1-distill-qwen-7b	FR	Q1_FR	3	159	1887	2619	3981	524	655	590	797	996	896	1321	1651	1486	16384	assumed_from_config_default	15729	15860	2048	2048	FALSE	Q1
1204	deepseek-r1-distill-qwen-7b	FR	Q2_FR	1	99	1862	2534	4007	507	634	570	802	1002	902	1309	1636	1472	16384	assumed_from_config_default	15750	15877	2048	2048	FALSE	Q2
1205	deepseek-r1-distill-qwen-7b	FR	Q2_FR	2	99	1862	2534	5237	507	634	570	1048	1310	1179	1555	1944	1749	16384	assumed_from_config_default	15750	15877	2048	2048	FALSE	Q2
1206	deepseek-r1-distill-qwen-7b	FR	Q2_FR	3	99	1862	2534	5237	507	634	570	1048	1310	1179	1555	1944	1749	16384	assumed_from_config_default	15750	15877	2048	2048	FALSE	Q2
1207	deepseek-r1-distill-qwen-7b	FR	Q3_FR	1	127	1901	2601	4782	521	651	586	957	1196	1076	1478	1847	1662	16384	assumed_from_config_default	15733	15863	2048	2048	FALSE	Q3
1208	deepseek-r1-distill-qwen-7b	FR	Q3_FR	2	127	1901	2601	4713	521	651	586	943	1179	1061	1464	1830	1647	16384	assumed_from_config_default	15733	15863	2048	2048	FALSE	Q3
1209	deepseek-r1-distill-qwen-7b	FR	Q3_FR	3	127	1901	2601	4713	521	651	586	943	1179	1061	1464	1830	1647	16384	assumed_from_config_default	15733	15863	2048	2048	FALSE	Q3
1210	deepseek-r1-distill-qwen-7b	FR	Q4_FR	1	125	1843	2541	3094	509	636	572	619	774	696	1128	1410	1268	16384	assumed_from_config_default	15748	15875	2048	2048	FALSE	Q4
1211	deepseek-r1-distill-qwen-7b	FR	Q4_FR	2	125	1843	2541	2998	509	636	572	600	750	675	1109	1386	1247	16384	assumed_from_config_default	15748	15875	2048	2048	FALSE	Q4
1212	deepseek-r1-distill-qwen-7b	FR	Q4_FR	3	125	1843	2541	2998	509	636	572	600	750	675	1109	1386	1247	16384	assumed_from_config_default	15748	15875	2048	2048	FALSE	Q4
1213	deepseek-r1-distill-qwen-7b	FR	Q5_FR	1	112	1824	2509	5098	502	628	565	1020	1275	1148	1522	1903	1713	16384	assumed_from_config_default	15756	15882	2048	2048	FALSE	Q5
1214	deepseek-r1-distill-qwen-7b	FR	Q5_FR	2	112	1824	2509	4674	502	628	565	935	1169	1052	1437	1797	1617	16384	assumed_from_config_default	15756	15882	2048	2048	FALSE	Q5
1215	deepseek-r1-distill-qwen-7b	FR	Q5_FR	3	112	1824	2509	4674	502	628	565	935	1169	1052	1437	1797	1617	16384	assumed_from_config_default	15756	15882	2048	2048	FALSE	Q5
1216	deepseek-r1-distill-qwen-7b	DE	Q1_DE	1	133	1887	2593	5401	519	649	584	1081	1351	1216	1600	2000	1800	16384	assumed_from_config_default	15735	15865	2048	2048	FALSE	Q1
1217	deepseek-r1-distill-qwen-7b	DE	Q1_DE	2	133	1887	2593	6710	519	649	584	1342	1678	1510	1861	2327	2094	16384	assumed_from_config_default	15735	15865	2048	2048	FALSE	Q1
1218	deepseek-r1-distill-qwen-7b	DE	Q1_DE	3	133	1887	2593	6710	519	649	584	1342	1678	1510	1861	2327	2094	16384	assumed_from_config_default	15735	15865	2048	2048	FALSE	Q1
1219	deepseek-r1-distill-qwen-7b	DE	Q2_DE	1	103	1862	2538	4891	508	635	572	979	1223	1101	1487	1858	1673	16384	assumed_from_config_default	15749	15876	2048	2048	FALSE	Q2
1220	deepseek-r1-distill-qwen-7b	DE	Q2_DE	2	103	1862	2538	4891	508	635	572	979	1223	1101	1487	1858	1673	16384	assumed_from_config_default	15749	15876	2048	2048	FALSE	Q2
1221	deepseek-r1-distill-qwen-7b	DE	Q2_DE	3	103	1862	2538	4891	508	635	572	979	1223	1101	1487	1858	1673	16384	assumed_from_config_default	15749	15876	2048	2048	FALSE	Q2
1222	deepseek-r1-distill-qwen-7b	DE	Q3_DE	1	107	1901	2581	4220	517	646	582	844	1055	950	1361	1701	1532	16384	assumed_from_config_default	15738	15867	2048	2048	FALSE	Q3
1223	deepseek-r1-distill-qwen-7b	DE	Q3_DE	2	107	1901	2581	4220	517	646	582	844	1055	950	1361	1701	1532	16384	assumed_from_config_default	15738	15867	2048	2048	FALSE	Q3
1224	deepseek-r1-distill-qwen-7b	DE	Q3_DE	3	107	1901	2581	4220	517	646	582	844	1055	950	1361	1701	1532	16384	assumed_from_config_default	15738	15867	2048	2048	FALSE	Q3
1225	deepseek-r1-distill-qwen-7b	DE	Q4_DE	1	111	1843	2527	5769	506	632	569	1154	1443	1298	1660	2075	1867	16384	assumed_from_config_default	15752	15878	2048	2048	FALSE	Q4
1226	deepseek-r1-distill-qwen-7b	DE	Q4_DE	2	111	1843	2527	4440	506	632	569	888	1110	999	1394	1742	1568	16384	assumed_from_config_default	15752	15878	2048	2048	FALSE	Q4
1227	deepseek-r1-distill-qwen-7b	DE	Q4_DE	3	111	1843	2527	4440	506	632	569	888	1110	999	1394	1742	1568	16384	assumed_from_config_default	15752	15878	2048	2048	FALSE	Q4
1228	deepseek-r1-distill-qwen-7b	DE	Q5_DE	1	94	1824	2491	3147	499	623	561	630	787	708	1129	1410	1269	16384	assumed_from_config_default	15761	15885	2048	2048	FALSE	Q5
1229	deepseek-r1-distill-qwen-7b	DE	Q5_DE	2	94	1824	2491	3147	499	623	561	630	787	708	1129	1410	1269	16384	assumed_from_config_default	15761	15885	2048	2048	FALSE	Q5
1230	deepseek-r1-distill-qwen-7b	DE	Q5_DE	3	94	1824	2491	3147	499	623	561	630	787	708	1129	1410	1269	16384	assumed_from_config_default	15761	15885	2048	2048	FALSE	Q5
1231	deepseek-r1-distill-qwen-7b	EL	Q1_EL	1	129	1887	2589	4445	518	648	583	889	1112	1000	1407	1760	1583	16384	assumed_from_config_default	15736	15866	2048	2048	FALSE	Q1
1232	deepseek-r1-distill-qwen-7b	EL	Q1_EL	2	129	1887	2589	4445	518	648	583	889	1112	1000	1407	1760	1583	16384	assumed_from_config_default	15736	15866	2048	2048	FALSE	Q1
1233	deepseek-r1-distill-qwen-7b	EL	Q1_EL	3	129	1887	2589	4445	518	648	583	889	1112	1000	1407	1760	1583	16384	assumed_from_config_default	15736	15866	2048	2048	FALSE	Q1
1234	deepseek-r1-distill-qwen-7b	EL	Q2_EL	1	96	1862	2531	4399	507	633	570	880	1100	990	1387	1733	1560	16384	assumed_from_config_default	15751	15877	2048	2048	FALSE	Q2
1235	deepseek-r1-distill-qwen-7b	EL	Q2_EL	2	96	1862	2531	4419	507	633	570	884	1105	994	1391	1738	1564	16384	assumed_from_config_default	15751	15877	2048	2048	FALSE	Q2
1236	deepseek-r1-distill-qwen-7b	EL	Q2_EL	3	96	1862	2531	4419	507	633	570	884	1105	994	1391	1738	1564	16384	assumed_from_config_default	15751	15877	2048	2048	FALSE	Q2
1237	deepseek-r1-distill-qwen-7b	EL	Q3_EL	1	120	1901	2594	4489	519	649	584	898	1123	1010	1417	1772	1594	16384	assumed_from_config_default	15735	15865	2048	2048	FALSE	Q3
1238	deepseek-r1-distill-qwen-7b	EL	Q3_EL	2	120	1901	2594	4489	519	649	584	898	1123	1010	1417	1772	1594	16384	assumed_from_config_default	15735	15865	2048	2048	FALSE	Q3
1239	deepseek-r1-distill-qwen-7b	EL	Q3_EL	3	120	1901	2594	4489	519	649	584	898	1123	1010	1417	1772	1594	16384	assumed_from_config_default	15735	15865	2048	2048	FALSE	Q3
1240	deepseek-r1-distill-qwen-7b	EL	Q4_EL	1	115	1843	2531	4367	507	633	570	874	1092	983	1381	1725	1553	16384	assumed_from_config_default	15751	15877	2048	2048	FALSE	Q4
1241	deepseek-r1-distill-qwen-7b	EL	Q4_EL	2	115	1843	2531	4367	507	633	570	874	1092	983	1381	1725	1553	16384	assumed_from_config_default	15751	15877	2048	2048	FALSE	Q4
1242	deepseek-r1-distill-qwen-7b	EL	Q4_EL	3	115	1843	2531	4367	507	633	570	874	1092	983	1381	1725	1553	16384	assumed_from_config_default	15751	15877	2048	2048	FALSE	Q4
1243	deepseek-r1-distill-qwen-7b	EL	Q5_EL	1	126	1824	2523	3748	505	631	568	750	937	844	1255	1568	1412	16384	assumed_from_config_default	15753	15879	2048	2048	FALSE	Q5
1244	deepseek-r1-distill-qwen-7b	EL	Q5_EL	2	126	1824	2523	3748	505	631	568	750	937	844	1255	1568	1412	16384	assumed_from_config_default	15753	15879	2048	2048	FALSE	Q5
1245	deepseek-r1-distill-qwen-7b	EL	Q5_EL	3	126	1824	2523	3748	505	631	568	750	937	844	1255	1568	1412	16384	assumed_from_config_default	15753	15879	2048	2048	FALSE	Q5
1246	deepseek-r1-distill-qwen-7b	HU	Q1_HU	1	122	1887	2582	4141	517	646	582	829	1036	932	1346	1682	1514	16384	assumed_from_config_default	15738	15867	2048	2048	FALSE	Q1
1247	deepseek-r1-distill-qwen-7b	HU	Q1_HU	2	122	1887	2582	4141	517	646	582	829	1036	932	1346	1682	1514	16384	assumed_from_config_default	15738	15867	2048	2048	FALSE	Q1
1248	deepseek-r1-distill-qwen-7b	HU	Q1_HU	3	122	1887	2582	4141	517	646	582	829	1036	932	1346	1682	1514	16384	assumed_from_config_default	15738	15867	2048	2048	FALSE	Q1
1249	deepseek-r1-distill-qwen-7b	HU	Q2_HU	1	98	1862	2533	3160	507	634	570	632	790	711	1139	1424	1281	16384	assumed_from_config_default	15750	15877	2048	2048	FALSE	Q2
1250	deepseek-r1-distill-qwen-7b	HU	Q2_HU	2	98	1862	2533	3278	507	634	570	656	820	738	1163	1454	1308	16384	assumed_from_config_default	15750	15877	2048	2048	FALSE	Q2
1251	deepseek-r1-distill-qwen-7b	HU	Q2_HU	3	98	1862	2533	3278	507	634	570	656	820	738	1163	1454	1308	16384	assumed_from_config_default	15750	15877	2048	2048	FALSE	Q2
1252	deepseek-r1-distill-qwen-7b	HU	Q3_HU	1	107	1901	2581	5271	517	646	582	1055	1318	1186	1572	1964	1768	16384	assumed_from_config_default	15738	15867	2048	2048	FALSE	Q3
1253	deepseek-r1-distill-qwen-7b	HU	Q3_HU	2	107	1901	2581	5434	517	646	582	1087	1359	1223	1604	2005	1805	16384	assumed_from_config_default	15738	15867	2048	2048	FALSE	Q3
1254	deepseek-r1-distill-qwen-7b	HU	Q3_HU	3	107	1901	2581	5434	517	646	582	1087	1359	1223	1604	2005	1805	16384	assumed_from_config_default	15738	15867	2048	2048	FALSE	Q3
1255	deepseek-r1-distill-qwen-7b	HU	Q4_HU	1	126	1843	2542	5531	509	636	572	1107	1383	1245	1616	2019	1817	16384	assumed_from_config_default	15748	15875	2048	2048	FALSE	Q4
1256	deepseek-r1-distill-qwen-7b	HU	Q4_HU	2	126	1843	2542	5531	509	636	572	1107	1383	1245	1616	2019	1817	16384	assumed_from_config_default	15748	15875	2048	2048	FALSE	Q4
1257	deepseek-r1-distill-qwen-7b	HU	Q4_HU	3	126	1843	2542	5531	509	636	572	1107	1383	1245	1616	2019	1817	16384	assumed_from_config_default	15748	15875	2048	2048	FALSE	Q4
1258	deepseek-r1-distill-qwen-7b	HU	Q5_HU	1	107	1824	2504	4633	501	626	564	927	1159	1043	1428	1785	1607	16384	assumed_from_config_default	15758	15883	2048	2048	FALSE	Q5
1259	deepseek-r1-distill-qwen-7b	HU	Q5_HU	2	107	1824	2504	3969	501	626	564	794	993	894	1295	1619	1458	16384	assumed_from_config_default	15758	15883	2048	2048	FALSE	Q5
1260	deepseek-r1-distill-qwen-7b	HU	Q5_HU	3	107	1824	2504	3969	501	626	564	794	993	894	1295	1619	1458	16384	assumed_from_config_default	15758	15883	2048	2048	FALSE	Q5
1261	deepseek-r1-distill-qwen-7b	GA	Q1_GA	1	135	1887	2595	6499	519	649	584	1300	1625	1462	1819	2274	2046	16384	assumed_from_config_default	15735	15865	2048	2048	FALSE	Q1
1262	deepseek-r1-distill-qwen-7b	GA	Q1_GA	2	135	1887	2595	6499	519	649	584	1300	1625	1462	1819	2274	2046	16384	assumed_from_config_default	15735	15865	2048	2048	FALSE	Q1
1263	deepseek-r1-distill-qwen-7b	GA	Q1_GA	3	135	1887	2595	6499	519	649	584	1300	1625	1462	1819	2274	2046	16384	assumed_from_config_default	15735	15865	2048	2048	FALSE	Q1
1264	deepseek-r1-distill-qwen-7b	GA	Q2_GA	1	99	1862	2534	6670	507	634	570	1334	1668	1501	1841	2302	2071	16384	assumed_from_config_default	15750	15877	2048	2048	FALSE	Q2
1265	deepseek-r1-distill-qwen-7b	GA	Q2_GA	2	99	1862	2534	6670	507	634	570	1334	1668	1501	1841	2302	2071	16384	assumed_from_config_default	15750	15877	2048	2048	FALSE	Q2
1266	deepseek-r1-distill-qwen-7b	GA	Q2_GA	3	99	1862	2534	6670	507	634	570	1334	1668	1501	1841	2302	2071	16384	assumed_from_config_default	15750	15877	2048	2048	FALSE	Q2
1267	deepseek-r1-distill-qwen-7b	GA	Q3_GA	1	101	1901	2575	6736	515	644	580	1348	1684	1516	1863	2328	2096	16384	assumed_from_config_default	15740	15869	2048	2048	FALSE	Q3
1268	deepseek-r1-distill-qwen-7b	GA	Q3_GA	2	101	1901	2575	6559	515	644	580	1312	1640	1476	1827	2284	2056	16384	assumed_from_config_default	15740	15869	2048	2048	FALSE	Q3
1269	deepseek-r1-distill-qwen-7b	GA	Q3_GA	3	101	1901	2575	6559	515	644	580	1312	1640	1476	1827	2284	2056	16384	assumed_from_config_default	15740	15869	2048	2048	FALSE	Q3
1270	deepseek-r1-distill-qwen-7b	GA	Q4_GA	1	98	1843	2514	5899	503	629	566	1180	1475	1328	1683	2104	1894	16384	assumed_from_config_default	15755	15881	2048	2048	FALSE	Q4
1271	deepseek-r1-distill-qwen-7b	GA	Q4_GA	2	98	1843	2514	5899	503	629	566	1180	1475	1328	1683	2104	1894	16384	assumed_from_config_default	15755	15881	2048	2048	FALSE	Q4
1272	deepseek-r1-distill-qwen-7b	GA	Q4_GA	3	98	1843	2514	5899	503	629	566	1180	1475	1328	1683	2104	1894	16384	assumed_from_config_default	15755	15881	2048	2048	FALSE	Q4
1273	deepseek-r1-distill-qwen-7b	GA	Q5_GA	1	129	1824	2526	7507	506	632	569	1502	1877	1690	2008	2509	2259	16384	assumed_from_config_default	15752	15878	2048	2048	FALSE	Q5
1274	deepseek-r1-distill-qwen-7b	GA	Q5_GA	2	129	1824	2526	7507	506	632	569	1502	1877	1690	2008	2509	2259	16384	assumed_from_config_default	15752	15878	2048	2048	FALSE	Q5
1275	deepseek-r1-distill-qwen-7b	GA	Q5_GA	3	129	1824	2526	7507	506	632	569	1502	1877	1690	2008	2509	2259	16384	assumed_from_config_default	15752	15878	2048	2048	FALSE	Q5
1276	deepseek-r1-distill-qwen-7b	IT	Q1_IT	1	126	1887	2586	4711	518	647	582	943	1178	1060	1461	1825	1642	16384	assumed_from_config_default	15737	15866	2048	2048	FALSE	Q1
1277	deepseek-r1-distill-qwen-7b	IT	Q1_IT	2	126	1887	2586	5086	518	647	582	1018	1272	1145	1536	1919	1727	16384	assumed_from_config_default	15737	15866	2048	2048	FALSE	Q1
1278	deepseek-r1-distill-qwen-7b	IT	Q1_IT	3	126	1887	2586	5086	518	647	582	1018	1272	1145	1536	1919	1727	16384	assumed_from_config_default	15737	15866	2048	2048	FALSE	Q1
1279	deepseek-r1-distill-qwen-7b	IT	Q2_IT	1	94	1862	2529	4421	506	633	570	885	1106	996	1391	1739	1566	16384	assumed_from_config_default	15751	15878	2048	2048	FALSE	Q2
1280	deepseek-r1-distill-qwen-7b	IT	Q2_IT	2	94	1862	2529	4421	506	633	570	885	1106	996	1391	1739	1566	16384	assumed_from_config_default	15751	15878	2048	2048	FALSE	Q2
1281	deepseek-r1-distill-qwen-7b	IT	Q2_IT	3	94	1862	2529	4421	506	633	570	885	1106	996	1391	1739	1566	16384	assumed_from_config_default	15751	15878	2048	2048	FALSE	Q2
1282	deepseek-r1-distill-qwen-7b	IT	Q3_IT	1	107	1901	2581	4264	517	646	582	853	1066	960	1370	1712	1542	16384	assumed_from_config_default	15738	15867	2048	2048	FALSE	Q3
1283	deepseek-r1-distill-qwen-7b	IT	Q3_IT	2	107	1901	2581	3866	517	646	582	774	967	870	1291	1613	1452	16384	assumed_from_config_default	15738	15867	2048	2048	FALSE	Q3
1284	deepseek-r1-distill-qwen-7b	IT	Q3_IT	3	107	1901	2581	3866	517	646	582	774	967	870	1291	1613	1452	16384	assumed_from_config_default	15738	15867	2048	2048	FALSE	Q3
1285	deepseek-r1-distill-qwen-7b	IT	Q4_IT	1	122	1843	2538	5361	508	635	572	1073	1341	1207	1581	1976	1779	16384	assumed_from_config_default	15749	15876	2048	2048	FALSE	Q4
1286	deepseek-r1-distill-qwen-7b	IT	Q4_IT	2	122	1843	2538	5361	508	635	572	1073	1341	1207	1581	1976	1779	16384	assumed_from_config_default	15749	15876	2048	2048	FALSE	Q4
1287	deepseek-r1-distill-qwen-7b	IT	Q4_IT	3	122	1843	2538	5361	508	635	572	1073	1341	1207	1581	1976	1779	16384	assumed_from_config_default	15749	15876	2048	2048	FALSE	Q4
1288	deepseek-r1-distill-qwen-7b	IT	Q5_IT	1	103	1824	2500	4696	500	625	562	940	1174	1057	1440	1799	1619	16384	assumed_from_config_default	15759	15884	2048	2048	FALSE	Q5
1289	deepseek-r1-distill-qwen-7b	IT	Q5_IT	2	103	1824	2500	4696	500	625	562	940	1174	1057	1440	1799	1619	16384	assumed_from_config_default	15759	15884	2048	2048	FALSE	Q5
1290	deepseek-r1-distill-qwen-7b	IT	Q5_IT	3	103	1824	2500	4696	500	625	562	940	1174	1057	1440	1799	1619	16384	assumed_from_config_default	15759	15884	2048	2048	FALSE	Q5
1291	deepseek-r1-distill-qwen-7b	LV	Q1_LV	1	116	1887	2576	3578	516	644	580	716	895	806	1232	1539	1386	16384	assumed_from_config_default	15740	15868	2048	2048	FALSE	Q1
1292	deepseek-r1-distill-qwen-7b	LV	Q1_LV	2	116	1887	2576	3578	516	644	580	716	895	806	1232	1539	1386	16384	assumed_from_config_default	15740	15868	2048	2048	FALSE	Q1
1293	deepseek-r1-distill-qwen-7b	LV	Q1_LV	3	116	1887	2576	3578	516	644	580	716	895	806	1232	1539	1386	16384	assumed_from_config_default	15740	15868	2048	2048	FALSE	Q1
1294	deepseek-r1-distill-qwen-7b	LV	Q2_LV	1	92	1862	2527	4342	506	632	569	869	1086	978	1375	1718	1547	16384	assumed_from_config_default	15752	15878	2048	2048	FALSE	Q2
1295	deepseek-r1-distill-qwen-7b	LV	Q2_LV	2	92	1862	2527	4342	506	632	569	869	1086	978	1375	1718	1547	16384	assumed_from_config_default	15752	15878	2048	2048	FALSE	Q2
1296	deepseek-r1-distill-qwen-7b	LV	Q2_LV	3	92	1862	2527	4342	506	632	569	869	1086	978	1375	1718	1547	16384	assumed_from_config_default	15752	15878	2048	2048	FALSE	Q2
1297	deepseek-r1-distill-qwen-7b	LV	Q3_LV	1	96	1901	2570	4347	514	643	578	870	1087	978	1384	1730	1556	16384	assumed_from_config_default	15741	15870	2048	2048	FALSE	Q3
1298	deepseek-r1-distill-qwen-7b	LV	Q3_LV	2	96	1901	2570	4347	514	643	578	870	1087	978	1384	1730	1556	16384	assumed_from_config_default	15741	15870	2048	2048	FALSE	Q3
1299	deepseek-r1-distill-qwen-7b	LV	Q3_LV	3	96	1901	2570	4347	514	643	578	870	1087	978	1384	1730	1556	16384	assumed_from_config_default	15741	15870	2048	2048	FALSE	Q3
1300	deepseek-r1-distill-qwen-7b	LV	Q4_LV	1	106	1843	2522	3413	505	631	568	683	854	768	1188	1485	1336	16384	assumed_from_config_default	15753	15879	2048	2048	FALSE	Q4
1301	deepseek-r1-distill-qwen-7b	LV	Q4_LV	2	106	1843	2522	3413	505	631	568	683	854	768	1188	1485	1336	16384	assumed_from_config_default	15753	15879	2048	2048	FALSE	Q4
1302	deepseek-r1-distill-qwen-7b	LV	Q4_LV	3	106	1843	2522	3413	505	631	568	683	854	768	1188	1485	1336	16384	assumed_from_config_default	15753	15879	2048	2048	FALSE	Q4
1303	deepseek-r1-distill-qwen-7b	LV	Q5_LV	1	103	1824	2500	4298	500	625	562	860	1075	968	1360	1700	1530	16384	assumed_from_config_default	15759	15884	2048	2048	FALSE	Q5
1304	deepseek-r1-distill-qwen-7b	LV	Q5_LV	2	103	1824	2500	4600	500	625	562	920	1150	1035	1420	1775	1597	16384	assumed_from_config_default	15759	15884	2048	2048	FALSE	Q5
1305	deepseek-r1-distill-qwen-7b	LV	Q5_LV	3	103	1824	2500	4600	500	625	562	920	1150	1035	1420	1775	1597	16384	assumed_from_config_default	15759	15884	2048	2048	FALSE	Q5
1306	deepseek-r1-distill-qwen-7b	LT	Q1_LT	1	128	1887	2588	6721	518	647	582	1345	1681	1513	1863	2328	2095	16384	assumed_from_config_default	15737	15866	2048	2048	FALSE	Q1
1307	deepseek-r1-distill-qwen-7b	LT	Q1_LT	2	128	1887	2588	6721	518	647	582	1345	1681	1513	1863	2328	2095	16384	assumed_from_config_default	15737	15866	2048	2048	FALSE	Q1
1308	deepseek-r1-distill-qwen-7b	LT	Q1_LT	3	128	1887	2588	6721	518	647	582	1345	1681	1513	1863	2328	2095	16384	assumed_from_config_default	15737	15866	2048	2048	FALSE	Q1
1309	deepseek-r1-distill-qwen-7b	LT	Q2_LT	1	91	1862	2526	3635	506	632	569	727	909	818	1233	1541	1387	16384	assumed_from_config_default	15752	15878	2048	2048	FALSE	Q2
1310	deepseek-r1-distill-qwen-7b	LT	Q2_LT	2	91	1862	2526	4385	506	632	569	877	1097	987	1383	1729	1556	16384	assumed_from_config_default	15752	15878	2048	2048	FALSE	Q2
1311	deepseek-r1-distill-qwen-7b	LT	Q2_LT	3	91	1862	2526	4385	506	632	569	877	1097	987	1383	1729	1556	16384	assumed_from_config_default	15752	15878	2048	2048	FALSE	Q2
1312	deepseek-r1-distill-qwen-7b	LT	Q3_LT	1	98	1901	2572	4279	515	643	579	856	1070	963	1371	1713	1542	16384	assumed_from_config_default	15741	15869	2048	2048	FALSE	Q3
1313	deepseek-r1-distill-qwen-7b	LT	Q3_LT	2	98	1901	2572	4353	515	643	579	871	1089	980	1386	1732	1559	16384	assumed_from_config_default	15741	15869	2048	2048	FALSE	Q3
1314	deepseek-r1-distill-qwen-7b	LT	Q3_LT	3	98	1901	2572	4353	515	643	579	871	1089	980	1386	1732	1559	16384	assumed_from_config_default	15741	15869	2048	2048	FALSE	Q3
1315	deepseek-r1-distill-qwen-7b	LT	Q4_LT	1	103	1843	2519	4992	504	630	567	999	1248	1124	1503	1878	1691	16384	assumed_from_config_default	15754	15880	2048	2048	FALSE	Q4
1316	deepseek-r1-distill-qwen-7b	LT	Q4_LT	2	103	1843	2519	4849	504	630	567	970	1213	1092	1474	1843	1659	16384	assumed_from_config_default	15754	15880	2048	2048	FALSE	Q4
1317	deepseek-r1-distill-qwen-7b	LT	Q4_LT	3	103	1843	2519	4849	504	630	567	970	1213	1092	1474	1843	1659	16384	assumed_from_config_default	15754	15880	2048	2048	FALSE	Q4
1318	deepseek-r1-distill-qwen-7b	LT	Q5_LT	1	103	1824	2500	6588	500	625	562	1318	1647	1482	1818	2272	2044	16384	assumed_from_config_default	15759	15884	2048	2048	FALSE	Q5
1319	deepseek-r1-distill-qwen-7b	LT	Q5_LT	2	103	1824	2500	6588	500	625	562	1318	1647	1482	1818	2272	2044	16384	assumed_from_config_default	15759	15884	2048	2048	FALSE	Q5
1320	deepseek-r1-distill-qwen-7b	LT	Q5_LT	3	103	1824	2500	6588	500	625	562	1318	1647	1482	1818	2272	2044	16384	assumed_from_config_default	15759	15884	2048	2048	FALSE	Q5
1321	deepseek-r1-distill-qwen-7b	MT	Q1_MT	1	132	1887	2592	5116	519	648	584	1024	1279	1152	1543	1927	1736	16384	assumed_from_config_default	15736	15865	2048	2048	FALSE	Q1
1322	deepseek-r1-distill-qwen-7b	MT	Q1_MT	2	132	1887	2592	5116	519	648	584	1024	1279	1152	1543	1927	1736	16384	assumed_from_config_default	15736	15865	2048	2048	FALSE	Q1
1323	deepseek-r1-distill-qwen-7b	MT	Q1_MT	3	132	1887	2592	5116	519	648	584	1024	1279	1152	1543	1927	1736	16384	assumed_from_config_default	15736	15865	2048	2048	FALSE	Q1
1324	deepseek-r1-distill-qwen-7b	MT	Q2_MT	1	88	1862	2523	4033	505	631	568	807	1009	908	1312	1640	1476	16384	assumed_from_config_default	15753	15879	2048	2048	FALSE	Q2
1325	deepseek-r1-distill-qwen-7b	MT	Q2_MT	2	88	1862	2523	4033	505	631	568	807	1009	908	1312	1640	1476	16384	assumed_from_config_default	15753	15879	2048	2048	FALSE	Q2
1326	deepseek-r1-distill-qwen-7b	MT	Q2_MT	3	88	1862	2523	4033	505	631	568	807	1009	908	1312	1640	1476	16384	assumed_from_config_default	15753	15879	2048	2048	FALSE	Q2
1327	deepseek-r1-distill-qwen-7b	MT	Q3_MT	1	109	1901	2583	5527	517	646	582	1106	1382	1244	1623	2028	1826	16384	assumed_from_config_default	15738	15867	2048	2048	FALSE	Q3
1328	deepseek-r1-distill-qwen-7b	MT	Q3_MT	2	109	1901	2583	5148	517	646	582	1030	1287	1158	1547	1933	1740	16384	assumed_from_config_default	15738	15867	2048	2048	FALSE	Q3
1329	deepseek-r1-distill-qwen-7b	MT	Q3_MT	3	109	1901	2583	5148	517	646	582	1030	1287	1158	1547	1933	1740	16384	assumed_from_config_default	15738	15867	2048	2048	FALSE	Q3
1330	deepseek-r1-distill-qwen-7b	MT	Q4_MT	1	112	1843	2528	5028	506	632	569	1006	1257	1132	1512	1889	1701	16384	assumed_from_config_default	15752	15878	2048	2048	FALSE	Q4
1331	deepseek-r1-distill-qwen-7b	MT	Q4_MT	2	112	1843	2528	5181	506	632	569	1037	1296	1166	1543	1928	1735	16384	assumed_from_config_default	15752	15878	2048	2048	FALSE	Q4
1332	deepseek-r1-distill-qwen-7b	MT	Q4_MT	3	112	1843	2528	5181	506	632	569	1037	1296	1166	1543	1928	1735	16384	assumed_from_config_default	15752	15878	2048	2048	FALSE	Q4
1333	deepseek-r1-distill-qwen-7b	MT	Q5_MT	1	121	1824	2518	5609	504	630	567	1122	1403	1262	1626	2033	1829	16384	assumed_from_config_default	15754	15880	2048	2048	FALSE	Q5
1334	deepseek-r1-distill-qwen-7b	MT	Q5_MT	2	121	1824	2518	5609	504	630	567	1122	1403	1262	1626	2033	1829	16384	assumed_from_config_default	15754	15880	2048	2048	FALSE	Q5
1335	deepseek-r1-distill-qwen-7b	MT	Q5_MT	3	121	1824	2518	5609	504	630	567	1122	1403	1262	1626	2033	1829	16384	assumed_from_config_default	15754	15880	2048	2048	FALSE	Q5
1336	deepseek-r1-distill-qwen-7b	PL	Q1_PL	1	119	1887	2579	4188	516	645	580	838	1047	942	1354	1692	1522	16384	assumed_from_config_default	15739	15868	2048	2048	FALSE	Q1
1337	deepseek-r1-distill-qwen-7b	PL	Q1_PL	2	119	1887	2579	3848	516	645	580	770	962	866	1286	1607	1446	16384	assumed_from_config_default	15739	15868	2048	2048	FALSE	Q1
1338	deepseek-r1-distill-qwen-7b	PL	Q1_PL	3	119	1887	2579	3848	516	645	580	770	962	866	1286	1607	1446	16384	assumed_from_config_default	15739	15868	2048	2048	FALSE	Q1
1339	deepseek-r1-distill-qwen-7b	PL	Q2_PL	1	79	1862	2514	5219	503	629	566	1044	1305	1174	1547	1934	1740	16384	assumed_from_config_default	15755	15881	2048	2048	FALSE	Q2
1340	deepseek-r1-distill-qwen-7b	PL	Q2_PL	2	79	1862	2514	5219	503	629	566	1044	1305	1174	1547	1934	1740	16384	assumed_from_config_default	15755	15881	2048	2048	FALSE	Q2
1341	deepseek-r1-distill-qwen-7b	PL	Q2_PL	3	79	1862	2514	5219	503	629	566	1044	1305	1174	1547	1934	1740	16384	assumed_from_config_default	15755	15881	2048	2048	FALSE	Q2
1342	deepseek-r1-distill-qwen-7b	PL	Q3_PL	1	119	1901	2593	3085	519	649	584	617	772	694	1136	1421	1278	16384	assumed_from_config_default	15735	15865	2048	2048	FALSE	Q3
1343	deepseek-r1-distill-qwen-7b	PL	Q3_PL	2	119	1901	2593	3180	519	649	584	636	795	716	1155	1444	1300	16384	assumed_from_config_default	15735	15865	2048	2048	FALSE	Q3
1344	deepseek-r1-distill-qwen-7b	PL	Q3_PL	3	119	1901	2593	3180	519	649	584	636	795	716	1155	1444	1300	16384	assumed_from_config_default	15735	15865	2048	2048	FALSE	Q3
1345	deepseek-r1-distill-qwen-7b	PL	Q4_PL	1	101	1843	2517	2368	504	630	567	474	592	533	978	1222	1100	16384	assumed_from_config_default	15754	15880	2048	2048	FALSE	Q4
1346	deepseek-r1-distill-qwen-7b	PL	Q4_PL	2	101	1843	2517	2368	504	630	567	474	592	533	978	1222	1100	16384	assumed_from_config_default	15754	15880	2048	2048	FALSE	Q4
1347	deepseek-r1-distill-qwen-7b	PL	Q4_PL	3	101	1843	2517	2368	504	630	567	474	592	533	978	1222	1100	16384	assumed_from_config_default	15754	15880	2048	2048	FALSE	Q4
1348	deepseek-r1-distill-qwen-7b	PL	Q5_PL	1	121	1824	2518	3341	504	630	567	669	836	752	1173	1466	1319	16384	assumed_from_config_default	15754	15880	2048	2048	FALSE	Q5
1349	deepseek-r1-distill-qwen-7b	PL	Q5_PL	2	121	1824	2518	3341	504	630	567	669	836	752	1173	1466	1319	16384	assumed_from_config_default	15754	15880	2048	2048	FALSE	Q5
1350	deepseek-r1-distill-qwen-7b	PL	Q5_PL	3	121	1824	2518	3341	504	630	567	669	836	752	1173	1466	1319	16384	assumed_from_config_default	15754	15880	2048	2048	FALSE	Q5
1351	deepseek-r1-distill-qwen-7b	PT	Q1_PT	1	147	1887	2607	4363	522	652	587	873	1091	982	1395	1743	1569	16384	assumed_from_config_default	15732	15862	2048	2048	FALSE	Q1
1352	deepseek-r1-distill-qwen-7b	PT	Q1_PT	2	147	1887	2607	4363	522	652	587	873	1091	982	1395	1743	1569	16384	assumed_from_config_default	15732	15862	2048	2048	FALSE	Q1
1353	deepseek-r1-distill-qwen-7b	PT	Q1_PT	3	147	1887	2607	4363	522	652	587	873	1091	982	1395	1743	1569	16384	assumed_from_config_default	15732	15862	2048	2048	FALSE	Q1
1354	deepseek-r1-distill-qwen-7b	PT	Q2_PT	1	84	1862	2519	3499	504	630	567	700	875	788	1204	1505	1355	16384	assumed_from_config_default	15754	15880	2048	2048	FALSE	Q2
1355	deepseek-r1-distill-qwen-7b	PT	Q2_PT	2	84	1862	2519	3499	504	630	567	700	875	788	1204	1505	1355	16384	assumed_from_config_default	15754	15880	2048	2048	FALSE	Q2
1356	deepseek-r1-distill-qwen-7b	PT	Q2_PT	3	84	1862	2519	3499	504	630	567	700	875	788	1204	1505	1355	16384	assumed_from_config_default	15754	15880	2048	2048	FALSE	Q2
1357	deepseek-r1-distill-qwen-7b	PT	Q3_PT	1	107	1901	2581	5319	517	646	582	1064	1330	1197	1581	1976	1779	16384	assumed_from_config_default	15738	15867	2048	2048	FALSE	Q3
1358	deepseek-r1-distill-qwen-7b	PT	Q3_PT	2	107	1901	2581	4860	517	646	582	972	1215	1094	1489	1861	1676	16384	assumed_from_config_default	15738	15867	2048	2048	FALSE	Q3
1359	deepseek-r1-distill-qwen-7b	PT	Q3_PT	3	107	1901	2581	4860	517	646	582	972	1215	1094	1489	1861	1676	16384	assumed_from_config_default	15738	15867	2048	2048	FALSE	Q3
1360	deepseek-r1-distill-qwen-7b	PT	Q4_PT	1	132	1843	2548	3675	510	637	574	735	919	827	1245	1556	1401	16384	assumed_from_config_default	15747	15874	2048	2048	FALSE	Q4
1361	deepseek-r1-distill-qwen-7b	PT	Q4_PT	2	132	1843	2548	3825	510	637	574	765	957	861	1275	1594	1435	16384	assumed_from_config_default	15747	15874	2048	2048	FALSE	Q4
1362	deepseek-r1-distill-qwen-7b	PT	Q4_PT	3	132	1843	2548	3825	510	637	574	765	957	861	1275	1594	1435	16384	assumed_from_config_default	15747	15874	2048	2048	FALSE	Q4
1363	deepseek-r1-distill-qwen-7b	PT	Q5_PT	1	106	1824	2503	4448	501	626	564	890	1112	1001	1391	1738	1565	16384	assumed_from_config_default	15758	15883	2048	2048	FALSE	Q5
1364	deepseek-r1-distill-qwen-7b	PT	Q5_PT	2	106	1824	2503	4448	501	626	564	890	1112	1001	1391	1738	1565	16384	assumed_from_config_default	15758	15883	2048	2048	FALSE	Q5
1365	deepseek-r1-distill-qwen-7b	PT	Q5_PT	3	106	1824	2503	4448	501	626	564	890	1112	1001	1391	1738	1565	16384	assumed_from_config_default	15758	15883	2048	2048	FALSE	Q5
1366	deepseek-r1-distill-qwen-7b	RO	Q1_RO	1	136	1887	2596	3098	520	649	584	620	775	698	1140	1424	1282	16384	assumed_from_config_default	15735	15864	2048	2048	FALSE	Q1
1367	deepseek-r1-distill-qwen-7b	RO	Q1_RO	2	136	1887	2596	3719	520	649	584	744	930	837	1264	1579	1421	16384	assumed_from_config_default	15735	15864	2048	2048	FALSE	Q1
1368	deepseek-r1-distill-qwen-7b	RO	Q1_RO	3	136	1887	2596	3719	520	649	584	744	930	837	1264	1579	1421	16384	assumed_from_config_default	15735	15864	2048	2048	FALSE	Q1
1369	deepseek-r1-distill-qwen-7b	RO	Q2_RO	1	85	1862	2520	3495	504	630	567	699	874	786	1203	1504	1353	16384	assumed_from_config_default	15754	15880	2048	2048	FALSE	Q2
1370	deepseek-r1-distill-qwen-7b	RO	Q2_RO	2	85	1862	2520	3495	504	630	567	699	874	786	1203	1504	1353	16384	assumed_from_config_default	15754	15880	2048	2048	FALSE	Q2
1371	deepseek-r1-distill-qwen-7b	RO	Q2_RO	3	85	1862	2520	3495	504	630	567	699	874	786	1203	1504	1353	16384	assumed_from_config_default	15754	15880	2048	2048	FALSE	Q2
1372	deepseek-r1-distill-qwen-7b	RO	Q3_RO	1	115	1901	2589	3658	518	648	583	732	915	824	1250	1563	1407	16384	assumed_from_config_default	15736	15866	2048	2048	FALSE	Q3
1373	deepseek-r1-distill-qwen-7b	RO	Q3_RO	2	115	1901	2589	3658	518	648	583	732	915	824	1250	1563	1407	16384	assumed_from_config_default	15736	15866	2048	2048	FALSE	Q3
1374	deepseek-r1-distill-qwen-7b	RO	Q3_RO	3	115	1901	2589	3658	518	648	583	732	915	824	1250	1563	1407	16384	assumed_from_config_default	15736	15866	2048	2048	FALSE	Q3
1375	deepseek-r1-distill-qwen-7b	RO	Q4_RO	1	111	1843	2527	3519	506	632	569	704	880	792	1210	1512	1361	16384	assumed_from_config_default	15752	15878	2048	2048	FALSE	Q4
1376	deepseek-r1-distill-qwen-7b	RO	Q4_RO	2	111	1843	2527	3519	506	632	569	704	880	792	1210	1512	1361	16384	assumed_from_config_default	15752	15878	2048	2048	FALSE	Q4
1377	deepseek-r1-distill-qwen-7b	RO	Q4_RO	3	111	1843	2527	3519	506	632	569	704	880	792	1210	1512	1361	16384	assumed_from_config_default	15752	15878	2048	2048	FALSE	Q4
1378	deepseek-r1-distill-qwen-7b	RO	Q5_RO	1	111	1824	2508	3872	502	627	564	775	968	872	1277	1595	1436	16384	assumed_from_config_default	15757	15882	2048	2048	FALSE	Q5
1379	deepseek-r1-distill-qwen-7b	RO	Q5_RO	2	111	1824	2508	4147	502	627	564	830	1037	934	1332	1664	1498	16384	assumed_from_config_default	15757	15882	2048	2048	FALSE	Q5
1380	deepseek-r1-distill-qwen-7b	RO	Q5_RO	3	111	1824	2508	4147	502	627	564	830	1037	934	1332	1664	1498	16384	assumed_from_config_default	15757	15882	2048	2048	FALSE	Q5
1381	deepseek-r1-distill-qwen-7b	SK	Q1_SK	1	110	1887	2570	2956	514	643	578	592	739	666	1106	1382	1244	16384	assumed_from_config_default	15741	15870	2048	2048	FALSE	Q1
1382	deepseek-r1-distill-qwen-7b	SK	Q1_SK	2	110	1887	2570	2956	514	643	578	592	739	666	1106	1382	1244	16384	assumed_from_config_default	15741	15870	2048	2048	FALSE	Q1
1383	deepseek-r1-distill-qwen-7b	SK	Q1_SK	3	110	1887	2570	2956	514	643	578	592	739	666	1106	1382	1244	16384	assumed_from_config_default	15741	15870	2048	2048	FALSE	Q1
1384	deepseek-r1-distill-qwen-7b	SK	Q2_SK	1	93	1862	2528	3595	506	632	569	719	899	809	1225	1531	1378	16384	assumed_from_config_default	15752	15878	2048	2048	FALSE	Q2
1385	deepseek-r1-distill-qwen-7b	SK	Q2_SK	2	93	1862	2528	3522	506	632	569	705	881	793	1211	1513	1362	16384	assumed_from_config_default	15752	15878	2048	2048	FALSE	Q2
1386	deepseek-r1-distill-qwen-7b	SK	Q2_SK	3	93	1862	2528	3522	506	632	569	705	881	793	1211	1513	1362	16384	assumed_from_config_default	15752	15878	2048	2048	FALSE	Q2
1387	deepseek-r1-distill-qwen-7b	SK	Q3_SK	1	97	1901	2571	5094	515	643	579	1019	1274	1146	1534	1917	1725	16384	assumed_from_config_default	15741	15869	2048	2048	FALSE	Q3
1388	deepseek-r1-distill-qwen-7b	SK	Q3_SK	2	97	1901	2571	5094	515	643	579	1019	1274	1146	1534	1917	1725	16384	assumed_from_config_default	15741	15869	2048	2048	FALSE	Q3
1389	deepseek-r1-distill-qwen-7b	SK	Q3_SK	3	97	1901	2571	5094	515	643	579	1019	1274	1146	1534	1917	1725	16384	assumed_from_config_default	15741	15869	2048	2048	FALSE	Q3
1390	deepseek-r1-distill-qwen-7b	SK	Q4_SK	1	118	1843	2534	3975	507	634	570	795	994	894	1302	1628	1464	16384	assumed_from_config_default	15750	15877	2048	2048	FALSE	Q4
1391	deepseek-r1-distill-qwen-7b	SK	Q4_SK	2	118	1843	2534	3975	507	634	570	795	994	894	1302	1628	1464	16384	assumed_from_config_default	15750	15877	2048	2048	FALSE	Q4
1392	deepseek-r1-distill-qwen-7b	SK	Q4_SK	3	118	1843	2534	3975	507	634	570	795	994	894	1302	1628	1464	16384	assumed_from_config_default	15750	15877	2048	2048	FALSE	Q4
1393	deepseek-r1-distill-qwen-7b	SK	Q5_SK	1	113	1824	2510	4293	502	628	565	859	1074	966	1361	1702	1531	16384	assumed_from_config_default	15756	15882	2048	2048	FALSE	Q5
1394	deepseek-r1-distill-qwen-7b	SK	Q5_SK	2	113	1824	2510	4140	502	628	565	828	1035	932	1330	1663	1497	16384	assumed_from_config_default	15756	15882	2048	2048	FALSE	Q5
1395	deepseek-r1-distill-qwen-7b	SK	Q5_SK	3	113	1824	2510	4140	502	628	565	828	1035	932	1330	1663	1497	16384	assumed_from_config_default	15756	15882	2048	2048	FALSE	Q5
1396	deepseek-r1-distill-qwen-7b	SL	Q1_SL	1	108	1887	2568	7539	514	642	578	1508	1885	1696	2022	2527	2274	16384	assumed_from_config_default	15742	15870	2048	2048	FALSE	Q1
1397	deepseek-r1-distill-qwen-7b	SL	Q1_SL	2	108	1887	2568	7672	514	642	578	1535	1918	1726	2049	2560	2304	16384	assumed_from_config_default	15742	15870	2048	2048	FALSE	Q1
1398	deepseek-r1-distill-qwen-7b	SL	Q1_SL	3	108	1887	2568	7672	514	642	578	1535	1918	1726	2049	2560	2304	16384	assumed_from_config_default	15742	15870	2048	2048	FALSE	Q1
1399	deepseek-r1-distill-qwen-7b	SL	Q2_SL	1	86	1862	2521	2467	505	631	568	494	617	556	999	1248	1124	16384	assumed_from_config_default	15753	15879	2048	2048	FALSE	Q2
1400	deepseek-r1-distill-qwen-7b	SL	Q2_SL	2	86	1862	2521	2467	505	631	568	494	617	556	999	1248	1124	16384	assumed_from_config_default	15753	15879	2048	2048	FALSE	Q2
1401	deepseek-r1-distill-qwen-7b	SL	Q2_SL	3	86	1862	2521	2467	505	631	568	494	617	556	999	1248	1124	16384	assumed_from_config_default	15753	15879	2048	2048	FALSE	Q2
1402	deepseek-r1-distill-qwen-7b	SL	Q3_SL	1	105	1901	2579	6209	516	645	580	1242	1553	1398	1758	2198	1978	16384	assumed_from_config_default	15739	15868	2048	2048	FALSE	Q3
1403	deepseek-r1-distill-qwen-7b	SL	Q3_SL	2	105	1901	2579	6209	516	645	580	1242	1553	1398	1758	2198	1978	16384	assumed_from_config_default	15739	15868	2048	2048	FALSE	Q3
1404	deepseek-r1-distill-qwen-7b	SL	Q3_SL	3	105	1901	2579	6209	516	645	580	1242	1553	1398	1758	2198	1978	16384	assumed_from_config_default	15739	15868	2048	2048	FALSE	Q3
1405	deepseek-r1-distill-qwen-7b	SL	Q4_SL	1	94	1843	2510	7907	502	628	565	1582	1977	1780	2084	2605	2345	16384	assumed_from_config_default	15756	15882	2048	2048	FALSE	Q4
1406	deepseek-r1-distill-qwen-7b	SL	Q4_SL	2	94	1843	2510	7907	502	628	565	1582	1977	1780	2084	2605	2345	16384	assumed_from_config_default	15756	15882	2048	2048	FALSE	Q4
1407	deepseek-r1-distill-qwen-7b	SL	Q4_SL	3	94	1843	2510	7907	502	628	565	1582	1977	1780	2084	2605	2345	16384	assumed_from_config_default	15756	15882	2048	2048	FALSE	Q4
1408	deepseek-r1-distill-qwen-7b	SL	Q5_SL	1	107	1824	2504	5912	501	626	564	1183	1478	1330	1684	2104	1894	16384	assumed_from_config_default	15758	15883	2048	2048	FALSE	Q5
1409	deepseek-r1-distill-qwen-7b	SL	Q5_SL	2	107	1824	2504	3922	501	626	564	785	981	883	1286	1607	1447	16384	assumed_from_config_default	15758	15883	2048	2048	FALSE	Q5
1410	deepseek-r1-distill-qwen-7b	SL	Q5_SL	3	107	1824	2504	3922	501	626	564	785	981	883	1286	1607	1447	16384	assumed_from_config_default	15758	15883	2048	2048	FALSE	Q5
1411	deepseek-r1-distill-qwen-7b	ES	Q1_ES	1	138	1887	2598	8057	520	650	585	1612	2015	1814	2132	2665	2399	16384	assumed_from_config_default	15734	15864	2048	2048	FALSE	Q1
1412	deepseek-r1-distill-qwen-7b	ES	Q1_ES	2	138	1887	2598	8057	520	650	585	1612	2015	1814	2132	2665	2399	16384	assumed_from_config_default	15734	15864	2048	2048	FALSE	Q1
1413	deepseek-r1-distill-qwen-7b	ES	Q1_ES	3	138	1887	2598	8057	520	650	585	1612	2015	1814	2132	2665	2399	16384	assumed_from_config_default	15734	15864	2048	2048	FALSE	Q1
1414	deepseek-r1-distill-qwen-7b	ES	Q2_ES	1	93	1862	2528	4260	506	632	569	852	1065	958	1358	1697	1527	16384	assumed_from_config_default	15752	15878	2048	2048	FALSE	Q2
1415	deepseek-r1-distill-qwen-7b	ES	Q2_ES	2	93	1862	2528	4163	506	632	569	833	1041	937	1339	1673	1506	16384	assumed_from_config_default	15752	15878	2048	2048	FALSE	Q2
1416	deepseek-r1-distill-qwen-7b	ES	Q2_ES	3	93	1862	2528	4163	506	632	569	833	1041	937	1339	1673	1506	16384	assumed_from_config_default	15752	15878	2048	2048	FALSE	Q2
1417	deepseek-r1-distill-qwen-7b	ES	Q3_ES	1	103	1901	2577	6976	516	645	580	1396	1744	1570	1912	2389	2150	16384	assumed_from_config_default	15739	15868	2048	2048	FALSE	Q3
1418	deepseek-r1-distill-qwen-7b	ES	Q3_ES	2	103	1901	2577	6977	516	645	580	1396	1745	1570	1912	2390	2150	16384	assumed_from_config_default	15739	15868	2048	2048	FALSE	Q3
1419	deepseek-r1-distill-qwen-7b	ES	Q3_ES	3	103	1901	2577	6977	516	645	580	1396	1745	1570	1912	2390	2150	16384	assumed_from_config_default	15739	15868	2048	2048	FALSE	Q3
1420	deepseek-r1-distill-qwen-7b	ES	Q4_ES	1	134	1843	2550	4450	510	638	574	890	1113	1002	1400	1751	1576	16384	assumed_from_config_default	15746	15874	2048	2048	FALSE	Q4
1421	deepseek-r1-distill-qwen-7b	ES	Q4_ES	2	134	1843	2550	4261	510	638	574	853	1066	960	1363	1704	1534	16384	assumed_from_config_default	15746	15874	2048	2048	FALSE	Q4
1422	deepseek-r1-distill-qwen-7b	ES	Q4_ES	3	134	1843	2550	4261	510	638	574	853	1066	960	1363	1704	1534	16384	assumed_from_config_default	15746	15874	2048	2048	FALSE	Q4
1423	deepseek-r1-distill-qwen-7b	ES	Q5_ES	1	110	1824	2507	4183	502	627	564	837	1046	942	1339	1673	1506	16384	assumed_from_config_default	15757	15882	2048	2048	FALSE	Q5
1424	deepseek-r1-distill-qwen-7b	ES	Q5_ES	2	110	1824	2507	4183	502	627	564	837	1046	942	1339	1673	1506	16384	assumed_from_config_default	15757	15882	2048	2048	FALSE	Q5
1425	deepseek-r1-distill-qwen-7b	ES	Q5_ES	3	110	1824	2507	4183	502	627	564	837	1046	942	1339	1673	1506	16384	assumed_from_config_default	15757	15882	2048	2048	FALSE	Q5
1426	deepseek-r1-distill-qwen-7b	SV	Q1_SV	1	137	1887	2597	5070	520	650	585	1014	1268	1141	1534	1918	1726	16384	assumed_from_config_default	15734	15864	2048	2048	FALSE	Q1
1427	deepseek-r1-distill-qwen-7b	SV	Q1_SV	2	137	1887	2597	5070	520	650	585	1014	1268	1141	1534	1918	1726	16384	assumed_from_config_default	15734	15864	2048	2048	FALSE	Q1
1428	deepseek-r1-distill-qwen-7b	SV	Q1_SV	3	137	1887	2597	5070	520	650	585	1014	1268	1141	1534	1918	1726	16384	assumed_from_config_default	15734	15864	2048	2048	FALSE	Q1
1429	deepseek-r1-distill-qwen-7b	SV	Q2_SV	1	82	1862	2517	6680	504	630	567	1336	1670	1503	1840	2300	2070	16384	assumed_from_config_default	15754	15880	2048	2048	FALSE	Q2
1430	deepseek-r1-distill-qwen-7b	SV	Q2_SV	2	82	1862	2517	6680	504	630	567	1336	1670	1503	1840	2300	2070	16384	assumed_from_config_default	15754	15880	2048	2048	FALSE	Q2
1431	deepseek-r1-distill-qwen-7b	SV	Q2_SV	3	82	1862	2517	6680	504	630	567	1336	1670	1503	1840	2300	2070	16384	assumed_from_config_default	15754	15880	2048	2048	FALSE	Q2
1432	deepseek-r1-distill-qwen-7b	SV	Q3_SV	1	98	1901	2572	4024	515	643	579	805	1006	906	1320	1649	1485	16384	assumed_from_config_default	15741	15869	2048	2048	FALSE	Q3
1433	deepseek-r1-distill-qwen-7b	SV	Q3_SV	2	98	1901	2572	4024	515	643	579	805	1006	906	1320	1649	1485	16384	assumed_from_config_default	15741	15869	2048	2048	FALSE	Q3
1434	deepseek-r1-distill-qwen-7b	SV	Q3_SV	3	98	1901	2572	4024	515	643	579	805	1006	906	1320	1649	1485	16384	assumed_from_config_default	15741	15869	2048	2048	FALSE	Q3
1435	deepseek-r1-distill-qwen-7b	SV	Q4_SV	1	103	1843	2519	3719	504	630	567	744	930	837	1248	1560	1404	16384	assumed_from_config_default	15754	15880	2048	2048	FALSE	Q4
1436	deepseek-r1-distill-qwen-7b	SV	Q4_SV	2	103	1843	2519	3719	504	630	567	744	930	837	1248	1560	1404	16384	assumed_from_config_default	15754	15880	2048	2048	FALSE	Q4
1437	deepseek-r1-distill-qwen-7b	SV	Q4_SV	3	103	1843	2519	3719	504	630	567	744	930	837	1248	1560	1404	16384	assumed_from_config_default	15754	15880	2048	2048	FALSE	Q4
1438	deepseek-r1-distill-qwen-7b	SV	Q5_SV	1	109	1824	2506	3712	502	627	564	743	928	836	1245	1555	1400	16384	assumed_from_config_default	15757	15882	2048	2048	FALSE	Q5
1439	deepseek-r1-distill-qwen-7b	SV	Q5_SV	2	109	1824	2506	3572	502	627	564	715	893	804	1217	1520	1368	16384	assumed_from_config_default	15757	15882	2048	2048	FALSE	Q5
1440	deepseek-r1-distill-qwen-7b	SV	Q5_SV	3	109	1824	2506	3572	502	627	564	715	893	804	1217	1520	1368	16384	assumed_from_config_default	15757	15882	2048	2048	FALSE	Q5
1441	eurollm-22b-instruct-2512	BG	Q1_BG	1	124	1887	2584	2184	517	646	582	437	546	492	954	1192	1074	16384	config	15738	15867	2048	2048	FALSE	Q1
1442	eurollm-22b-instruct-2512	BG	Q1_BG	2	124	1887	2584	2171	517	646	582	435	543	489	952	1189	1071	16384	config	15738	15867	2048	2048	FALSE	Q1
1443	eurollm-22b-instruct-2512	BG	Q1_BG	3	124	1887	2584	2171	517	646	582	435	543	489	952	1189	1071	16384	config	15738	15867	2048	2048	FALSE	Q1
1444	eurollm-22b-instruct-2512	BG	Q2_BG	1	99	1862	2534	2111	507	634	570	423	528	476	930	1162	1046	16384	config	15750	15877	2048	2048	FALSE	Q2
1445	eurollm-22b-instruct-2512	BG	Q2_BG	2	99	1862	2534	2111	507	634	570	423	528	476	930	1162	1046	16384	config	15750	15877	2048	2048	FALSE	Q2
1446	eurollm-22b-instruct-2512	BG	Q2_BG	3	99	1862	2534	2111	507	634	570	423	528	476	930	1162	1046	16384	config	15750	15877	2048	2048	FALSE	Q2
1447	eurollm-22b-instruct-2512	BG	Q3_BG	1	109	1901	2583	1856	517	646	582	372	464	418	889	1110	1000	16384	config	15738	15867	2048	2048	FALSE	Q3
1448	eurollm-22b-instruct-2512	BG	Q3_BG	2	109	1901	2583	1856	517	646	582	372	464	418	889	1110	1000	16384	config	15738	15867	2048	2048	FALSE	Q3
1449	eurollm-22b-instruct-2512	BG	Q3_BG	3	109	1901	2583	1856	517	646	582	372	464	418	889	1110	1000	16384	config	15738	15867	2048	2048	FALSE	Q3
1450	eurollm-22b-instruct-2512	BG	Q4_BG	1	106	1843	2522	1699	505	631	568	340	425	382	845	1056	950	16384	config	15753	15879	2048	2048	FALSE	Q4
1451	eurollm-22b-instruct-2512	BG	Q4_BG	2	106	1843	2522	1699	505	631	568	340	425	382	845	1056	950	16384	config	15753	15879	2048	2048	FALSE	Q4
1452	eurollm-22b-instruct-2512	BG	Q4_BG	3	106	1843	2522	1699	505	631	568	340	425	382	845	1056	950	16384	config	15753	15879	2048	2048	FALSE	Q4
1453	eurollm-22b-instruct-2512	BG	Q5_BG	1	113	1824	2510	1606	502	628	565	322	402	362	824	1030	927	16384	config	15756	15882	2048	2048	FALSE	Q5
1454	eurollm-22b-instruct-2512	BG	Q5_BG	2	113	1824	2510	1606	502	628	565	322	402	362	824	1030	927	16384	config	15756	15882	2048	2048	FALSE	Q5
1455	eurollm-22b-instruct-2512	BG	Q5_BG	3	113	1824	2510	1606	502	628	565	322	402	362	824	1030	927	16384	config	15756	15882	2048	2048	FALSE	Q5
1456	eurollm-22b-instruct-2512	HR	Q1_HR	1	114	1887	2574	1742	515	644	580	349	436	392	864	1080	972	16384	config	15740	15869	2048	2048	FALSE	Q1
1457	eurollm-22b-instruct-2512	HR	Q1_HR	2	114	1887	2574	1742	515	644	580	349	436	392	864	1080	972	16384	config	15740	15869	2048	2048	FALSE	Q1
1458	eurollm-22b-instruct-2512	HR	Q1_HR	3	114	1887	2574	1742	515	644	580	349	436	392	864	1080	972	16384	config	15740	15869	2048	2048	FALSE	Q1
1459	eurollm-22b-instruct-2512	HR	Q2_HR	1	104	1862	2539	1675	508	635	572	335	419	377	843	1054	949	16384	config	15749	15876	2048	2048	FALSE	Q2
1460	eurollm-22b-instruct-2512	HR	Q2_HR	2	104	1862	2539	1675	508	635	572	335	419	377	843	1054	949	16384	config	15749	15876	2048	2048	FALSE	Q2
1461	eurollm-22b-instruct-2512	HR	Q2_HR	3	104	1862	2539	1675	508	635	572	335	419	377	843	1054	949	16384	config	15749	15876	2048	2048	FALSE	Q2
1462	eurollm-22b-instruct-2512	HR	Q3_HR	1	90	1901	2564	1718	513	641	577	344	430	387	857	1071	964	16384	config	15743	15871	2048	2048	FALSE	Q3
1463	eurollm-22b-instruct-2512	HR	Q3_HR	2	90	1901	2564	1532	513	641	577	307	383	345	820	1024	922	16384	config	15743	15871	2048	2048	FALSE	Q3
1464	eurollm-22b-instruct-2512	HR	Q3_HR	3	90	1901	2564	1532	513	641	577	307	383	345	820	1024	922	16384	config	15743	15871	2048	2048	FALSE	Q3
1465	eurollm-22b-instruct-2512	HR	Q4_HR	1	105	1843	2521	1375	505	631	568	275	344	310	780	975	878	16384	config	15753	15879	2048	2048	FALSE	Q4
1466	eurollm-22b-instruct-2512	HR	Q4_HR	2	105	1843	2521	1375	505	631	568	275	344	310	780	975	878	16384	config	15753	15879	2048	2048	FALSE	Q4
1467	eurollm-22b-instruct-2512	HR	Q4_HR	3	105	1843	2521	1375	505	631	568	275	344	310	780	975	878	16384	config	15753	15879	2048	2048	FALSE	Q4
1468	eurollm-22b-instruct-2512	HR	Q5_HR	1	109	1824	2506	1266	502	627	564	254	317	286	756	944	850	16384	config	15757	15882	2048	2048	FALSE	Q5
1469	eurollm-22b-instruct-2512	HR	Q5_HR	2	109	1824	2506	1266	502	627	564	254	317	286	756	944	850	16384	config	15757	15882	2048	2048	FALSE	Q5
1470	eurollm-22b-instruct-2512	HR	Q5_HR	3	109	1824	2506	1266	502	627	564	254	317	286	756	944	850	16384	config	15757	15882	2048	2048	FALSE	Q5
1471	eurollm-22b-instruct-2512	CS	Q1_CS	1	111	1887	2571	1823	515	643	579	365	456	410	880	1099	989	16384	config	15741	15869	2048	2048	FALSE	Q1
1472	eurollm-22b-instruct-2512	CS	Q1_CS	2	111	1887	2571	1823	515	643	579	365	456	410	880	1099	989	16384	config	15741	15869	2048	2048	FALSE	Q1
1473	eurollm-22b-instruct-2512	CS	Q1_CS	3	111	1887	2571	1823	515	643	579	365	456	410	880	1099	989	16384	config	15741	15869	2048	2048	FALSE	Q1
1474	eurollm-22b-instruct-2512	CS	Q2_CS	1	92	1862	2527	1587	506	632	569	318	397	358	824	1029	927	16384	config	15752	15878	2048	2048	FALSE	Q2
1475	eurollm-22b-instruct-2512	CS	Q2_CS	2	92	1862	2527	1587	506	632	569	318	397	358	824	1029	927	16384	config	15752	15878	2048	2048	FALSE	Q2
1476	eurollm-22b-instruct-2512	CS	Q2_CS	3	92	1862	2527	1587	506	632	569	318	397	358	824	1029	927	16384	config	15752	15878	2048	2048	FALSE	Q2
1477	eurollm-22b-instruct-2512	CS	Q3_CS	1	87	1901	2561	1897	513	641	577	380	475	428	893	1116	1005	16384	config	15743	15871	2048	2048	FALSE	Q3
1478	eurollm-22b-instruct-2512	CS	Q3_CS	2	87	1901	2561	1897	513	641	577	380	475	428	893	1116	1005	16384	config	15743	15871	2048	2048	FALSE	Q3
1479	eurollm-22b-instruct-2512	CS	Q3_CS	3	87	1901	2561	1897	513	641	577	380	475	428	893	1116	1005	16384	config	15743	15871	2048	2048	FALSE	Q3
1480	eurollm-22b-instruct-2512	CS	Q4_CS	1	106	1843	2522	1656	505	631	568	332	414	373	837	1045	941	16384	config	15753	15879	2048	2048	FALSE	Q4
1481	eurollm-22b-instruct-2512	CS	Q4_CS	2	106	1843	2522	1656	505	631	568	332	414	373	837	1045	941	16384	config	15753	15879	2048	2048	FALSE	Q4
1482	eurollm-22b-instruct-2512	CS	Q4_CS	3	106	1843	2522	1656	505	631	568	332	414	373	837	1045	941	16384	config	15753	15879	2048	2048	FALSE	Q4
1483	eurollm-22b-instruct-2512	CS	Q5_CS	1	100	1824	2497	1855	500	625	562	371	464	418	871	1089	980	16384	config	15759	15884	2048	2048	FALSE	Q5
1484	eurollm-22b-instruct-2512	CS	Q5_CS	2	100	1824	2497	1855	500	625	562	371	464	418	871	1089	980	16384	config	15759	15884	2048	2048	FALSE	Q5
1485	eurollm-22b-instruct-2512	CS	Q5_CS	3	100	1824	2497	1855	500	625	562	371	464	418	871	1089	980	16384	config	15759	15884	2048	2048	FALSE	Q5
1486	eurollm-22b-instruct-2512	DA	Q1_DA	1	134	1887	2594	1574	519	649	584	315	394	354	834	1043	938	16384	config	15735	15865	2048	2048	FALSE	Q1
1487	eurollm-22b-instruct-2512	DA	Q1_DA	2	134	1887	2594	1574	519	649	584	315	394	354	834	1043	938	16384	config	15735	15865	2048	2048	FALSE	Q1
1488	eurollm-22b-instruct-2512	DA	Q1_DA	3	134	1887	2594	1574	519	649	584	315	394	354	834	1043	938	16384	config	15735	15865	2048	2048	FALSE	Q1
1489	eurollm-22b-instruct-2512	DA	Q2_DA	1	93	1862	2528	1789	506	632	569	358	448	403	864	1080	972	16384	config	15752	15878	2048	2048	FALSE	Q2
1490	eurollm-22b-instruct-2512	DA	Q2_DA	2	93	1862	2528	1789	506	632	569	358	448	403	864	1080	972	16384	config	15752	15878	2048	2048	FALSE	Q2
1491	eurollm-22b-instruct-2512	DA	Q2_DA	3	93	1862	2528	1789	506	632	569	358	448	403	864	1080	972	16384	config	15752	15878	2048	2048	FALSE	Q2
1492	eurollm-22b-instruct-2512	DA	Q3_DA	1	98	1901	2572	1734	515	643	579	347	434	390	862	1077	969	16384	config	15741	15869	2048	2048	FALSE	Q3
1493	eurollm-22b-instruct-2512	DA	Q3_DA	2	98	1901	2572	1734	515	643	579	347	434	390	862	1077	969	16384	config	15741	15869	2048	2048	FALSE	Q3
1494	eurollm-22b-instruct-2512	DA	Q3_DA	3	98	1901	2572	1734	515	643	579	347	434	390	862	1077	969	16384	config	15741	15869	2048	2048	FALSE	Q3
1495	eurollm-22b-instruct-2512	DA	Q4_DA	1	106	1843	2522	1309	505	631	568	262	328	295	767	959	863	16384	config	15753	15879	2048	2048	FALSE	Q4
1496	eurollm-22b-instruct-2512	DA	Q4_DA	2	106	1843	2522	1309	505	631	568	262	328	295	767	959	863	16384	config	15753	15879	2048	2048	FALSE	Q4
1497	eurollm-22b-instruct-2512	DA	Q4_DA	3	106	1843	2522	1309	505	631	568	262	328	295	767	959	863	16384	config	15753	15879	2048	2048	FALSE	Q4
1498	eurollm-22b-instruct-2512	DA	Q5_DA	1	107	1824	2504	1614	501	626	564	323	404	364	824	1030	928	16384	config	15758	15883	2048	2048	FALSE	Q5
1499	eurollm-22b-instruct-2512	DA	Q5_DA	2	107	1824	2504	1614	501	626	564	323	404	364	824	1030	928	16384	config	15758	15883	2048	2048	FALSE	Q5
1500	eurollm-22b-instruct-2512	DA	Q5_DA	3	107	1824	2504	1614	501	626	564	323	404	364	824	1030	928	16384	config	15758	15883	2048	2048	FALSE	Q5
1501	eurollm-22b-instruct-2512	NL	Q1_NL	1	139	1887	2599	1839	520	650	585	368	460	414	888	1110	999	16384	config	15734	15864	2048	2048	FALSE	Q1
1502	eurollm-22b-instruct-2512	NL	Q1_NL	2	139	1887	2599	1839	520	650	585	368	460	414	888	1110	999	16384	config	15734	15864	2048	2048	FALSE	Q1
1503	eurollm-22b-instruct-2512	NL	Q1_NL	3	139	1887	2599	1839	520	650	585	368	460	414	888	1110	999	16384	config	15734	15864	2048	2048	FALSE	Q1
1504	eurollm-22b-instruct-2512	NL	Q2_NL	1	92	1862	2527	1993	506	632	569	399	499	449	905	1131	1018	16384	config	15752	15878	2048	2048	FALSE	Q2
1505	eurollm-22b-instruct-2512	NL	Q2_NL	2	92	1862	2527	1955	506	632	569	391	489	440	897	1121	1009	16384	config	15752	15878	2048	2048	FALSE	Q2
1506	eurollm-22b-instruct-2512	NL	Q2_NL	3	92	1862	2527	1955	506	632	569	391	489	440	897	1121	1009	16384	config	15752	15878	2048	2048	FALSE	Q2
1507	eurollm-22b-instruct-2512	NL	Q3_NL	1	120	1901	2594	1684	519	649	584	337	421	379	856	1070	963	16384	config	15735	15865	2048	2048	FALSE	Q3
1508	eurollm-22b-instruct-2512	NL	Q3_NL	2	120	1901	2594	1684	519	649	584	337	421	379	856	1070	963	16384	config	15735	15865	2048	2048	FALSE	Q3
1509	eurollm-22b-instruct-2512	NL	Q3_NL	3	120	1901	2594	1684	519	649	584	337	421	379	856	1070	963	16384	config	15735	15865	2048	2048	FALSE	Q3
1510	eurollm-22b-instruct-2512	NL	Q4_NL	1	111	1843	2527	1356	506	632	569	272	339	306	778	971	875	16384	config	15752	15878	2048	2048	FALSE	Q4
1511	eurollm-22b-instruct-2512	NL	Q4_NL	2	111	1843	2527	1356	506	632	569	272	339	306	778	971	875	16384	config	15752	15878	2048	2048	FALSE	Q4
1512	eurollm-22b-instruct-2512	NL	Q4_NL	3	111	1843	2527	1356	506	632	569	272	339	306	778	971	875	16384	config	15752	15878	2048	2048	FALSE	Q4
1513	eurollm-22b-instruct-2512	NL	Q5_NL	1	92	1824	2489	1729	498	623	560	346	433	390	844	1056	950	16384	config	15761	15886	2048	2048	FALSE	Q5
1514	eurollm-22b-instruct-2512	NL	Q5_NL	2	92	1824	2489	1729	498	623	560	346	433	390	844	1056	950	16384	config	15761	15886	2048	2048	FALSE	Q5
1515	eurollm-22b-instruct-2512	NL	Q5_NL	3	92	1824	2489	1729	498	623	560	346	433	390	844	1056	950	16384	config	15761	15886	2048	2048	FALSE	Q5
1516	eurollm-22b-instruct-2512	EN	Q1_EN	1	126	1887	2586	1992	518	647	582	399	498	448	917	1145	1030	16384	config	15737	15866	2048	2048	FALSE	Q1
1517	eurollm-22b-instruct-2512	EN	Q1_EN	2	126	1887	2586	1992	518	647	582	399	498	448	917	1145	1030	16384	config	15737	15866	2048	2048	FALSE	Q1
1518	eurollm-22b-instruct-2512	EN	Q1_EN	3	126	1887	2586	1992	518	647	582	399	498	448	917	1145	1030	16384	config	15737	15866	2048	2048	FALSE	Q1
1519	eurollm-22b-instruct-2512	EN	Q2_EN	1	77	1862	2512	2547	503	628	566	510	637	574	1013	1265	1140	16384	config	15756	15881	2048	2048	FALSE	Q2
1520	eurollm-22b-instruct-2512	EN	Q2_EN	2	77	1862	2512	2547	503	628	566	510	637	574	1013	1265	1140	16384	config	15756	15881	2048	2048	FALSE	Q2
1521	eurollm-22b-instruct-2512	EN	Q2_EN	3	77	1862	2512	2547	503	628	566	510	637	574	1013	1265	1140	16384	config	15756	15881	2048	2048	FALSE	Q2
1522	eurollm-22b-instruct-2512	EN	Q3_EN	1	101	1901	2575	2696	515	644	580	540	674	607	1055	1318	1187	16384	config	15740	15869	2048	2048	FALSE	Q3
1523	eurollm-22b-instruct-2512	EN	Q3_EN	2	101	1901	2575	2578	515	644	580	516	645	580	1031	1289	1160	16384	config	15740	15869	2048	2048	FALSE	Q3
1524	eurollm-22b-instruct-2512	EN	Q3_EN	3	101	1901	2575	2578	515	644	580	516	645	580	1031	1289	1160	16384	config	15740	15869	2048	2048	FALSE	Q3
1525	eurollm-22b-instruct-2512	EN	Q4_EN	1	95	1843	2511	1695	503	628	566	339	424	382	842	1052	948	16384	config	15756	15881	2048	2048	FALSE	Q4
1526	eurollm-22b-instruct-2512	EN	Q4_EN	2	95	1843	2511	1695	503	628	566	339	424	382	842	1052	948	16384	config	15756	15881	2048	2048	FALSE	Q4
1527	eurollm-22b-instruct-2512	EN	Q4_EN	3	95	1843	2511	1695	503	628	566	339	424	382	842	1052	948	16384	config	15756	15881	2048	2048	FALSE	Q4
1528	eurollm-22b-instruct-2512	EN	Q5_EN	1	88	1824	2485	1797	497	622	560	360	450	405	857	1072	965	16384	config	15762	15887	2048	2048	FALSE	Q5
1529	eurollm-22b-instruct-2512	EN	Q5_EN	2	88	1824	2485	1797	497	622	560	360	450	405	857	1072	965	16384	config	15762	15887	2048	2048	FALSE	Q5
1530	eurollm-22b-instruct-2512	EN	Q5_EN	3	88	1824	2485	1797	497	622	560	360	450	405	857	1072	965	16384	config	15762	15887	2048	2048	FALSE	Q5
1531	eurollm-22b-instruct-2512	ET	Q1_ET	1	124	1887	2584	1411	517	646	582	283	353	318	800	999	900	16384	config	15738	15867	2048	2048	FALSE	Q1
1532	eurollm-22b-instruct-2512	ET	Q1_ET	2	124	1887	2584	1411	517	646	582	283	353	318	800	999	900	16384	config	15738	15867	2048	2048	FALSE	Q1
1533	eurollm-22b-instruct-2512	ET	Q1_ET	3	124	1887	2584	1411	517	646	582	283	353	318	800	999	900	16384	config	15738	15867	2048	2048	FALSE	Q1
1534	eurollm-22b-instruct-2512	ET	Q2_ET	1	96	1862	2531	1512	507	633	570	303	378	340	810	1011	910	16384	config	15751	15877	2048	2048	FALSE	Q2
1535	eurollm-22b-instruct-2512	ET	Q2_ET	2	96	1862	2531	1512	507	633	570	303	378	340	810	1011	910	16384	config	15751	15877	2048	2048	FALSE	Q2
1536	eurollm-22b-instruct-2512	ET	Q2_ET	3	96	1862	2531	1512	507	633	570	303	378	340	810	1011	910	16384	config	15751	15877	2048	2048	FALSE	Q2
1537	eurollm-22b-instruct-2512	ET	Q3_ET	1	81	1901	2555	1690	511	639	575	338	423	380	849	1062	955	16384	config	15745	15873	2048	2048	FALSE	Q3
1538	eurollm-22b-instruct-2512	ET	Q3_ET	2	81	1901	2555	1690	511	639	575	338	423	380	849	1062	955	16384	config	15745	15873	2048	2048	FALSE	Q3
1539	eurollm-22b-instruct-2512	ET	Q3_ET	3	81	1901	2555	1690	511	639	575	338	423	380	849	1062	955	16384	config	15745	15873	2048	2048	FALSE	Q3
1540	eurollm-22b-instruct-2512	ET	Q4_ET	1	105	1843	2521	1809	505	631	568	362	453	408	867	1084	976	16384	config	15753	15879	2048	2048	FALSE	Q4
1541	eurollm-22b-instruct-2512	ET	Q4_ET	2	105	1843	2521	1809	505	631	568	362	453	408	867	1084	976	16384	config	15753	15879	2048	2048	FALSE	Q4
1542	eurollm-22b-instruct-2512	ET	Q4_ET	3	105	1843	2521	1809	505	631	568	362	453	408	867	1084	976	16384	config	15753	15879	2048	2048	FALSE	Q4
1543	eurollm-22b-instruct-2512	ET	Q5_ET	1	93	1824	2490	1631	498	623	560	327	408	368	825	1031	928	16384	config	15761	15886	2048	2048	FALSE	Q5
1544	eurollm-22b-instruct-2512	ET	Q5_ET	2	93	1824	2490	1631	498	623	560	327	408	368	825	1031	928	16384	config	15761	15886	2048	2048	FALSE	Q5
1545	eurollm-22b-instruct-2512	ET	Q5_ET	3	93	1824	2490	1631	498	623	560	327	408	368	825	1031	928	16384	config	15761	15886	2048	2048	FALSE	Q5
1546	eurollm-22b-instruct-2512	FI	Q1_FI	1	133	1887	2593	1992	519	649	584	399	498	448	918	1147	1032	16384	config	15735	15865	2048	2048	FALSE	Q1
1547	eurollm-22b-instruct-2512	FI	Q1_FI	2	133	1887	2593	1992	519	649	584	399	498	448	918	1147	1032	16384	config	15735	15865	2048	2048	FALSE	Q1
1548	eurollm-22b-instruct-2512	FI	Q1_FI	3	133	1887	2593	1992	519	649	584	399	498	448	918	1147	1032	16384	config	15735	15865	2048	2048	FALSE	Q1
1549	eurollm-22b-instruct-2512	FI	Q2_FI	1	100	1862	2535	1622	507	634	570	325	406	366	832	1040	936	16384	config	15750	15877	2048	2048	FALSE	Q2
1550	eurollm-22b-instruct-2512	FI	Q2_FI	2	100	1862	2535	1622	507	634	570	325	406	366	832	1040	936	16384	config	15750	15877	2048	2048	FALSE	Q2
1551	eurollm-22b-instruct-2512	FI	Q2_FI	3	100	1862	2535	1622	507	634	570	325	406	366	832	1040	936	16384	config	15750	15877	2048	2048	FALSE	Q2
1552	eurollm-22b-instruct-2512	FI	Q3_FI	1	94	1901	2568	1834	514	642	578	367	459	413	881	1101	991	16384	config	15742	15870	2048	2048	FALSE	Q3
1553	eurollm-22b-instruct-2512	FI	Q3_FI	2	94	1901	2568	1832	514	642	578	367	458	412	881	1100	990	16384	config	15742	15870	2048	2048	FALSE	Q3
1554	eurollm-22b-instruct-2512	FI	Q3_FI	3	94	1901	2568	1832	514	642	578	367	458	412	881	1100	990	16384	config	15742	15870	2048	2048	FALSE	Q3
1555	eurollm-22b-instruct-2512	FI	Q4_FI	1	101	1843	2517	1710	504	630	567	342	428	385	846	1058	952	16384	config	15754	15880	2048	2048	FALSE	Q4
1556	eurollm-22b-instruct-2512	FI	Q4_FI	2	101	1843	2517	1710	504	630	567	342	428	385	846	1058	952	16384	config	15754	15880	2048	2048	FALSE	Q4
1557	eurollm-22b-instruct-2512	FI	Q4_FI	3	101	1843	2517	1710	504	630	567	342	428	385	846	1058	952	16384	config	15754	15880	2048	2048	FALSE	Q4
1558	eurollm-22b-instruct-2512	FI	Q5_FI	1	91	1824	2488	1330	498	622	560	266	333	300	764	955	860	16384	config	15762	15886	2048	2048	FALSE	Q5
1559	eurollm-22b-instruct-2512	FI	Q5_FI	2	91	1824	2488	1330	498	622	560	266	333	300	764	955	860	16384	config	15762	15886	2048	2048	FALSE	Q5
1560	eurollm-22b-instruct-2512	FI	Q5_FI	3	91	1824	2488	1330	498	622	560	266	333	300	764	955	860	16384	config	15762	15886	2048	2048	FALSE	Q5
1561	eurollm-22b-instruct-2512	FR	Q1_FR	1	159	1887	2619	2088	524	655	590	418	522	470	942	1177	1060	16384	config	15729	15860	2048	2048	FALSE	Q1
1562	eurollm-22b-instruct-2512	FR	Q1_FR	2	159	1887	2619	2088	524	655	590	418	522	470	942	1177	1060	16384	config	15729	15860	2048	2048	FALSE	Q1
1563	eurollm-22b-instruct-2512	FR	Q1_FR	3	159	1887	2619	2088	524	655	590	418	522	470	942	1177	1060	16384	config	15729	15860	2048	2048	FALSE	Q1
1564	eurollm-22b-instruct-2512	FR	Q2_FR	1	99	1862	2534	1587	507	634	570	318	397	358	825	1031	928	16384	config	15750	15877	2048	2048	FALSE	Q2
1565	eurollm-22b-instruct-2512	FR	Q2_FR	2	99	1862	2534	1613	507	634	570	323	404	364	830	1038	934	16384	config	15750	15877	2048	2048	FALSE	Q2
1566	eurollm-22b-instruct-2512	FR	Q2_FR	3	99	1862	2534	1613	507	634	570	323	404	364	830	1038	934	16384	config	15750	15877	2048	2048	FALSE	Q2
1567	eurollm-22b-instruct-2512	FR	Q3_FR	1	127	1901	2601	1767	521	651	586	354	442	398	875	1093	984	16384	config	15733	15863	2048	2048	FALSE	Q3
1568	eurollm-22b-instruct-2512	FR	Q3_FR	2	127	1901	2601	1767	521	651	586	354	442	398	875	1093	984	16384	config	15733	15863	2048	2048	FALSE	Q3
1569	eurollm-22b-instruct-2512	FR	Q3_FR	3	127	1901	2601	1767	521	651	586	354	442	398	875	1093	984	16384	config	15733	15863	2048	2048	FALSE	Q3
1570	eurollm-22b-instruct-2512	FR	Q4_FR	1	125	1843	2541	1883	509	636	572	377	471	424	886	1107	996	16384	config	15748	15875	2048	2048	FALSE	Q4
1571	eurollm-22b-instruct-2512	FR	Q4_FR	2	125	1843	2541	1883	509	636	572	377	471	424	886	1107	996	16384	config	15748	15875	2048	2048	FALSE	Q4
1572	eurollm-22b-instruct-2512	FR	Q4_FR	3	125	1843	2541	1883	509	636	572	377	471	424	886	1107	996	16384	config	15748	15875	2048	2048	FALSE	Q4
1573	eurollm-22b-instruct-2512	FR	Q5_FR	1	112	1824	2509	1644	502	628	565	329	411	370	831	1039	935	16384	config	15756	15882	2048	2048	FALSE	Q5
1574	eurollm-22b-instruct-2512	FR	Q5_FR	2	112	1824	2509	1620	502	628	565	324	405	364	826	1033	929	16384	config	15756	15882	2048	2048	FALSE	Q5
1575	eurollm-22b-instruct-2512	FR	Q5_FR	3	112	1824	2509	1620	502	628	565	324	405	364	826	1033	929	16384	config	15756	15882	2048	2048	FALSE	Q5
1576	eurollm-22b-instruct-2512	DE	Q1_DE	1	133	1887	2593	2114	519	649	584	423	529	476	942	1178	1060	16384	config	15735	15865	2048	2048	FALSE	Q1
1577	eurollm-22b-instruct-2512	DE	Q1_DE	2	133	1887	2593	2114	519	649	584	423	529	476	942	1178	1060	16384	config	15735	15865	2048	2048	FALSE	Q1
1578	eurollm-22b-instruct-2512	DE	Q1_DE	3	133	1887	2593	2114	519	649	584	423	529	476	942	1178	1060	16384	config	15735	15865	2048	2048	FALSE	Q1
1579	eurollm-22b-instruct-2512	DE	Q2_DE	1	103	1862	2538	1981	508	635	572	397	496	446	905	1131	1018	16384	config	15749	15876	2048	2048	FALSE	Q2
1580	eurollm-22b-instruct-2512	DE	Q2_DE	2	103	1862	2538	1892	508	635	572	379	473	426	887	1108	998	16384	config	15749	15876	2048	2048	FALSE	Q2
1581	eurollm-22b-instruct-2512	DE	Q2_DE	3	103	1862	2538	1892	508	635	572	379	473	426	887	1108	998	16384	config	15749	15876	2048	2048	FALSE	Q2
1582	eurollm-22b-instruct-2512	DE	Q3_DE	1	107	1901	2581	1763	517	646	582	353	441	397	870	1087	979	16384	config	15738	15867	2048	2048	FALSE	Q3
1583	eurollm-22b-instruct-2512	DE	Q3_DE	2	107	1901	2581	1759	517	646	582	352	440	396	869	1086	978	16384	config	15738	15867	2048	2048	FALSE	Q3
1584	eurollm-22b-instruct-2512	DE	Q3_DE	3	107	1901	2581	1759	517	646	582	352	440	396	869	1086	978	16384	config	15738	15867	2048	2048	FALSE	Q3
1585	eurollm-22b-instruct-2512	DE	Q4_DE	1	111	1843	2527	1534	506	632	569	307	384	346	813	1016	915	16384	config	15752	15878	2048	2048	FALSE	Q4
1586	eurollm-22b-instruct-2512	DE	Q4_DE	2	111	1843	2527	1534	506	632	569	307	384	346	813	1016	915	16384	config	15752	15878	2048	2048	FALSE	Q4
1587	eurollm-22b-instruct-2512	DE	Q4_DE	3	111	1843	2527	1534	506	632	569	307	384	346	813	1016	915	16384	config	15752	15878	2048	2048	FALSE	Q4
1588	eurollm-22b-instruct-2512	DE	Q5_DE	1	94	1824	2491	1349	499	623	561	270	338	304	769	961	865	16384	config	15761	15885	2048	2048	FALSE	Q5
1589	eurollm-22b-instruct-2512	DE	Q5_DE	2	94	1824	2491	1349	499	623	561	270	338	304	769	961	865	16384	config	15761	15885	2048	2048	FALSE	Q5
1590	eurollm-22b-instruct-2512	DE	Q5_DE	3	94	1824	2491	1349	499	623	561	270	338	304	769	961	865	16384	config	15761	15885	2048	2048	FALSE	Q5
1591	eurollm-22b-instruct-2512	EL	Q1_EL	1	129	1887	2589	1908	518	648	583	382	477	430	900	1125	1013	16384	config	15736	15866	2048	2048	FALSE	Q1
1592	eurollm-22b-instruct-2512	EL	Q1_EL	2	129	1887	2589	1908	518	648	583	382	477	430	900	1125	1013	16384	config	15736	15866	2048	2048	FALSE	Q1
1593	eurollm-22b-instruct-2512	EL	Q1_EL	3	129	1887	2589	1908	518	648	583	382	477	430	900	1125	1013	16384	config	15736	15866	2048	2048	FALSE	Q1
1594	eurollm-22b-instruct-2512	EL	Q2_EL	1	96	1862	2531	1693	507	633	570	339	424	382	846	1057	952	16384	config	15751	15877	2048	2048	FALSE	Q2
1595	eurollm-22b-instruct-2512	EL	Q2_EL	2	96	1862	2531	1693	507	633	570	339	424	382	846	1057	952	16384	config	15751	15877	2048	2048	FALSE	Q2
1596	eurollm-22b-instruct-2512	EL	Q2_EL	3	96	1862	2531	1693	507	633	570	339	424	382	846	1057	952	16384	config	15751	15877	2048	2048	FALSE	Q2
1597	eurollm-22b-instruct-2512	EL	Q3_EL	1	120	1901	2594	2209	519	649	584	442	553	498	961	1202	1082	16384	config	15735	15865	2048	2048	FALSE	Q3
1598	eurollm-22b-instruct-2512	EL	Q3_EL	2	120	1901	2594	2209	519	649	584	442	553	498	961	1202	1082	16384	config	15735	15865	2048	2048	FALSE	Q3
1599	eurollm-22b-instruct-2512	EL	Q3_EL	3	120	1901	2594	2209	519	649	584	442	553	498	961	1202	1082	16384	config	15735	15865	2048	2048	FALSE	Q3
1600	eurollm-22b-instruct-2512	EL	Q4_EL	1	115	1843	2531	1570	507	633	570	314	393	354	821	1026	924	16384	config	15751	15877	2048	2048	FALSE	Q4
1601	eurollm-22b-instruct-2512	EL	Q4_EL	2	115	1843	2531	1570	507	633	570	314	393	354	821	1026	924	16384	config	15751	15877	2048	2048	FALSE	Q4
1602	eurollm-22b-instruct-2512	EL	Q4_EL	3	115	1843	2531	1570	507	633	570	314	393	354	821	1026	924	16384	config	15751	15877	2048	2048	FALSE	Q4
1603	eurollm-22b-instruct-2512	EL	Q5_EL	1	126	1824	2523	1518	505	631	568	304	380	342	809	1011	910	16384	config	15753	15879	2048	2048	FALSE	Q5
1604	eurollm-22b-instruct-2512	EL	Q5_EL	2	126	1824	2523	1518	505	631	568	304	380	342	809	1011	910	16384	config	15753	15879	2048	2048	FALSE	Q5
1605	eurollm-22b-instruct-2512	EL	Q5_EL	3	126	1824	2523	1518	505	631	568	304	380	342	809	1011	910	16384	config	15753	15879	2048	2048	FALSE	Q5
1606	eurollm-22b-instruct-2512	HU	Q1_HU	1	122	1887	2582	1717	517	646	582	344	430	387	861	1076	969	16384	config	15738	15867	2048	2048	FALSE	Q1
1607	eurollm-22b-instruct-2512	HU	Q1_HU	2	122	1887	2582	1717	517	646	582	344	430	387	861	1076	969	16384	config	15738	15867	2048	2048	FALSE	Q1
1608	eurollm-22b-instruct-2512	HU	Q1_HU	3	122	1887	2582	1717	517	646	582	344	430	387	861	1076	969	16384	config	15738	15867	2048	2048	FALSE	Q1
1609	eurollm-22b-instruct-2512	HU	Q2_HU	1	98	1862	2533	1585	507	634	570	317	397	357	824	1031	927	16384	config	15750	15877	2048	2048	FALSE	Q2
1610	eurollm-22b-instruct-2512	HU	Q2_HU	2	98	1862	2533	1585	507	634	570	317	397	357	824	1031	927	16384	config	15750	15877	2048	2048	FALSE	Q2
1611	eurollm-22b-instruct-2512	HU	Q2_HU	3	98	1862	2533	1585	507	634	570	317	397	357	824	1031	927	16384	config	15750	15877	2048	2048	FALSE	Q2
1612	eurollm-22b-instruct-2512	HU	Q3_HU	1	107	1901	2581	2064	517	646	582	413	516	464	930	1162	1046	16384	config	15738	15867	2048	2048	FALSE	Q3
1613	eurollm-22b-instruct-2512	HU	Q3_HU	2	107	1901	2581	2064	517	646	582	413	516	464	930	1162	1046	16384	config	15738	15867	2048	2048	FALSE	Q3
1614	eurollm-22b-instruct-2512	HU	Q3_HU	3	107	1901	2581	2064	517	646	582	413	516	464	930	1162	1046	16384	config	15738	15867	2048	2048	FALSE	Q3
1615	eurollm-22b-instruct-2512	HU	Q4_HU	1	126	1843	2542	1495	509	636	572	299	374	336	808	1010	908	16384	config	15748	15875	2048	2048	FALSE	Q4
1616	eurollm-22b-instruct-2512	HU	Q4_HU	2	126	1843	2542	1495	509	636	572	299	374	336	808	1010	908	16384	config	15748	15875	2048	2048	FALSE	Q4
1617	eurollm-22b-instruct-2512	HU	Q4_HU	3	126	1843	2542	1495	509	636	572	299	374	336	808	1010	908	16384	config	15748	15875	2048	2048	FALSE	Q4
1618	eurollm-22b-instruct-2512	HU	Q5_HU	1	107	1824	2504	1782	501	626	564	357	446	402	858	1072	966	16384	config	15758	15883	2048	2048	FALSE	Q5
1619	eurollm-22b-instruct-2512	HU	Q5_HU	2	107	1824	2504	1782	501	626	564	357	446	402	858	1072	966	16384	config	15758	15883	2048	2048	FALSE	Q5
1620	eurollm-22b-instruct-2512	HU	Q5_HU	3	107	1824	2504	1782	501	626	564	357	446	402	858	1072	966	16384	config	15758	15883	2048	2048	FALSE	Q5
1621	eurollm-22b-instruct-2512	GA	Q1_GA	1	135	1887	2595	1881	519	649	584	377	471	424	896	1120	1008	16384	config	15735	15865	2048	2048	FALSE	Q1
1622	eurollm-22b-instruct-2512	GA	Q1_GA	2	135	1887	2595	1881	519	649	584	377	471	424	896	1120	1008	16384	config	15735	15865	2048	2048	FALSE	Q1
1623	eurollm-22b-instruct-2512	GA	Q1_GA	3	135	1887	2595	1881	519	649	584	377	471	424	896	1120	1008	16384	config	15735	15865	2048	2048	FALSE	Q1
1624	eurollm-22b-instruct-2512	GA	Q2_GA	1	99	1862	2534	1624	507	634	570	325	406	366	832	1040	936	16384	config	15750	15877	2048	2048	FALSE	Q2
1625	eurollm-22b-instruct-2512	GA	Q2_GA	2	99	1862	2534	1624	507	634	570	325	406	366	832	1040	936	16384	config	15750	15877	2048	2048	FALSE	Q2
1626	eurollm-22b-instruct-2512	GA	Q2_GA	3	99	1862	2534	1624	507	634	570	325	406	366	832	1040	936	16384	config	15750	15877	2048	2048	FALSE	Q2
1627	eurollm-22b-instruct-2512	GA	Q3_GA	1	101	1901	2575	1879	515	644	580	376	470	423	891	1114	1003	16384	config	15740	15869	2048	2048	FALSE	Q3
1628	eurollm-22b-instruct-2512	GA	Q3_GA	2	101	1901	2575	1879	515	644	580	376	470	423	891	1114	1003	16384	config	15740	15869	2048	2048	FALSE	Q3
1629	eurollm-22b-instruct-2512	GA	Q3_GA	3	101	1901	2575	1879	515	644	580	376	470	423	891	1114	1003	16384	config	15740	15869	2048	2048	FALSE	Q3
1630	eurollm-22b-instruct-2512	GA	Q4_GA	1	98	1843	2514	1671	503	629	566	335	418	376	838	1047	942	16384	config	15755	15881	2048	2048	FALSE	Q4
1631	eurollm-22b-instruct-2512	GA	Q4_GA	2	98	1843	2514	1671	503	629	566	335	418	376	838	1047	942	16384	config	15755	15881	2048	2048	FALSE	Q4
1632	eurollm-22b-instruct-2512	GA	Q4_GA	3	98	1843	2514	1671	503	629	566	335	418	376	838	1047	942	16384	config	15755	15881	2048	2048	FALSE	Q4
1633	eurollm-22b-instruct-2512	GA	Q5_GA	1	129	1824	2526	1434	506	632	569	287	359	323	793	991	892	16384	config	15752	15878	2048	2048	FALSE	Q5
1634	eurollm-22b-instruct-2512	GA	Q5_GA	2	129	1824	2526	1787	506	632	569	358	447	402	864	1079	971	16384	config	15752	15878	2048	2048	FALSE	Q5
1635	eurollm-22b-instruct-2512	GA	Q5_GA	3	129	1824	2526	1787	506	632	569	358	447	402	864	1079	971	16384	config	15752	15878	2048	2048	FALSE	Q5
1636	eurollm-22b-instruct-2512	IT	Q1_IT	1	126	1887	2586	1936	518	647	582	388	484	436	906	1131	1018	16384	config	15737	15866	2048	2048	FALSE	Q1
1637	eurollm-22b-instruct-2512	IT	Q1_IT	2	126	1887	2586	1936	518	647	582	388	484	436	906	1131	1018	16384	config	15737	15866	2048	2048	FALSE	Q1
1638	eurollm-22b-instruct-2512	IT	Q1_IT	3	126	1887	2586	1936	518	647	582	388	484	436	906	1131	1018	16384	config	15737	15866	2048	2048	FALSE	Q1
1639	eurollm-22b-instruct-2512	IT	Q2_IT	1	94	1862	2529	2134	506	633	570	427	534	480	933	1167	1050	16384	config	15751	15878	2048	2048	FALSE	Q2
1640	eurollm-22b-instruct-2512	IT	Q2_IT	2	94	1862	2529	1894	506	633	570	379	474	426	885	1107	996	16384	config	15751	15878	2048	2048	FALSE	Q2
1641	eurollm-22b-instruct-2512	IT	Q2_IT	3	94	1862	2529	1894	506	633	570	379	474	426	885	1107	996	16384	config	15751	15878	2048	2048	FALSE	Q2
1642	eurollm-22b-instruct-2512	IT	Q3_IT	1	107	1901	2581	1951	517	646	582	391	488	440	908	1134	1022	16384	config	15738	15867	2048	2048	FALSE	Q3
1643	eurollm-22b-instruct-2512	IT	Q3_IT	2	107	1901	2581	1951	517	646	582	391	488	440	908	1134	1022	16384	config	15738	15867	2048	2048	FALSE	Q3
1644	eurollm-22b-instruct-2512	IT	Q3_IT	3	107	1901	2581	1951	517	646	582	391	488	440	908	1134	1022	16384	config	15738	15867	2048	2048	FALSE	Q3
1645	eurollm-22b-instruct-2512	IT	Q4_IT	1	122	1843	2538	2004	508	635	572	401	501	451	909	1136	1023	16384	config	15749	15876	2048	2048	FALSE	Q4
1646	eurollm-22b-instruct-2512	IT	Q4_IT	2	122	1843	2538	1755	508	635	572	351	439	395	859	1074	967	16384	config	15749	15876	2048	2048	FALSE	Q4
1647	eurollm-22b-instruct-2512	IT	Q4_IT	3	122	1843	2538	1755	508	635	572	351	439	395	859	1074	967	16384	config	15749	15876	2048	2048	FALSE	Q4
1648	eurollm-22b-instruct-2512	IT	Q5_IT	1	103	1824	2500	1670	500	625	562	334	418	376	834	1043	938	16384	config	15759	15884	2048	2048	FALSE	Q5
1649	eurollm-22b-instruct-2512	IT	Q5_IT	2	103	1824	2500	1670	500	625	562	334	418	376	834	1043	938	16384	config	15759	15884	2048	2048	FALSE	Q5
1650	eurollm-22b-instruct-2512	IT	Q5_IT	3	103	1824	2500	1670	500	625	562	334	418	376	834	1043	938	16384	config	15759	15884	2048	2048	FALSE	Q5
1651	eurollm-22b-instruct-2512	LV	Q1_LV	1	116	1887	2576	1994	516	644	580	399	499	449	915	1143	1029	16384	config	15740	15868	2048	2048	FALSE	Q1
1652	eurollm-22b-instruct-2512	LV	Q1_LV	2	116	1887	2576	1994	516	644	580	399	499	449	915	1143	1029	16384	config	15740	15868	2048	2048	FALSE	Q1
1653	eurollm-22b-instruct-2512	LV	Q1_LV	3	116	1887	2576	1994	516	644	580	399	499	449	915	1143	1029	16384	config	15740	15868	2048	2048	FALSE	Q1
1654	eurollm-22b-instruct-2512	LV	Q2_LV	1	92	1862	2527	2053	506	632	569	411	514	462	917	1146	1031	16384	config	15752	15878	2048	2048	FALSE	Q2
1655	eurollm-22b-instruct-2512	LV	Q2_LV	2	92	1862	2527	2053	506	632	569	411	514	462	917	1146	1031	16384	config	15752	15878	2048	2048	FALSE	Q2
1656	eurollm-22b-instruct-2512	LV	Q2_LV	3	92	1862	2527	2053	506	632	569	411	514	462	917	1146	1031	16384	config	15752	15878	2048	2048	FALSE	Q2
1657	eurollm-22b-instruct-2512	LV	Q3_LV	1	96	1901	2570	1793	514	643	578	359	449	404	873	1092	982	16384	config	15741	15870	2048	2048	FALSE	Q3
1658	eurollm-22b-instruct-2512	LV	Q3_LV	2	96	1901	2570	1793	514	643	578	359	449	404	873	1092	982	16384	config	15741	15870	2048	2048	FALSE	Q3
1659	eurollm-22b-instruct-2512	LV	Q3_LV	3	96	1901	2570	1793	514	643	578	359	449	404	873	1092	982	16384	config	15741	15870	2048	2048	FALSE	Q3
1660	eurollm-22b-instruct-2512	LV	Q4_LV	1	106	1843	2522	1822	505	631	568	365	456	410	870	1087	978	16384	config	15753	15879	2048	2048	FALSE	Q4
1661	eurollm-22b-instruct-2512	LV	Q4_LV	2	106	1843	2522	1822	505	631	568	365	456	410	870	1087	978	16384	config	15753	15879	2048	2048	FALSE	Q4
1662	eurollm-22b-instruct-2512	LV	Q4_LV	3	106	1843	2522	1822	505	631	568	365	456	410	870	1087	978	16384	config	15753	15879	2048	2048	FALSE	Q4
1663	eurollm-22b-instruct-2512	LV	Q5_LV	1	103	1824	2500	1914	500	625	562	383	479	431	883	1104	993	16384	config	15759	15884	2048	2048	FALSE	Q5
1664	eurollm-22b-instruct-2512	LV	Q5_LV	2	103	1824	2500	1914	500	625	562	383	479	431	883	1104	993	16384	config	15759	15884	2048	2048	FALSE	Q5
1665	eurollm-22b-instruct-2512	LV	Q5_LV	3	103	1824	2500	1914	500	625	562	383	479	431	883	1104	993	16384	config	15759	15884	2048	2048	FALSE	Q5
1666	eurollm-22b-instruct-2512	LT	Q1_LT	1	128	1887	2588	2296	518	647	582	460	574	517	978	1221	1099	16384	config	15737	15866	2048	2048	FALSE	Q1
1667	eurollm-22b-instruct-2512	LT	Q1_LT	2	128	1887	2588	2296	518	647	582	460	574	517	978	1221	1099	16384	config	15737	15866	2048	2048	FALSE	Q1
1668	eurollm-22b-instruct-2512	LT	Q1_LT	3	128	1887	2588	2296	518	647	582	460	574	517	978	1221	1099	16384	config	15737	15866	2048	2048	FALSE	Q1
1669	eurollm-22b-instruct-2512	LT	Q2_LT	1	91	1862	2526	1697	506	632	569	340	425	382	846	1057	951	16384	config	15752	15878	2048	2048	FALSE	Q2
1670	eurollm-22b-instruct-2512	LT	Q2_LT	2	91	1862	2526	1697	506	632	569	340	425	382	846	1057	951	16384	config	15752	15878	2048	2048	FALSE	Q2
1671	eurollm-22b-instruct-2512	LT	Q2_LT	3	91	1862	2526	1697	506	632	569	340	425	382	846	1057	951	16384	config	15752	15878	2048	2048	FALSE	Q2
1672	eurollm-22b-instruct-2512	LT	Q3_LT	1	98	1901	2572	1899	515	643	579	380	475	428	895	1118	1007	16384	config	15741	15869	2048	2048	FALSE	Q3
1673	eurollm-22b-instruct-2512	LT	Q3_LT	2	98	1901	2572	1899	515	643	579	380	475	428	895	1118	1007	16384	config	15741	15869	2048	2048	FALSE	Q3
1674	eurollm-22b-instruct-2512	LT	Q3_LT	3	98	1901	2572	1899	515	643	579	380	475	428	895	1118	1007	16384	config	15741	15869	2048	2048	FALSE	Q3
1675	eurollm-22b-instruct-2512	LT	Q4_LT	1	103	1843	2519	2093	504	630	567	419	524	472	923	1154	1039	16384	config	15754	15880	2048	2048	FALSE	Q4
1676	eurollm-22b-instruct-2512	LT	Q4_LT	2	103	1843	2519	2093	504	630	567	419	524	472	923	1154	1039	16384	config	15754	15880	2048	2048	FALSE	Q4
1677	eurollm-22b-instruct-2512	LT	Q4_LT	3	103	1843	2519	2093	504	630	567	419	524	472	923	1154	1039	16384	config	15754	15880	2048	2048	FALSE	Q4
1678	eurollm-22b-instruct-2512	LT	Q5_LT	1	103	1824	2500	1704	500	625	562	341	426	384	841	1051	946	16384	config	15759	15884	2048	2048	FALSE	Q5
1679	eurollm-22b-instruct-2512	LT	Q5_LT	2	103	1824	2500	1704	500	625	562	341	426	384	841	1051	946	16384	config	15759	15884	2048	2048	FALSE	Q5
1680	eurollm-22b-instruct-2512	LT	Q5_LT	3	103	1824	2500	1704	500	625	562	341	426	384	841	1051	946	16384	config	15759	15884	2048	2048	FALSE	Q5
1681	eurollm-22b-instruct-2512	MT	Q1_MT	1	132	1887	2592	1324	519	648	584	265	331	298	784	979	882	16384	config	15736	15865	2048	2048	FALSE	Q1
1682	eurollm-22b-instruct-2512	MT	Q1_MT	2	132	1887	2592	1324	519	648	584	265	331	298	784	979	882	16384	config	15736	15865	2048	2048	FALSE	Q1
1683	eurollm-22b-instruct-2512	MT	Q1_MT	3	132	1887	2592	1324	519	648	584	265	331	298	784	979	882	16384	config	15736	15865	2048	2048	FALSE	Q1
1684	eurollm-22b-instruct-2512	MT	Q2_MT	1	88	1862	2523	1517	505	631	568	304	380	342	809	1011	910	16384	config	15753	15879	2048	2048	FALSE	Q2
1685	eurollm-22b-instruct-2512	MT	Q2_MT	2	88	1862	2523	1517	505	631	568	304	380	342	809	1011	910	16384	config	15753	15879	2048	2048	FALSE	Q2
1686	eurollm-22b-instruct-2512	MT	Q2_MT	3	88	1862	2523	1517	505	631	568	304	380	342	809	1011	910	16384	config	15753	15879	2048	2048	FALSE	Q2
1687	eurollm-22b-instruct-2512	MT	Q3_MT	1	109	1901	2583	1357	517	646	582	272	340	306	789	986	888	16384	config	15738	15867	2048	2048	FALSE	Q3
1688	eurollm-22b-instruct-2512	MT	Q3_MT	2	109	1901	2583	1357	517	646	582	272	340	306	789	986	888	16384	config	15738	15867	2048	2048	FALSE	Q3
1689	eurollm-22b-instruct-2512	MT	Q3_MT	3	109	1901	2583	1357	517	646	582	272	340	306	789	986	888	16384	config	15738	15867	2048	2048	FALSE	Q3
1690	eurollm-22b-instruct-2512	MT	Q4_MT	1	112	1843	2528	1363	506	632	569	273	341	307	779	973	876	16384	config	15752	15878	2048	2048	FALSE	Q4
1691	eurollm-22b-instruct-2512	MT	Q4_MT	2	112	1843	2528	1363	506	632	569	273	341	307	779	973	876	16384	config	15752	15878	2048	2048	FALSE	Q4
1692	eurollm-22b-instruct-2512	MT	Q4_MT	3	112	1843	2528	1363	506	632	569	273	341	307	779	973	876	16384	config	15752	15878	2048	2048	FALSE	Q4
1693	eurollm-22b-instruct-2512	MT	Q5_MT	1	121	1824	2518	1407	504	630	567	282	352	317	786	982	884	16384	config	15754	15880	2048	2048	FALSE	Q5
1694	eurollm-22b-instruct-2512	MT	Q5_MT	2	121	1824	2518	1407	504	630	567	282	352	317	786	982	884	16384	config	15754	15880	2048	2048	FALSE	Q5
1695	eurollm-22b-instruct-2512	MT	Q5_MT	3	121	1824	2518	1407	504	630	567	282	352	317	786	982	884	16384	config	15754	15880	2048	2048	FALSE	Q5
1696	eurollm-22b-instruct-2512	PL	Q1_PL	1	119	1887	2579	1661	516	645	580	333	416	374	849	1061	954	16384	config	15739	15868	2048	2048	FALSE	Q1
1697	eurollm-22b-instruct-2512	PL	Q1_PL	2	119	1887	2579	1661	516	645	580	333	416	374	849	1061	954	16384	config	15739	15868	2048	2048	FALSE	Q1
1698	eurollm-22b-instruct-2512	PL	Q1_PL	3	119	1887	2579	1661	516	645	580	333	416	374	849	1061	954	16384	config	15739	15868	2048	2048	FALSE	Q1
1699	eurollm-22b-instruct-2512	PL	Q2_PL	1	79	1862	2514	1585	503	629	566	317	397	357	820	1026	923	16384	config	15755	15881	2048	2048	FALSE	Q2
1700	eurollm-22b-instruct-2512	PL	Q2_PL	2	79	1862	2514	1753	503	629	566	351	439	395	854	1068	961	16384	config	15755	15881	2048	2048	FALSE	Q2
1701	eurollm-22b-instruct-2512	PL	Q2_PL	3	79	1862	2514	1753	503	629	566	351	439	395	854	1068	961	16384	config	15755	15881	2048	2048	FALSE	Q2
1702	eurollm-22b-instruct-2512	PL	Q3_PL	1	119	1901	2593	1540	519	649	584	308	385	346	827	1034	930	16384	config	15735	15865	2048	2048	FALSE	Q3
1703	eurollm-22b-instruct-2512	PL	Q3_PL	2	119	1901	2593	1377	519	649	584	276	345	310	795	994	894	16384	config	15735	15865	2048	2048	FALSE	Q3
1704	eurollm-22b-instruct-2512	PL	Q3_PL	3	119	1901	2593	1377	519	649	584	276	345	310	795	994	894	16384	config	15735	15865	2048	2048	FALSE	Q3
1705	eurollm-22b-instruct-2512	PL	Q4_PL	1	101	1843	2517	1626	504	630	567	326	407	366	830	1037	933	16384	config	15754	15880	2048	2048	FALSE	Q4
1706	eurollm-22b-instruct-2512	PL	Q4_PL	2	101	1843	2517	1632	504	630	567	327	408	368	831	1038	935	16384	config	15754	15880	2048	2048	FALSE	Q4
1707	eurollm-22b-instruct-2512	PL	Q4_PL	3	101	1843	2517	1632	504	630	567	327	408	368	831	1038	935	16384	config	15754	15880	2048	2048	FALSE	Q4
1708	eurollm-22b-instruct-2512	PL	Q5_PL	1	121	1824	2518	1405	504	630	567	281	352	316	785	982	883	16384	config	15754	15880	2048	2048	FALSE	Q5
1709	eurollm-22b-instruct-2512	PL	Q5_PL	2	121	1824	2518	1405	504	630	567	281	352	316	785	982	883	16384	config	15754	15880	2048	2048	FALSE	Q5
1710	eurollm-22b-instruct-2512	PL	Q5_PL	3	121	1824	2518	1405	504	630	567	281	352	316	785	982	883	16384	config	15754	15880	2048	2048	FALSE	Q5
1711	eurollm-22b-instruct-2512	PT	Q1_PT	1	147	1887	2607	1948	522	652	587	390	487	438	912	1139	1025	16384	config	15732	15862	2048	2048	FALSE	Q1
1712	eurollm-22b-instruct-2512	PT	Q1_PT	2	147	1887	2607	1948	522	652	587	390	487	438	912	1139	1025	16384	config	15732	15862	2048	2048	FALSE	Q1
1713	eurollm-22b-instruct-2512	PT	Q1_PT	3	147	1887	2607	1948	522	652	587	390	487	438	912	1139	1025	16384	config	15732	15862	2048	2048	FALSE	Q1
1714	eurollm-22b-instruct-2512	PT	Q2_PT	1	84	1862	2519	1742	504	630	567	349	436	392	853	1066	959	16384	config	15754	15880	2048	2048	FALSE	Q2
1715	eurollm-22b-instruct-2512	PT	Q2_PT	2	84	1862	2519	1742	504	630	567	349	436	392	853	1066	959	16384	config	15754	15880	2048	2048	FALSE	Q2
1716	eurollm-22b-instruct-2512	PT	Q2_PT	3	84	1862	2519	1742	504	630	567	349	436	392	853	1066	959	16384	config	15754	15880	2048	2048	FALSE	Q2
1717	eurollm-22b-instruct-2512	PT	Q3_PT	1	107	1901	2581	2193	517	646	582	439	549	494	956	1195	1076	16384	config	15738	15867	2048	2048	FALSE	Q3
1718	eurollm-22b-instruct-2512	PT	Q3_PT	2	107	1901	2581	2193	517	646	582	439	549	494	956	1195	1076	16384	config	15738	15867	2048	2048	FALSE	Q3
1719	eurollm-22b-instruct-2512	PT	Q3_PT	3	107	1901	2581	2193	517	646	582	439	549	494	956	1195	1076	16384	config	15738	15867	2048	2048	FALSE	Q3
1720	eurollm-22b-instruct-2512	PT	Q4_PT	1	132	1843	2548	1906	510	637	574	382	477	430	892	1114	1004	16384	config	15747	15874	2048	2048	FALSE	Q4
1721	eurollm-22b-instruct-2512	PT	Q4_PT	2	132	1843	2548	1648	510	637	574	330	412	371	840	1049	945	16384	config	15747	15874	2048	2048	FALSE	Q4
1722	eurollm-22b-instruct-2512	PT	Q4_PT	3	132	1843	2548	1648	510	637	574	330	412	371	840	1049	945	16384	config	15747	15874	2048	2048	FALSE	Q4
1723	eurollm-22b-instruct-2512	PT	Q5_PT	1	106	1824	2503	1760	501	626	564	352	440	396	853	1066	960	16384	config	15758	15883	2048	2048	FALSE	Q5
1724	eurollm-22b-instruct-2512	PT	Q5_PT	2	106	1824	2503	1843	501	626	564	369	461	415	870	1087	979	16384	config	15758	15883	2048	2048	FALSE	Q5
1725	eurollm-22b-instruct-2512	PT	Q5_PT	3	106	1824	2503	1843	501	626	564	369	461	415	870	1087	979	16384	config	15758	15883	2048	2048	FALSE	Q5
1726	eurollm-22b-instruct-2512	RO	Q1_RO	1	136	1887	2596	2370	520	649	584	474	593	534	994	1242	1118	16384	config	15735	15864	2048	2048	FALSE	Q1
1727	eurollm-22b-instruct-2512	RO	Q1_RO	2	136	1887	2596	2370	520	649	584	474	593	534	994	1242	1118	16384	config	15735	15864	2048	2048	FALSE	Q1
1728	eurollm-22b-instruct-2512	RO	Q1_RO	3	136	1887	2596	2370	520	649	584	474	593	534	994	1242	1118	16384	config	15735	15864	2048	2048	FALSE	Q1
1729	eurollm-22b-instruct-2512	RO	Q2_RO	1	85	1862	2520	1564	504	630	567	313	391	352	817	1021	919	16384	config	15754	15880	2048	2048	FALSE	Q2
1730	eurollm-22b-instruct-2512	RO	Q2_RO	2	85	1862	2520	1564	504	630	567	313	391	352	817	1021	919	16384	config	15754	15880	2048	2048	FALSE	Q2
1731	eurollm-22b-instruct-2512	RO	Q2_RO	3	85	1862	2520	1564	504	630	567	313	391	352	817	1021	919	16384	config	15754	15880	2048	2048	FALSE	Q2
1732	eurollm-22b-instruct-2512	RO	Q3_RO	1	115	1901	2589	2016	518	648	583	404	504	454	922	1152	1037	16384	config	15736	15866	2048	2048	FALSE	Q3
1733	eurollm-22b-instruct-2512	RO	Q3_RO	2	115	1901	2589	2016	518	648	583	404	504	454	922	1152	1037	16384	config	15736	15866	2048	2048	FALSE	Q3
1734	eurollm-22b-instruct-2512	RO	Q3_RO	3	115	1901	2589	2016	518	648	583	404	504	454	922	1152	1037	16384	config	15736	15866	2048	2048	FALSE	Q3
1735	eurollm-22b-instruct-2512	RO	Q4_RO	1	111	1843	2527	1609	506	632	569	322	403	362	828	1035	931	16384	config	15752	15878	2048	2048	FALSE	Q4
1736	eurollm-22b-instruct-2512	RO	Q4_RO	2	111	1843	2527	1609	506	632	569	322	403	362	828	1035	931	16384	config	15752	15878	2048	2048	FALSE	Q4
1737	eurollm-22b-instruct-2512	RO	Q4_RO	3	111	1843	2527	1609	506	632	569	322	403	362	828	1035	931	16384	config	15752	15878	2048	2048	FALSE	Q4
1738	eurollm-22b-instruct-2512	RO	Q5_RO	1	111	1824	2508	1544	502	627	564	309	386	348	811	1013	912	16384	config	15757	15882	2048	2048	FALSE	Q5
1739	eurollm-22b-instruct-2512	RO	Q5_RO	2	111	1824	2508	1544	502	627	564	309	386	348	811	1013	912	16384	config	15757	15882	2048	2048	FALSE	Q5
1740	eurollm-22b-instruct-2512	RO	Q5_RO	3	111	1824	2508	1544	502	627	564	309	386	348	811	1013	912	16384	config	15757	15882	2048	2048	FALSE	Q5
1741	eurollm-22b-instruct-2512	SK	Q1_SK	1	110	1887	2570	1921	514	643	578	385	481	433	899	1124	1011	16384	config	15741	15870	2048	2048	FALSE	Q1
1742	eurollm-22b-instruct-2512	SK	Q1_SK	2	110	1887	2570	1921	514	643	578	385	481	433	899	1124	1011	16384	config	15741	15870	2048	2048	FALSE	Q1
1743	eurollm-22b-instruct-2512	SK	Q1_SK	3	110	1887	2570	1921	514	643	578	385	481	433	899	1124	1011	16384	config	15741	15870	2048	2048	FALSE	Q1
1744	eurollm-22b-instruct-2512	SK	Q2_SK	1	93	1862	2528	1656	506	632	569	332	414	373	838	1046	942	16384	config	15752	15878	2048	2048	FALSE	Q2
1745	eurollm-22b-instruct-2512	SK	Q2_SK	2	93	1862	2528	1656	506	632	569	332	414	373	838	1046	942	16384	config	15752	15878	2048	2048	FALSE	Q2
1746	eurollm-22b-instruct-2512	SK	Q2_SK	3	93	1862	2528	1656	506	632	569	332	414	373	838	1046	942	16384	config	15752	15878	2048	2048	FALSE	Q2
1747	eurollm-22b-instruct-2512	SK	Q3_SK	1	97	1901	2571	1930	515	643	579	386	483	434	901	1126	1013	16384	config	15741	15869	2048	2048	FALSE	Q3
1748	eurollm-22b-instruct-2512	SK	Q3_SK	2	97	1901	2571	1930	515	643	579	386	483	434	901	1126	1013	16384	config	15741	15869	2048	2048	FALSE	Q3
1749	eurollm-22b-instruct-2512	SK	Q3_SK	3	97	1901	2571	1930	515	643	579	386	483	434	901	1126	1013	16384	config	15741	15869	2048	2048	FALSE	Q3
1750	eurollm-22b-instruct-2512	SK	Q4_SK	1	118	1843	2534	1618	507	634	570	324	405	364	831	1039	934	16384	config	15750	15877	2048	2048	FALSE	Q4
1751	eurollm-22b-instruct-2512	SK	Q4_SK	2	118	1843	2534	1618	507	634	570	324	405	364	831	1039	934	16384	config	15750	15877	2048	2048	FALSE	Q4
1752	eurollm-22b-instruct-2512	SK	Q4_SK	3	118	1843	2534	1618	507	634	570	324	405	364	831	1039	934	16384	config	15750	15877	2048	2048	FALSE	Q4
1753	eurollm-22b-instruct-2512	SK	Q5_SK	1	113	1824	2510	1364	502	628	565	273	341	307	775	969	872	16384	config	15756	15882	2048	2048	FALSE	Q5
1754	eurollm-22b-instruct-2512	SK	Q5_SK	2	113	1824	2510	1364	502	628	565	273	341	307	775	969	872	16384	config	15756	15882	2048	2048	FALSE	Q5
1755	eurollm-22b-instruct-2512	SK	Q5_SK	3	113	1824	2510	1364	502	628	565	273	341	307	775	969	872	16384	config	15756	15882	2048	2048	FALSE	Q5
1756	eurollm-22b-instruct-2512	SL	Q1_SL	1	108	1887	2568	1419	514	642	578	284	355	320	798	997	898	16384	config	15742	15870	2048	2048	FALSE	Q1
1757	eurollm-22b-instruct-2512	SL	Q1_SL	2	108	1887	2568	1461	514	642	578	293	366	330	807	1008	908	16384	config	15742	15870	2048	2048	FALSE	Q1
1758	eurollm-22b-instruct-2512	SL	Q1_SL	3	108	1887	2568	1461	514	642	578	293	366	330	807	1008	908	16384	config	15742	15870	2048	2048	FALSE	Q1
1759	eurollm-22b-instruct-2512	SL	Q2_SL	1	86	1862	2521	1663	505	631	568	333	416	374	838	1047	942	16384	config	15753	15879	2048	2048	FALSE	Q2
1760	eurollm-22b-instruct-2512	SL	Q2_SL	2	86	1862	2521	1663	505	631	568	333	416	374	838	1047	942	16384	config	15753	15879	2048	2048	FALSE	Q2
1761	eurollm-22b-instruct-2512	SL	Q2_SL	3	86	1862	2521	1663	505	631	568	333	416	374	838	1047	942	16384	config	15753	15879	2048	2048	FALSE	Q2
1762	eurollm-22b-instruct-2512	SL	Q3_SL	1	105	1901	2579	1928	516	645	580	386	482	434	902	1127	1014	16384	config	15739	15868	2048	2048	FALSE	Q3
1763	eurollm-22b-instruct-2512	SL	Q3_SL	2	105	1901	2579	1928	516	645	580	386	482	434	902	1127	1014	16384	config	15739	15868	2048	2048	FALSE	Q3
1764	eurollm-22b-instruct-2512	SL	Q3_SL	3	105	1901	2579	1928	516	645	580	386	482	434	902	1127	1014	16384	config	15739	15868	2048	2048	FALSE	Q3
1765	eurollm-22b-instruct-2512	SL	Q4_SL	1	94	1843	2510	1572	502	628	565	315	393	354	817	1021	919	16384	config	15756	15882	2048	2048	FALSE	Q4
1766	eurollm-22b-instruct-2512	SL	Q4_SL	2	94	1843	2510	1572	502	628	565	315	393	354	817	1021	919	16384	config	15756	15882	2048	2048	FALSE	Q4
1767	eurollm-22b-instruct-2512	SL	Q4_SL	3	94	1843	2510	1572	502	628	565	315	393	354	817	1021	919	16384	config	15756	15882	2048	2048	FALSE	Q4
1768	eurollm-22b-instruct-2512	SL	Q5_SL	1	107	1824	2504	1502	501	626	564	301	376	338	802	1002	902	16384	config	15758	15883	2048	2048	FALSE	Q5
1769	eurollm-22b-instruct-2512	SL	Q5_SL	2	107	1824	2504	1502	501	626	564	301	376	338	802	1002	902	16384	config	15758	15883	2048	2048	FALSE	Q5
1770	eurollm-22b-instruct-2512	SL	Q5_SL	3	107	1824	2504	1502	501	626	564	301	376	338	802	1002	902	16384	config	15758	15883	2048	2048	FALSE	Q5
1771	eurollm-22b-instruct-2512	ES	Q1_ES	1	138	1887	2598	2374	520	650	585	475	594	534	995	1244	1119	16384	config	15734	15864	2048	2048	FALSE	Q1
1772	eurollm-22b-instruct-2512	ES	Q1_ES	2	138	1887	2598	2374	520	650	585	475	594	534	995	1244	1119	16384	config	15734	15864	2048	2048	FALSE	Q1
1773	eurollm-22b-instruct-2512	ES	Q1_ES	3	138	1887	2598	2374	520	650	585	475	594	534	995	1244	1119	16384	config	15734	15864	2048	2048	FALSE	Q1
1774	eurollm-22b-instruct-2512	ES	Q2_ES	1	93	1862	2528	1746	506	632	569	350	437	394	856	1069	963	16384	config	15752	15878	2048	2048	FALSE	Q2
1775	eurollm-22b-instruct-2512	ES	Q2_ES	2	93	1862	2528	1709	506	632	569	342	428	385	848	1060	954	16384	config	15752	15878	2048	2048	FALSE	Q2
1776	eurollm-22b-instruct-2512	ES	Q2_ES	3	93	1862	2528	1709	506	632	569	342	428	385	848	1060	954	16384	config	15752	15878	2048	2048	FALSE	Q2
1777	eurollm-22b-instruct-2512	ES	Q3_ES	1	103	1901	2577	1624	516	645	580	325	406	366	841	1051	946	16384	config	15739	15868	2048	2048	FALSE	Q3
1778	eurollm-22b-instruct-2512	ES	Q3_ES	2	103	1901	2577	1624	516	645	580	325	406	366	841	1051	946	16384	config	15739	15868	2048	2048	FALSE	Q3
1779	eurollm-22b-instruct-2512	ES	Q3_ES	3	103	1901	2577	1624	516	645	580	325	406	366	841	1051	946	16384	config	15739	15868	2048	2048	FALSE	Q3
1780	eurollm-22b-instruct-2512	ES	Q4_ES	1	134	1843	2550	1738	510	638	574	348	435	392	858	1073	966	16384	config	15746	15874	2048	2048	FALSE	Q4
1781	eurollm-22b-instruct-2512	ES	Q4_ES	2	134	1843	2550	1738	510	638	574	348	435	392	858	1073	966	16384	config	15746	15874	2048	2048	FALSE	Q4
1782	eurollm-22b-instruct-2512	ES	Q4_ES	3	134	1843	2550	1738	510	638	574	348	435	392	858	1073	966	16384	config	15746	15874	2048	2048	FALSE	Q4
1783	eurollm-22b-instruct-2512	ES	Q5_ES	1	110	1824	2507	1887	502	627	564	378	472	425	880	1099	989	16384	config	15757	15882	2048	2048	FALSE	Q5
1784	eurollm-22b-instruct-2512	ES	Q5_ES	2	110	1824	2507	1887	502	627	564	378	472	425	880	1099	989	16384	config	15757	15882	2048	2048	FALSE	Q5
1785	eurollm-22b-instruct-2512	ES	Q5_ES	3	110	1824	2507	1887	502	627	564	378	472	425	880	1099	989	16384	config	15757	15882	2048	2048	FALSE	Q5
1786	eurollm-22b-instruct-2512	SV	Q1_SV	1	137	1887	2597	1500	520	650	585	300	375	338	820	1025	923	16384	config	15734	15864	2048	2048	FALSE	Q1
1787	eurollm-22b-instruct-2512	SV	Q1_SV	2	137	1887	2597	1500	520	650	585	300	375	338	820	1025	923	16384	config	15734	15864	2048	2048	FALSE	Q1
1788	eurollm-22b-instruct-2512	SV	Q1_SV	3	137	1887	2597	1500	520	650	585	300	375	338	820	1025	923	16384	config	15734	15864	2048	2048	FALSE	Q1
1789	eurollm-22b-instruct-2512	SV	Q2_SV	1	82	1862	2517	1801	504	630	567	361	451	406	865	1081	973	16384	config	15754	15880	2048	2048	FALSE	Q2
1790	eurollm-22b-instruct-2512	SV	Q2_SV	2	82	1862	2517	1801	504	630	567	361	451	406	865	1081	973	16384	config	15754	15880	2048	2048	FALSE	Q2
1791	eurollm-22b-instruct-2512	SV	Q2_SV	3	82	1862	2517	1801	504	630	567	361	451	406	865	1081	973	16384	config	15754	15880	2048	2048	FALSE	Q2
1792	eurollm-22b-instruct-2512	SV	Q3_SV	1	98	1901	2572	1791	515	643	579	359	448	404	874	1091	983	16384	config	15741	15869	2048	2048	FALSE	Q3
1793	eurollm-22b-instruct-2512	SV	Q3_SV	2	98	1901	2572	1791	515	643	579	359	448	404	874	1091	983	16384	config	15741	15869	2048	2048	FALSE	Q3
1794	eurollm-22b-instruct-2512	SV	Q3_SV	3	98	1901	2572	1791	515	643	579	359	448	404	874	1091	983	16384	config	15741	15869	2048	2048	FALSE	Q3
1795	eurollm-22b-instruct-2512	SV	Q4_SV	1	103	1843	2519	1656	504	630	567	332	414	373	836	1044	940	16384	config	15754	15880	2048	2048	FALSE	Q4
1796	eurollm-22b-instruct-2512	SV	Q4_SV	2	103	1843	2519	1656	504	630	567	332	414	373	836	1044	940	16384	config	15754	15880	2048	2048	FALSE	Q4
1797	eurollm-22b-instruct-2512	SV	Q4_SV	3	103	1843	2519	1656	504	630	567	332	414	373	836	1044	940	16384	config	15754	15880	2048	2048	FALSE	Q4
1798	eurollm-22b-instruct-2512	SV	Q5_SV	1	109	1824	2506	1165	502	627	564	233	292	262	735	919	826	16384	config	15757	15882	2048	2048	FALSE	Q5
1799	eurollm-22b-instruct-2512	SV	Q5_SV	2	109	1824	2506	1165	502	627	564	233	292	262	735	919	826	16384	config	15757	15882	2048	2048	FALSE	Q5
1800	eurollm-22b-instruct-2512	SV	Q5_SV	3	109	1824	2506	1165	502	627	564	233	292	262	735	919	826	16384	config	15757	15882	2048	2048	FALSE	Q5
1801	eurollm-9b-instruct-2512	BG	Q1_BG	1	124	1887	2584	2431	517	646	582	487	608	548	1004	1254	1130	16384	config	15738	15867	2048	2048	FALSE	Q1
1802	eurollm-9b-instruct-2512	BG	Q1_BG	2	124	1887	2584	2431	517	646	582	487	608	548	1004	1254	1130	16384	config	15738	15867	2048	2048	FALSE	Q1
1803	eurollm-9b-instruct-2512	BG	Q1_BG	3	124	1887	2584	2431	517	646	582	487	608	548	1004	1254	1130	16384	config	15738	15867	2048	2048	FALSE	Q1
1804	eurollm-9b-instruct-2512	BG	Q2_BG	1	99	1862	2534	2239	507	634	570	448	560	504	955	1194	1074	16384	config	15750	15877	2048	2048	FALSE	Q2
1805	eurollm-9b-instruct-2512	BG	Q2_BG	2	99	1862	2534	2239	507	634	570	448	560	504	955	1194	1074	16384	config	15750	15877	2048	2048	FALSE	Q2
1806	eurollm-9b-instruct-2512	BG	Q2_BG	3	99	1862	2534	2239	507	634	570	448	560	504	955	1194	1074	16384	config	15750	15877	2048	2048	FALSE	Q2
1807	eurollm-9b-instruct-2512	BG	Q3_BG	1	109	1901	2583	2728	517	646	582	546	682	614	1063	1328	1196	16384	config	15738	15867	2048	2048	FALSE	Q3
1808	eurollm-9b-instruct-2512	BG	Q3_BG	2	109	1901	2583	2728	517	646	582	546	682	614	1063	1328	1196	16384	config	15738	15867	2048	2048	FALSE	Q3
1809	eurollm-9b-instruct-2512	BG	Q3_BG	3	109	1901	2583	2728	517	646	582	546	682	614	1063	1328	1196	16384	config	15738	15867	2048	2048	FALSE	Q3
1810	eurollm-9b-instruct-2512	BG	Q4_BG	1	106	1843	2522	1302	505	631	568	261	326	294	766	957	862	16384	config	15753	15879	2048	2048	FALSE	Q4
1811	eurollm-9b-instruct-2512	BG	Q4_BG	2	106	1843	2522	1302	505	631	568	261	326	294	766	957	862	16384	config	15753	15879	2048	2048	FALSE	Q4
1812	eurollm-9b-instruct-2512	BG	Q4_BG	3	106	1843	2522	1302	505	631	568	261	326	294	766	957	862	16384	config	15753	15879	2048	2048	FALSE	Q4
1813	eurollm-9b-instruct-2512	BG	Q5_BG	1	113	1824	2510	1666	502	628	565	334	417	376	836	1045	941	16384	config	15756	15882	2048	2048	FALSE	Q5
1814	eurollm-9b-instruct-2512	BG	Q5_BG	2	113	1824	2510	1666	502	628	565	334	417	376	836	1045	941	16384	config	15756	15882	2048	2048	FALSE	Q5
1815	eurollm-9b-instruct-2512	BG	Q5_BG	3	113	1824	2510	1666	502	628	565	334	417	376	836	1045	941	16384	config	15756	15882	2048	2048	FALSE	Q5
1816	eurollm-9b-instruct-2512	HR	Q1_HR	1	114	1887	2574	2018	515	644	580	404	505	454	919	1149	1034	16384	config	15740	15869	2048	2048	FALSE	Q1
1817	eurollm-9b-instruct-2512	HR	Q1_HR	2	114	1887	2574	2018	515	644	580	404	505	454	919	1149	1034	16384	config	15740	15869	2048	2048	FALSE	Q1
1818	eurollm-9b-instruct-2512	HR	Q1_HR	3	114	1887	2574	2018	515	644	580	404	505	454	919	1149	1034	16384	config	15740	15869	2048	2048	FALSE	Q1
1819	eurollm-9b-instruct-2512	HR	Q2_HR	1	104	1862	2539	2145	508	635	572	429	537	483	937	1172	1055	16384	config	15749	15876	2048	2048	FALSE	Q2
1820	eurollm-9b-instruct-2512	HR	Q2_HR	2	104	1862	2539	2145	508	635	572	429	537	483	937	1172	1055	16384	config	15749	15876	2048	2048	FALSE	Q2
1821	eurollm-9b-instruct-2512	HR	Q2_HR	3	104	1862	2539	2145	508	635	572	429	537	483	937	1172	1055	16384	config	15749	15876	2048	2048	FALSE	Q2
1822	eurollm-9b-instruct-2512	HR	Q3_HR	1	90	1901	2564	1765	513	641	577	353	442	398	866	1083	975	16384	config	15743	15871	2048	2048	FALSE	Q3
1823	eurollm-9b-instruct-2512	HR	Q3_HR	2	90	1901	2564	1765	513	641	577	353	442	398	866	1083	975	16384	config	15743	15871	2048	2048	FALSE	Q3
1824	eurollm-9b-instruct-2512	HR	Q3_HR	3	90	1901	2564	1765	513	641	577	353	442	398	866	1083	975	16384	config	15743	15871	2048	2048	FALSE	Q3
1825	eurollm-9b-instruct-2512	HR	Q4_HR	1	105	1843	2521	1808	505	631	568	362	452	407	867	1083	975	16384	config	15753	15879	2048	2048	FALSE	Q4
1826	eurollm-9b-instruct-2512	HR	Q4_HR	2	105	1843	2521	1808	505	631	568	362	452	407	867	1083	975	16384	config	15753	15879	2048	2048	FALSE	Q4
1827	eurollm-9b-instruct-2512	HR	Q4_HR	3	105	1843	2521	1808	505	631	568	362	452	407	867	1083	975	16384	config	15753	15879	2048	2048	FALSE	Q4
1828	eurollm-9b-instruct-2512	HR	Q5_HR	1	109	1824	2506	1718	502	627	564	344	430	387	846	1057	951	16384	config	15757	15882	2048	2048	FALSE	Q5
1829	eurollm-9b-instruct-2512	HR	Q5_HR	2	109	1824	2506	1718	502	627	564	344	430	387	846	1057	951	16384	config	15757	15882	2048	2048	FALSE	Q5
1830	eurollm-9b-instruct-2512	HR	Q5_HR	3	109	1824	2506	1718	502	627	564	344	430	387	846	1057	951	16384	config	15757	15882	2048	2048	FALSE	Q5
1831	eurollm-9b-instruct-2512	CS	Q1_CS	1	111	1887	2571	1612	515	643	579	323	403	363	838	1046	942	16384	config	15741	15869	2048	2048	FALSE	Q1
1832	eurollm-9b-instruct-2512	CS	Q1_CS	2	111	1887	2571	1612	515	643	579	323	403	363	838	1046	942	16384	config	15741	15869	2048	2048	FALSE	Q1
1833	eurollm-9b-instruct-2512	CS	Q1_CS	3	111	1887	2571	1612	515	643	579	323	403	363	838	1046	942	16384	config	15741	15869	2048	2048	FALSE	Q1
1834	eurollm-9b-instruct-2512	CS	Q2_CS	1	92	1862	2527	1534	506	632	569	307	384	346	813	1016	915	16384	config	15752	15878	2048	2048	FALSE	Q2
1835	eurollm-9b-instruct-2512	CS	Q2_CS	2	92	1862	2527	1534	506	632	569	307	384	346	813	1016	915	16384	config	15752	15878	2048	2048	FALSE	Q2
1836	eurollm-9b-instruct-2512	CS	Q2_CS	3	92	1862	2527	1534	506	632	569	307	384	346	813	1016	915	16384	config	15752	15878	2048	2048	FALSE	Q2
1837	eurollm-9b-instruct-2512	CS	Q3_CS	1	87	1901	2561	1860	513	641	577	372	465	418	885	1106	995	16384	config	15743	15871	2048	2048	FALSE	Q3
1838	eurollm-9b-instruct-2512	CS	Q3_CS	2	87	1901	2561	1860	513	641	577	372	465	418	885	1106	995	16384	config	15743	15871	2048	2048	FALSE	Q3
1839	eurollm-9b-instruct-2512	CS	Q3_CS	3	87	1901	2561	1860	513	641	577	372	465	418	885	1106	995	16384	config	15743	15871	2048	2048	FALSE	Q3
1840	eurollm-9b-instruct-2512	CS	Q4_CS	1	106	1843	2522	1985	505	631	568	397	497	447	902	1128	1015	16384	config	15753	15879	2048	2048	FALSE	Q4
1841	eurollm-9b-instruct-2512	CS	Q4_CS	2	106	1843	2522	1985	505	631	568	397	497	447	902	1128	1015	16384	config	15753	15879	2048	2048	FALSE	Q4
1842	eurollm-9b-instruct-2512	CS	Q4_CS	3	106	1843	2522	1985	505	631	568	397	497	447	902	1128	1015	16384	config	15753	15879	2048	2048	FALSE	Q4
1843	eurollm-9b-instruct-2512	CS	Q5_CS	1	100	1824	2497	1546	500	625	562	310	387	348	810	1012	910	16384	config	15759	15884	2048	2048	FALSE	Q5
1844	eurollm-9b-instruct-2512	CS	Q5_CS	2	100	1824	2497	1546	500	625	562	310	387	348	810	1012	910	16384	config	15759	15884	2048	2048	FALSE	Q5
1845	eurollm-9b-instruct-2512	CS	Q5_CS	3	100	1824	2497	1546	500	625	562	310	387	348	810	1012	910	16384	config	15759	15884	2048	2048	FALSE	Q5
1846	eurollm-9b-instruct-2512	DA	Q1_DA	1	134	1887	2594	1844	519	649	584	369	461	415	888	1110	999	16384	config	15735	15865	2048	2048	FALSE	Q1
1847	eurollm-9b-instruct-2512	DA	Q1_DA	2	134	1887	2594	1844	519	649	584	369	461	415	888	1110	999	16384	config	15735	15865	2048	2048	FALSE	Q1
1848	eurollm-9b-instruct-2512	DA	Q1_DA	3	134	1887	2594	1844	519	649	584	369	461	415	888	1110	999	16384	config	15735	15865	2048	2048	FALSE	Q1
1849	eurollm-9b-instruct-2512	DA	Q2_DA	1	93	1862	2528	2324	506	632	569	465	581	523	971	1213	1092	16384	config	15752	15878	2048	2048	FALSE	Q2
1850	eurollm-9b-instruct-2512	DA	Q2_DA	2	93	1862	2528	2324	506	632	569	465	581	523	971	1213	1092	16384	config	15752	15878	2048	2048	FALSE	Q2
1851	eurollm-9b-instruct-2512	DA	Q2_DA	3	93	1862	2528	2324	506	632	569	465	581	523	971	1213	1092	16384	config	15752	15878	2048	2048	FALSE	Q2
1852	eurollm-9b-instruct-2512	DA	Q3_DA	1	98	1901	2572	1876	515	643	579	376	469	422	891	1112	1001	16384	config	15741	15869	2048	2048	FALSE	Q3
1853	eurollm-9b-instruct-2512	DA	Q3_DA	2	98	1901	2572	1876	515	643	579	376	469	422	891	1112	1001	16384	config	15741	15869	2048	2048	FALSE	Q3
1854	eurollm-9b-instruct-2512	DA	Q3_DA	3	98	1901	2572	1876	515	643	579	376	469	422	891	1112	1001	16384	config	15741	15869	2048	2048	FALSE	Q3
1855	eurollm-9b-instruct-2512	DA	Q4_DA	1	106	1843	2522	1557	505	631	568	312	390	351	817	1021	919	16384	config	15753	15879	2048	2048	FALSE	Q4
1856	eurollm-9b-instruct-2512	DA	Q4_DA	2	106	1843	2522	1557	505	631	568	312	390	351	817	1021	919	16384	config	15753	15879	2048	2048	FALSE	Q4
1857	eurollm-9b-instruct-2512	DA	Q4_DA	3	106	1843	2522	1557	505	631	568	312	390	351	817	1021	919	16384	config	15753	15879	2048	2048	FALSE	Q4
1858	eurollm-9b-instruct-2512	DA	Q5_DA	1	107	1824	2504	1968	501	626	564	394	492	443	895	1118	1007	16384	config	15758	15883	2048	2048	FALSE	Q5
1859	eurollm-9b-instruct-2512	DA	Q5_DA	2	107	1824	2504	1968	501	626	564	394	492	443	895	1118	1007	16384	config	15758	15883	2048	2048	FALSE	Q5
1860	eurollm-9b-instruct-2512	DA	Q5_DA	3	107	1824	2504	1968	501	626	564	394	492	443	895	1118	1007	16384	config	15758	15883	2048	2048	FALSE	Q5
1861	eurollm-9b-instruct-2512	NL	Q1_NL	1	139	1887	2599	2598	520	650	585	520	650	585	1040	1300	1170	16384	config	15734	15864	2048	2048	FALSE	Q1
1862	eurollm-9b-instruct-2512	NL	Q1_NL	2	139	1887	2599	2598	520	650	585	520	650	585	1040	1300	1170	16384	config	15734	15864	2048	2048	FALSE	Q1
1863	eurollm-9b-instruct-2512	NL	Q1_NL	3	139	1887	2599	2598	520	650	585	520	650	585	1040	1300	1170	16384	config	15734	15864	2048	2048	FALSE	Q1
1864	eurollm-9b-instruct-2512	NL	Q2_NL	1	92	1862	2527	2500	506	632	569	500	625	562	1006	1257	1131	16384	config	15752	15878	2048	2048	FALSE	Q2
1865	eurollm-9b-instruct-2512	NL	Q2_NL	2	92	1862	2527	2500	506	632	569	500	625	562	1006	1257	1131	16384	config	15752	15878	2048	2048	FALSE	Q2
1866	eurollm-9b-instruct-2512	NL	Q2_NL	3	92	1862	2527	2500	506	632	569	500	625	562	1006	1257	1131	16384	config	15752	15878	2048	2048	FALSE	Q2
1867	eurollm-9b-instruct-2512	NL	Q3_NL	1	120	1901	2594	2762	519	649	584	553	691	622	1072	1340	1206	16384	config	15735	15865	2048	2048	FALSE	Q3
1868	eurollm-9b-instruct-2512	NL	Q3_NL	2	120	1901	2594	2762	519	649	584	553	691	622	1072	1340	1206	16384	config	15735	15865	2048	2048	FALSE	Q3
1869	eurollm-9b-instruct-2512	NL	Q3_NL	3	120	1901	2594	2762	519	649	584	553	691	622	1072	1340	1206	16384	config	15735	15865	2048	2048	FALSE	Q3
1870	eurollm-9b-instruct-2512	NL	Q4_NL	1	111	1843	2527	1747	506	632	569	350	437	394	856	1069	963	16384	config	15752	15878	2048	2048	FALSE	Q4
1871	eurollm-9b-instruct-2512	NL	Q4_NL	2	111	1843	2527	1747	506	632	569	350	437	394	856	1069	963	16384	config	15752	15878	2048	2048	FALSE	Q4
1872	eurollm-9b-instruct-2512	NL	Q4_NL	3	111	1843	2527	1747	506	632	569	350	437	394	856	1069	963	16384	config	15752	15878	2048	2048	FALSE	Q4
1873	eurollm-9b-instruct-2512	NL	Q5_NL	1	92	1824	2489	2068	498	623	560	414	517	466	912	1140	1026	16384	config	15761	15886	2048	2048	FALSE	Q5
1874	eurollm-9b-instruct-2512	NL	Q5_NL	2	92	1824	2489	2068	498	623	560	414	517	466	912	1140	1026	16384	config	15761	15886	2048	2048	FALSE	Q5
1875	eurollm-9b-instruct-2512	NL	Q5_NL	3	92	1824	2489	2068	498	623	560	414	517	466	912	1140	1026	16384	config	15761	15886	2048	2048	FALSE	Q5
1876	eurollm-9b-instruct-2512	EN	Q1_EN	1	126	1887	2586	2852	518	647	582	571	713	642	1089	1360	1224	16384	config	15737	15866	2048	2048	FALSE	Q1
1877	eurollm-9b-instruct-2512	EN	Q1_EN	2	126	1887	2586	2852	518	647	582	571	713	642	1089	1360	1224	16384	config	15737	15866	2048	2048	FALSE	Q1
1878	eurollm-9b-instruct-2512	EN	Q1_EN	3	126	1887	2586	2852	518	647	582	571	713	642	1089	1360	1224	16384	config	15737	15866	2048	2048	FALSE	Q1
1879	eurollm-9b-instruct-2512	EN	Q2_EN	1	77	1862	2512	2594	503	628	566	519	649	584	1022	1277	1150	16384	config	15756	15881	2048	2048	FALSE	Q2
1880	eurollm-9b-instruct-2512	EN	Q2_EN	2	77	1862	2512	2594	503	628	566	519	649	584	1022	1277	1150	16384	config	15756	15881	2048	2048	FALSE	Q2
1881	eurollm-9b-instruct-2512	EN	Q2_EN	3	77	1862	2512	2594	503	628	566	519	649	584	1022	1277	1150	16384	config	15756	15881	2048	2048	FALSE	Q2
1882	eurollm-9b-instruct-2512	EN	Q3_EN	1	101	1901	2575	3088	515	644	580	618	772	695	1133	1416	1275	16384	config	15740	15869	2048	2048	FALSE	Q3
1883	eurollm-9b-instruct-2512	EN	Q3_EN	2	101	1901	2575	3088	515	644	580	618	772	695	1133	1416	1275	16384	config	15740	15869	2048	2048	FALSE	Q3
1884	eurollm-9b-instruct-2512	EN	Q3_EN	3	101	1901	2575	3088	515	644	580	618	772	695	1133	1416	1275	16384	config	15740	15869	2048	2048	FALSE	Q3
1885	eurollm-9b-instruct-2512	EN	Q4_EN	1	95	1843	2511	2032	503	628	566	407	508	458	910	1136	1024	16384	config	15756	15881	2048	2048	FALSE	Q4
1886	eurollm-9b-instruct-2512	EN	Q4_EN	2	95	1843	2511	2032	503	628	566	407	508	458	910	1136	1024	16384	config	15756	15881	2048	2048	FALSE	Q4
1887	eurollm-9b-instruct-2512	EN	Q4_EN	3	95	1843	2511	2032	503	628	566	407	508	458	910	1136	1024	16384	config	15756	15881	2048	2048	FALSE	Q4
1888	eurollm-9b-instruct-2512	EN	Q5_EN	1	88	1824	2485	2251	497	622	560	451	563	507	948	1185	1067	16384	config	15762	15887	2048	2048	FALSE	Q5
1889	eurollm-9b-instruct-2512	EN	Q5_EN	2	88	1824	2485	2251	497	622	560	451	563	507	948	1185	1067	16384	config	15762	15887	2048	2048	FALSE	Q5
1890	eurollm-9b-instruct-2512	EN	Q5_EN	3	88	1824	2485	2251	497	622	560	451	563	507	948	1185	1067	16384	config	15762	15887	2048	2048	FALSE	Q5
1891	eurollm-9b-instruct-2512	ET	Q1_ET	1	124	1887	2584	2242	517	646	582	449	561	505	966	1207	1087	16384	config	15738	15867	2048	2048	FALSE	Q1
1892	eurollm-9b-instruct-2512	ET	Q1_ET	2	124	1887	2584	2242	517	646	582	449	561	505	966	1207	1087	16384	config	15738	15867	2048	2048	FALSE	Q1
1893	eurollm-9b-instruct-2512	ET	Q1_ET	3	124	1887	2584	2242	517	646	582	449	561	505	966	1207	1087	16384	config	15738	15867	2048	2048	FALSE	Q1
1894	eurollm-9b-instruct-2512	ET	Q2_ET	1	96	1862	2531	1558	507	633	570	312	390	351	819	1023	921	16384	config	15751	15877	2048	2048	FALSE	Q2
1895	eurollm-9b-instruct-2512	ET	Q2_ET	2	96	1862	2531	1558	507	633	570	312	390	351	819	1023	921	16384	config	15751	15877	2048	2048	FALSE	Q2
1896	eurollm-9b-instruct-2512	ET	Q2_ET	3	96	1862	2531	1558	507	633	570	312	390	351	819	1023	921	16384	config	15751	15877	2048	2048	FALSE	Q2
1897	eurollm-9b-instruct-2512	ET	Q3_ET	1	81	1901	2555	2418	511	639	575	484	605	544	995	1244	1119	16384	config	15745	15873	2048	2048	FALSE	Q3
1898	eurollm-9b-instruct-2512	ET	Q3_ET	2	81	1901	2555	2418	511	639	575	484	605	544	995	1244	1119	16384	config	15745	15873	2048	2048	FALSE	Q3
1899	eurollm-9b-instruct-2512	ET	Q3_ET	3	81	1901	2555	2418	511	639	575	484	605	544	995	1244	1119	16384	config	15745	15873	2048	2048	FALSE	Q3
1900	eurollm-9b-instruct-2512	ET	Q4_ET	1	105	1843	2521	1692	505	631	568	339	423	381	844	1054	949	16384	config	15753	15879	2048	2048	FALSE	Q4
1901	eurollm-9b-instruct-2512	ET	Q4_ET	2	105	1843	2521	1692	505	631	568	339	423	381	844	1054	949	16384	config	15753	15879	2048	2048	FALSE	Q4
1902	eurollm-9b-instruct-2512	ET	Q4_ET	3	105	1843	2521	1692	505	631	568	339	423	381	844	1054	949	16384	config	15753	15879	2048	2048	FALSE	Q4
1903	eurollm-9b-instruct-2512	ET	Q5_ET	1	93	1824	2490	1424	498	623	560	285	356	320	783	979	880	16384	config	15761	15886	2048	2048	FALSE	Q5
1904	eurollm-9b-instruct-2512	ET	Q5_ET	2	93	1824	2490	1424	498	623	560	285	356	320	783	979	880	16384	config	15761	15886	2048	2048	FALSE	Q5
1905	eurollm-9b-instruct-2512	ET	Q5_ET	3	93	1824	2490	1424	498	623	560	285	356	320	783	979	880	16384	config	15761	15886	2048	2048	FALSE	Q5
1906	eurollm-9b-instruct-2512	FI	Q1_FI	1	133	1887	2593	1806	519	649	584	362	452	407	881	1101	991	16384	config	15735	15865	2048	2048	FALSE	Q1
1907	eurollm-9b-instruct-2512	FI	Q1_FI	2	133	1887	2593	1806	519	649	584	362	452	407	881	1101	991	16384	config	15735	15865	2048	2048	FALSE	Q1
1908	eurollm-9b-instruct-2512	FI	Q1_FI	3	133	1887	2593	1806	519	649	584	362	452	407	881	1101	991	16384	config	15735	15865	2048	2048	FALSE	Q1
1909	eurollm-9b-instruct-2512	FI	Q2_FI	1	100	1862	2535	1853	507	634	570	371	464	418	878	1098	988	16384	config	15750	15877	2048	2048	FALSE	Q2
1910	eurollm-9b-instruct-2512	FI	Q2_FI	2	100	1862	2535	1853	507	634	570	371	464	418	878	1098	988	16384	config	15750	15877	2048	2048	FALSE	Q2
1911	eurollm-9b-instruct-2512	FI	Q2_FI	3	100	1862	2535	1853	507	634	570	371	464	418	878	1098	988	16384	config	15750	15877	2048	2048	FALSE	Q2
1912	eurollm-9b-instruct-2512	FI	Q3_FI	1	94	1901	2568	1913	514	642	578	383	479	431	897	1121	1009	16384	config	15742	15870	2048	2048	FALSE	Q3
1913	eurollm-9b-instruct-2512	FI	Q3_FI	2	94	1901	2568	1913	514	642	578	383	479	431	897	1121	1009	16384	config	15742	15870	2048	2048	FALSE	Q3
1914	eurollm-9b-instruct-2512	FI	Q3_FI	3	94	1901	2568	1913	514	642	578	383	479	431	897	1121	1009	16384	config	15742	15870	2048	2048	FALSE	Q3
1915	eurollm-9b-instruct-2512	FI	Q4_FI	1	101	1843	2517	1624	504	630	567	325	406	366	829	1036	933	16384	config	15754	15880	2048	2048	FALSE	Q4
1916	eurollm-9b-instruct-2512	FI	Q4_FI	2	101	1843	2517	1624	504	630	567	325	406	366	829	1036	933	16384	config	15754	15880	2048	2048	FALSE	Q4
1917	eurollm-9b-instruct-2512	FI	Q4_FI	3	101	1843	2517	1624	504	630	567	325	406	366	829	1036	933	16384	config	15754	15880	2048	2048	FALSE	Q4
1918	eurollm-9b-instruct-2512	FI	Q5_FI	1	91	1824	2488	1708	498	622	560	342	427	384	840	1049	944	16384	config	15762	15886	2048	2048	FALSE	Q5
1919	eurollm-9b-instruct-2512	FI	Q5_FI	2	91	1824	2488	1708	498	622	560	342	427	384	840	1049	944	16384	config	15762	15886	2048	2048	FALSE	Q5
1920	eurollm-9b-instruct-2512	FI	Q5_FI	3	91	1824	2488	1708	498	622	560	342	427	384	840	1049	944	16384	config	15762	15886	2048	2048	FALSE	Q5
1921	eurollm-9b-instruct-2512	FR	Q1_FR	1	159	1887	2619	2497	524	655	590	500	625	562	1024	1280	1152	16384	config	15729	15860	2048	2048	FALSE	Q1
1922	eurollm-9b-instruct-2512	FR	Q1_FR	2	159	1887	2619	2497	524	655	590	500	625	562	1024	1280	1152	16384	config	15729	15860	2048	2048	FALSE	Q1
1923	eurollm-9b-instruct-2512	FR	Q1_FR	3	159	1887	2619	2497	524	655	590	500	625	562	1024	1280	1152	16384	config	15729	15860	2048	2048	FALSE	Q1
1924	eurollm-9b-instruct-2512	FR	Q2_FR	1	99	1862	2534	2107	507	634	570	422	527	474	929	1161	1044	16384	config	15750	15877	2048	2048	FALSE	Q2
1925	eurollm-9b-instruct-2512	FR	Q2_FR	2	99	1862	2534	2107	507	634	570	422	527	474	929	1161	1044	16384	config	15750	15877	2048	2048	FALSE	Q2
1926	eurollm-9b-instruct-2512	FR	Q2_FR	3	99	1862	2534	2107	507	634	570	422	527	474	929	1161	1044	16384	config	15750	15877	2048	2048	FALSE	Q2
1927	eurollm-9b-instruct-2512	FR	Q3_FR	1	127	1901	2601	1891	521	651	586	379	473	426	900	1124	1012	16384	config	15733	15863	2048	2048	FALSE	Q3
1928	eurollm-9b-instruct-2512	FR	Q3_FR	2	127	1901	2601	1891	521	651	586	379	473	426	900	1124	1012	16384	config	15733	15863	2048	2048	FALSE	Q3
1929	eurollm-9b-instruct-2512	FR	Q3_FR	3	127	1901	2601	1891	521	651	586	379	473	426	900	1124	1012	16384	config	15733	15863	2048	2048	FALSE	Q3
1930	eurollm-9b-instruct-2512	FR	Q4_FR	1	125	1843	2541	2131	509	636	572	427	533	480	936	1169	1052	16384	config	15748	15875	2048	2048	FALSE	Q4
1931	eurollm-9b-instruct-2512	FR	Q4_FR	2	125	1843	2541	2131	509	636	572	427	533	480	936	1169	1052	16384	config	15748	15875	2048	2048	FALSE	Q4
1932	eurollm-9b-instruct-2512	FR	Q4_FR	3	125	1843	2541	2131	509	636	572	427	533	480	936	1169	1052	16384	config	15748	15875	2048	2048	FALSE	Q4
1933	eurollm-9b-instruct-2512	FR	Q5_FR	1	112	1824	2509	2039	502	628	565	408	510	459	910	1138	1024	16384	config	15756	15882	2048	2048	FALSE	Q5
1934	eurollm-9b-instruct-2512	FR	Q5_FR	2	112	1824	2509	2039	502	628	565	408	510	459	910	1138	1024	16384	config	15756	15882	2048	2048	FALSE	Q5
1935	eurollm-9b-instruct-2512	FR	Q5_FR	3	112	1824	2509	2039	502	628	565	408	510	459	910	1138	1024	16384	config	15756	15882	2048	2048	FALSE	Q5
1936	eurollm-9b-instruct-2512	DE	Q1_DE	1	133	1887	2593	2220	519	649	584	444	555	500	963	1204	1084	16384	config	15735	15865	2048	2048	FALSE	Q1
1937	eurollm-9b-instruct-2512	DE	Q1_DE	2	133	1887	2593	2220	519	649	584	444	555	500	963	1204	1084	16384	config	15735	15865	2048	2048	FALSE	Q1
1938	eurollm-9b-instruct-2512	DE	Q1_DE	3	133	1887	2593	2220	519	649	584	444	555	500	963	1204	1084	16384	config	15735	15865	2048	2048	FALSE	Q1
1939	eurollm-9b-instruct-2512	DE	Q2_DE	1	103	1862	2538	1850	508	635	572	370	463	416	878	1098	988	16384	config	15749	15876	2048	2048	FALSE	Q2
1940	eurollm-9b-instruct-2512	DE	Q2_DE	2	103	1862	2538	1850	508	635	572	370	463	416	878	1098	988	16384	config	15749	15876	2048	2048	FALSE	Q2
1941	eurollm-9b-instruct-2512	DE	Q2_DE	3	103	1862	2538	1850	508	635	572	370	463	416	878	1098	988	16384	config	15749	15876	2048	2048	FALSE	Q2
1942	eurollm-9b-instruct-2512	DE	Q3_DE	1	107	1901	2581	2060	517	646	582	412	515	464	929	1161	1046	16384	config	15738	15867	2048	2048	FALSE	Q3
1943	eurollm-9b-instruct-2512	DE	Q3_DE	2	107	1901	2581	2060	517	646	582	412	515	464	929	1161	1046	16384	config	15738	15867	2048	2048	FALSE	Q3
1944	eurollm-9b-instruct-2512	DE	Q3_DE	3	107	1901	2581	2060	517	646	582	412	515	464	929	1161	1046	16384	config	15738	15867	2048	2048	FALSE	Q3
1945	eurollm-9b-instruct-2512	DE	Q4_DE	1	111	1843	2527	2084	506	632	569	417	521	469	923	1153	1038	16384	config	15752	15878	2048	2048	FALSE	Q4
1946	eurollm-9b-instruct-2512	DE	Q4_DE	2	111	1843	2527	2084	506	632	569	417	521	469	923	1153	1038	16384	config	15752	15878	2048	2048	FALSE	Q4
1947	eurollm-9b-instruct-2512	DE	Q4_DE	3	111	1843	2527	2084	506	632	569	417	521	469	923	1153	1038	16384	config	15752	15878	2048	2048	FALSE	Q4
1948	eurollm-9b-instruct-2512	DE	Q5_DE	1	94	1824	2491	2379	499	623	561	476	595	536	975	1218	1097	16384	config	15761	15885	2048	2048	FALSE	Q5
1949	eurollm-9b-instruct-2512	DE	Q5_DE	2	94	1824	2491	2379	499	623	561	476	595	536	975	1218	1097	16384	config	15761	15885	2048	2048	FALSE	Q5
1950	eurollm-9b-instruct-2512	DE	Q5_DE	3	94	1824	2491	2379	499	623	561	476	595	536	975	1218	1097	16384	config	15761	15885	2048	2048	FALSE	Q5
1951	eurollm-9b-instruct-2512	EL	Q1_EL	1	129	1887	2589	1640	518	648	583	328	410	369	846	1058	952	16384	config	15736	15866	2048	2048	FALSE	Q1
1952	eurollm-9b-instruct-2512	EL	Q1_EL	2	129	1887	2589	1640	518	648	583	328	410	369	846	1058	952	16384	config	15736	15866	2048	2048	FALSE	Q1
1953	eurollm-9b-instruct-2512	EL	Q1_EL	3	129	1887	2589	1640	518	648	583	328	410	369	846	1058	952	16384	config	15736	15866	2048	2048	FALSE	Q1
1954	eurollm-9b-instruct-2512	EL	Q2_EL	1	96	1862	2531	2141	507	633	570	429	536	482	936	1169	1052	16384	config	15751	15877	2048	2048	FALSE	Q2
1955	eurollm-9b-instruct-2512	EL	Q2_EL	2	96	1862	2531	2141	507	633	570	429	536	482	936	1169	1052	16384	config	15751	15877	2048	2048	FALSE	Q2
1956	eurollm-9b-instruct-2512	EL	Q2_EL	3	96	1862	2531	2141	507	633	570	429	536	482	936	1169	1052	16384	config	15751	15877	2048	2048	FALSE	Q2
1957	eurollm-9b-instruct-2512	EL	Q3_EL	1	120	1901	2594	2189	519	649	584	438	548	493	957	1197	1077	16384	config	15735	15865	2048	2048	FALSE	Q3
1958	eurollm-9b-instruct-2512	EL	Q3_EL	2	120	1901	2594	2189	519	649	584	438	548	493	957	1197	1077	16384	config	15735	15865	2048	2048	FALSE	Q3
1959	eurollm-9b-instruct-2512	EL	Q3_EL	3	120	1901	2594	2189	519	649	584	438	548	493	957	1197	1077	16384	config	15735	15865	2048	2048	FALSE	Q3
1960	eurollm-9b-instruct-2512	EL	Q4_EL	1	115	1843	2531	2177	507	633	570	436	545	490	943	1178	1060	16384	config	15751	15877	2048	2048	FALSE	Q4
1961	eurollm-9b-instruct-2512	EL	Q4_EL	2	115	1843	2531	2177	507	633	570	436	545	490	943	1178	1060	16384	config	15751	15877	2048	2048	FALSE	Q4
1962	eurollm-9b-instruct-2512	EL	Q4_EL	3	115	1843	2531	2177	507	633	570	436	545	490	943	1178	1060	16384	config	15751	15877	2048	2048	FALSE	Q4
1963	eurollm-9b-instruct-2512	EL	Q5_EL	1	126	1824	2523	1910	505	631	568	382	478	430	887	1109	998	16384	config	15753	15879	2048	2048	FALSE	Q5
1964	eurollm-9b-instruct-2512	EL	Q5_EL	2	126	1824	2523	1910	505	631	568	382	478	430	887	1109	998	16384	config	15753	15879	2048	2048	FALSE	Q5
1965	eurollm-9b-instruct-2512	EL	Q5_EL	3	126	1824	2523	1910	505	631	568	382	478	430	887	1109	998	16384	config	15753	15879	2048	2048	FALSE	Q5
1966	eurollm-9b-instruct-2512	HU	Q1_HU	1	122	1887	2582	2136	517	646	582	428	534	481	945	1180	1063	16384	config	15738	15867	2048	2048	FALSE	Q1
1967	eurollm-9b-instruct-2512	HU	Q1_HU	2	122	1887	2582	2136	517	646	582	428	534	481	945	1180	1063	16384	config	15738	15867	2048	2048	FALSE	Q1
1968	eurollm-9b-instruct-2512	HU	Q1_HU	3	122	1887	2582	2136	517	646	582	428	534	481	945	1180	1063	16384	config	15738	15867	2048	2048	FALSE	Q1
1969	eurollm-9b-instruct-2512	HU	Q2_HU	1	98	1862	2533	1681	507	634	570	337	421	379	844	1055	949	16384	config	15750	15877	2048	2048	FALSE	Q2
1970	eurollm-9b-instruct-2512	HU	Q2_HU	2	98	1862	2533	1681	507	634	570	337	421	379	844	1055	949	16384	config	15750	15877	2048	2048	FALSE	Q2
1971	eurollm-9b-instruct-2512	HU	Q2_HU	3	98	1862	2533	1681	507	634	570	337	421	379	844	1055	949	16384	config	15750	15877	2048	2048	FALSE	Q2
1972	eurollm-9b-instruct-2512	HU	Q3_HU	1	107	1901	2581	1862	517	646	582	373	466	420	890	1112	1002	16384	config	15738	15867	2048	2048	FALSE	Q3
1973	eurollm-9b-instruct-2512	HU	Q3_HU	2	107	1901	2581	1862	517	646	582	373	466	420	890	1112	1002	16384	config	15738	15867	2048	2048	FALSE	Q3
1974	eurollm-9b-instruct-2512	HU	Q3_HU	3	107	1901	2581	1862	517	646	582	373	466	420	890	1112	1002	16384	config	15738	15867	2048	2048	FALSE	Q3
1975	eurollm-9b-instruct-2512	HU	Q4_HU	1	126	1843	2542	1850	509	636	572	370	463	416	879	1099	988	16384	config	15748	15875	2048	2048	FALSE	Q4
1976	eurollm-9b-instruct-2512	HU	Q4_HU	2	126	1843	2542	1850	509	636	572	370	463	416	879	1099	988	16384	config	15748	15875	2048	2048	FALSE	Q4
1977	eurollm-9b-instruct-2512	HU	Q4_HU	3	126	1843	2542	1850	509	636	572	370	463	416	879	1099	988	16384	config	15748	15875	2048	2048	FALSE	Q4
1978	eurollm-9b-instruct-2512	HU	Q5_HU	1	107	1824	2504	1738	501	626	564	348	435	392	849	1061	956	16384	config	15758	15883	2048	2048	FALSE	Q5
1979	eurollm-9b-instruct-2512	HU	Q5_HU	2	107	1824	2504	1738	501	626	564	348	435	392	849	1061	956	16384	config	15758	15883	2048	2048	FALSE	Q5
1980	eurollm-9b-instruct-2512	HU	Q5_HU	3	107	1824	2504	1738	501	626	564	348	435	392	849	1061	956	16384	config	15758	15883	2048	2048	FALSE	Q5
1981	eurollm-9b-instruct-2512	GA	Q1_GA	1	135	1887	2595	1787	519	649	584	358	447	402	877	1096	986	16384	config	15735	15865	2048	2048	FALSE	Q1
1982	eurollm-9b-instruct-2512	GA	Q1_GA	2	135	1887	2595	1787	519	649	584	358	447	402	877	1096	986	16384	config	15735	15865	2048	2048	FALSE	Q1
1983	eurollm-9b-instruct-2512	GA	Q1_GA	3	135	1887	2595	1787	519	649	584	358	447	402	877	1096	986	16384	config	15735	15865	2048	2048	FALSE	Q1
1984	eurollm-9b-instruct-2512	GA	Q2_GA	1	99	1862	2534	2220	507	634	570	444	555	500	951	1189	1070	16384	config	15750	15877	2048	2048	FALSE	Q2
1985	eurollm-9b-instruct-2512	GA	Q2_GA	2	99	1862	2534	2220	507	634	570	444	555	500	951	1189	1070	16384	config	15750	15877	2048	2048	FALSE	Q2
1986	eurollm-9b-instruct-2512	GA	Q2_GA	3	99	1862	2534	2220	507	634	570	444	555	500	951	1189	1070	16384	config	15750	15877	2048	2048	FALSE	Q2
1987	eurollm-9b-instruct-2512	GA	Q3_GA	1	101	1901	2575	2355	515	644	580	471	589	530	986	1233	1110	16384	config	15740	15869	2048	2048	FALSE	Q3
1988	eurollm-9b-instruct-2512	GA	Q3_GA	2	101	1901	2575	2355	515	644	580	471	589	530	986	1233	1110	16384	config	15740	15869	2048	2048	FALSE	Q3
1989	eurollm-9b-instruct-2512	GA	Q3_GA	3	101	1901	2575	2355	515	644	580	471	589	530	986	1233	1110	16384	config	15740	15869	2048	2048	FALSE	Q3
1990	eurollm-9b-instruct-2512	GA	Q4_GA	1	98	1843	2514	1822	503	629	566	365	456	410	868	1085	976	16384	config	15755	15881	2048	2048	FALSE	Q4
1991	eurollm-9b-instruct-2512	GA	Q4_GA	2	98	1843	2514	1822	503	629	566	365	456	410	868	1085	976	16384	config	15755	15881	2048	2048	FALSE	Q4
1992	eurollm-9b-instruct-2512	GA	Q4_GA	3	98	1843	2514	1822	503	629	566	365	456	410	868	1085	976	16384	config	15755	15881	2048	2048	FALSE	Q4
1993	eurollm-9b-instruct-2512	GA	Q5_GA	1	129	1824	2526	1714	506	632	569	343	429	386	849	1061	955	16384	config	15752	15878	2048	2048	FALSE	Q5
1994	eurollm-9b-instruct-2512	GA	Q5_GA	2	129	1824	2526	1714	506	632	569	343	429	386	849	1061	955	16384	config	15752	15878	2048	2048	FALSE	Q5
1995	eurollm-9b-instruct-2512	GA	Q5_GA	3	129	1824	2526	1714	506	632	569	343	429	386	849	1061	955	16384	config	15752	15878	2048	2048	FALSE	Q5
1996	eurollm-9b-instruct-2512	IT	Q1_IT	1	126	1887	2586	2308	518	647	582	462	577	520	980	1224	1102	16384	config	15737	15866	2048	2048	FALSE	Q1
1997	eurollm-9b-instruct-2512	IT	Q1_IT	2	126	1887	2586	2308	518	647	582	462	577	520	980	1224	1102	16384	config	15737	15866	2048	2048	FALSE	Q1
1998	eurollm-9b-instruct-2512	IT	Q1_IT	3	126	1887	2586	2308	518	647	582	462	577	520	980	1224	1102	16384	config	15737	15866	2048	2048	FALSE	Q1
1999	eurollm-9b-instruct-2512	IT	Q2_IT	1	94	1862	2529	2035	506	633	570	407	509	458	913	1142	1028	16384	config	15751	15878	2048	2048	FALSE	Q2
2000	eurollm-9b-instruct-2512	IT	Q2_IT	2	94	1862	2529	2035	506	633	570	407	509	458	913	1142	1028	16384	config	15751	15878	2048	2048	FALSE	Q2
2001	eurollm-9b-instruct-2512	IT	Q2_IT	3	94	1862	2529	2035	506	633	570	407	509	458	913	1142	1028	16384	config	15751	15878	2048	2048	FALSE	Q2
2002	eurollm-9b-instruct-2512	IT	Q3_IT	1	107	1901	2581	1671	517	646	582	335	418	376	852	1064	958	16384	config	15738	15867	2048	2048	FALSE	Q3
2003	eurollm-9b-instruct-2512	IT	Q3_IT	2	107	1901	2581	1671	517	646	582	335	418	376	852	1064	958	16384	config	15738	15867	2048	2048	FALSE	Q3
2004	eurollm-9b-instruct-2512	IT	Q3_IT	3	107	1901	2581	1671	517	646	582	335	418	376	852	1064	958	16384	config	15738	15867	2048	2048	FALSE	Q3
2005	eurollm-9b-instruct-2512	IT	Q4_IT	1	122	1843	2538	1902	508	635	572	381	476	428	889	1111	1000	16384	config	15749	15876	2048	2048	FALSE	Q4
2006	eurollm-9b-instruct-2512	IT	Q4_IT	2	122	1843	2538	1902	508	635	572	381	476	428	889	1111	1000	16384	config	15749	15876	2048	2048	FALSE	Q4
2007	eurollm-9b-instruct-2512	IT	Q4_IT	3	122	1843	2538	1902	508	635	572	381	476	428	889	1111	1000	16384	config	15749	15876	2048	2048	FALSE	Q4
2008	eurollm-9b-instruct-2512	IT	Q5_IT	1	103	1824	2500	1325	500	625	562	265	332	298	765	957	860	16384	config	15759	15884	2048	2048	FALSE	Q5
2009	eurollm-9b-instruct-2512	IT	Q5_IT	2	103	1824	2500	1325	500	625	562	265	332	298	765	957	860	16384	config	15759	15884	2048	2048	FALSE	Q5
2010	eurollm-9b-instruct-2512	IT	Q5_IT	3	103	1824	2500	1325	500	625	562	265	332	298	765	957	860	16384	config	15759	15884	2048	2048	FALSE	Q5
2011	eurollm-9b-instruct-2512	LV	Q1_LV	1	116	1887	2576	1975	516	644	580	395	494	444	911	1138	1024	16384	config	15740	15868	2048	2048	FALSE	Q1
2012	eurollm-9b-instruct-2512	LV	Q1_LV	2	116	1887	2576	1975	516	644	580	395	494	444	911	1138	1024	16384	config	15740	15868	2048	2048	FALSE	Q1
2013	eurollm-9b-instruct-2512	LV	Q1_LV	3	116	1887	2576	1975	516	644	580	395	494	444	911	1138	1024	16384	config	15740	15868	2048	2048	FALSE	Q1
2014	eurollm-9b-instruct-2512	LV	Q2_LV	1	92	1862	2527	1555	506	632	569	311	389	350	817	1021	919	16384	config	15752	15878	2048	2048	FALSE	Q2
2015	eurollm-9b-instruct-2512	LV	Q2_LV	2	92	1862	2527	1555	506	632	569	311	389	350	817	1021	919	16384	config	15752	15878	2048	2048	FALSE	Q2
2016	eurollm-9b-instruct-2512	LV	Q2_LV	3	92	1862	2527	1555	506	632	569	311	389	350	817	1021	919	16384	config	15752	15878	2048	2048	FALSE	Q2
2017	eurollm-9b-instruct-2512	LV	Q3_LV	1	96	1901	2570	2062	514	643	578	413	516	464	927	1159	1042	16384	config	15741	15870	2048	2048	FALSE	Q3
2018	eurollm-9b-instruct-2512	LV	Q3_LV	2	96	1901	2570	2062	514	643	578	413	516	464	927	1159	1042	16384	config	15741	15870	2048	2048	FALSE	Q3
2019	eurollm-9b-instruct-2512	LV	Q3_LV	3	96	1901	2570	2062	514	643	578	413	516	464	927	1159	1042	16384	config	15741	15870	2048	2048	FALSE	Q3
2020	eurollm-9b-instruct-2512	LV	Q4_LV	1	106	1843	2522	1717	505	631	568	344	430	387	849	1061	955	16384	config	15753	15879	2048	2048	FALSE	Q4
2021	eurollm-9b-instruct-2512	LV	Q4_LV	2	106	1843	2522	1717	505	631	568	344	430	387	849	1061	955	16384	config	15753	15879	2048	2048	FALSE	Q4
2022	eurollm-9b-instruct-2512	LV	Q4_LV	3	106	1843	2522	1717	505	631	568	344	430	387	849	1061	955	16384	config	15753	15879	2048	2048	FALSE	Q4
2023	eurollm-9b-instruct-2512	LV	Q5_LV	1	103	1824	2500	1802	500	625	562	361	451	406	861	1076	968	16384	config	15759	15884	2048	2048	FALSE	Q5
2024	eurollm-9b-instruct-2512	LV	Q5_LV	2	103	1824	2500	1802	500	625	562	361	451	406	861	1076	968	16384	config	15759	15884	2048	2048	FALSE	Q5
2025	eurollm-9b-instruct-2512	LV	Q5_LV	3	103	1824	2500	1802	500	625	562	361	451	406	861	1076	968	16384	config	15759	15884	2048	2048	FALSE	Q5
2026	eurollm-9b-instruct-2512	LT	Q1_LT	1	128	1887	2588	1711	518	647	582	343	428	386	861	1075	968	16384	config	15737	15866	2048	2048	FALSE	Q1
2027	eurollm-9b-instruct-2512	LT	Q1_LT	2	128	1887	2588	1711	518	647	582	343	428	386	861	1075	968	16384	config	15737	15866	2048	2048	FALSE	Q1
2028	eurollm-9b-instruct-2512	LT	Q1_LT	3	128	1887	2588	1711	518	647	582	343	428	386	861	1075	968	16384	config	15737	15866	2048	2048	FALSE	Q1
2029	eurollm-9b-instruct-2512	LT	Q2_LT	1	91	1862	2526	1736	506	632	569	348	434	391	854	1066	960	16384	config	15752	15878	2048	2048	FALSE	Q2
2030	eurollm-9b-instruct-2512	LT	Q2_LT	2	91	1862	2526	1736	506	632	569	348	434	391	854	1066	960	16384	config	15752	15878	2048	2048	FALSE	Q2
2031	eurollm-9b-instruct-2512	LT	Q2_LT	3	91	1862	2526	1736	506	632	569	348	434	391	854	1066	960	16384	config	15752	15878	2048	2048	FALSE	Q2
2032	eurollm-9b-instruct-2512	LT	Q3_LT	1	98	1901	2572	1916	515	643	579	384	479	432	899	1122	1011	16384	config	15741	15869	2048	2048	FALSE	Q3
2033	eurollm-9b-instruct-2512	LT	Q3_LT	2	98	1901	2572	1916	515	643	579	384	479	432	899	1122	1011	16384	config	15741	15869	2048	2048	FALSE	Q3
2034	eurollm-9b-instruct-2512	LT	Q3_LT	3	98	1901	2572	1916	515	643	579	384	479	432	899	1122	1011	16384	config	15741	15869	2048	2048	FALSE	Q3
2035	eurollm-9b-instruct-2512	LT	Q4_LT	1	103	1843	2519	1378	504	630	567	276	345	310	780	975	877	16384	config	15754	15880	2048	2048	FALSE	Q4
2036	eurollm-9b-instruct-2512	LT	Q4_LT	2	103	1843	2519	1378	504	630	567	276	345	310	780	975	877	16384	config	15754	15880	2048	2048	FALSE	Q4
2037	eurollm-9b-instruct-2512	LT	Q4_LT	3	103	1843	2519	1378	504	630	567	276	345	310	780	975	877	16384	config	15754	15880	2048	2048	FALSE	Q4
2038	eurollm-9b-instruct-2512	LT	Q5_LT	1	103	1824	2500	1634	500	625	562	327	409	368	827	1034	930	16384	config	15759	15884	2048	2048	FALSE	Q5
2039	eurollm-9b-instruct-2512	LT	Q5_LT	2	103	1824	2500	1634	500	625	562	327	409	368	827	1034	930	16384	config	15759	15884	2048	2048	FALSE	Q5
2040	eurollm-9b-instruct-2512	LT	Q5_LT	3	103	1824	2500	1634	500	625	562	327	409	368	827	1034	930	16384	config	15759	15884	2048	2048	FALSE	Q5
2041	eurollm-9b-instruct-2512	MT	Q1_MT	1	132	1887	2592	2216	519	648	584	444	554	499	963	1202	1083	16384	config	15736	15865	2048	2048	FALSE	Q1
2042	eurollm-9b-instruct-2512	MT	Q1_MT	2	132	1887	2592	2216	519	648	584	444	554	499	963	1202	1083	16384	config	15736	15865	2048	2048	FALSE	Q1
2043	eurollm-9b-instruct-2512	MT	Q1_MT	3	132	1887	2592	2216	519	648	584	444	554	499	963	1202	1083	16384	config	15736	15865	2048	2048	FALSE	Q1
2044	eurollm-9b-instruct-2512	MT	Q2_MT	1	88	1862	2523	1781	505	631	568	357	446	402	862	1077	970	16384	config	15753	15879	2048	2048	FALSE	Q2
2045	eurollm-9b-instruct-2512	MT	Q2_MT	2	88	1862	2523	1781	505	631	568	357	446	402	862	1077	970	16384	config	15753	15879	2048	2048	FALSE	Q2
2046	eurollm-9b-instruct-2512	MT	Q2_MT	3	88	1862	2523	1781	505	631	568	357	446	402	862	1077	970	16384	config	15753	15879	2048	2048	FALSE	Q2
2047	eurollm-9b-instruct-2512	MT	Q3_MT	1	109	1901	2583	2051	517	646	582	411	513	462	928	1159	1044	16384	config	15738	15867	2048	2048	FALSE	Q3
2048	eurollm-9b-instruct-2512	MT	Q3_MT	2	109	1901	2583	2051	517	646	582	411	513	462	928	1159	1044	16384	config	15738	15867	2048	2048	FALSE	Q3
2049	eurollm-9b-instruct-2512	MT	Q3_MT	3	109	1901	2583	2051	517	646	582	411	513	462	928	1159	1044	16384	config	15738	15867	2048	2048	FALSE	Q3
2050	eurollm-9b-instruct-2512	MT	Q4_MT	1	112	1843	2528	1879	506	632	569	376	470	423	882	1102	992	16384	config	15752	15878	2048	2048	FALSE	Q4
2051	eurollm-9b-instruct-2512	MT	Q4_MT	2	112	1843	2528	1879	506	632	569	376	470	423	882	1102	992	16384	config	15752	15878	2048	2048	FALSE	Q4
2052	eurollm-9b-instruct-2512	MT	Q4_MT	3	112	1843	2528	1879	506	632	569	376	470	423	882	1102	992	16384	config	15752	15878	2048	2048	FALSE	Q4
2053	eurollm-9b-instruct-2512	MT	Q5_MT	1	121	1824	2518	1495	504	630	567	299	374	336	803	1004	903	16384	config	15754	15880	2048	2048	FALSE	Q5
2054	eurollm-9b-instruct-2512	MT	Q5_MT	2	121	1824	2518	1495	504	630	567	299	374	336	803	1004	903	16384	config	15754	15880	2048	2048	FALSE	Q5
2055	eurollm-9b-instruct-2512	MT	Q5_MT	3	121	1824	2518	1495	504	630	567	299	374	336	803	1004	903	16384	config	15754	15880	2048	2048	FALSE	Q5
2056	eurollm-9b-instruct-2512	PL	Q1_PL	1	119	1887	2579	2024	516	645	580	405	506	456	921	1151	1036	16384	config	15739	15868	2048	2048	FALSE	Q1
2057	eurollm-9b-instruct-2512	PL	Q1_PL	2	119	1887	2579	2024	516	645	580	405	506	456	921	1151	1036	16384	config	15739	15868	2048	2048	FALSE	Q1
2058	eurollm-9b-instruct-2512	PL	Q1_PL	3	119	1887	2579	2024	516	645	580	405	506	456	921	1151	1036	16384	config	15739	15868	2048	2048	FALSE	Q1
2059	eurollm-9b-instruct-2512	PL	Q2_PL	1	79	1862	2514	2048	503	629	566	410	512	461	913	1141	1027	16384	config	15755	15881	2048	2048	FALSE	Q2
2060	eurollm-9b-instruct-2512	PL	Q2_PL	2	79	1862	2514	2048	503	629	566	410	512	461	913	1141	1027	16384	config	15755	15881	2048	2048	FALSE	Q2
2061	eurollm-9b-instruct-2512	PL	Q2_PL	3	79	1862	2514	2048	503	629	566	410	512	461	913	1141	1027	16384	config	15755	15881	2048	2048	FALSE	Q2
2062	eurollm-9b-instruct-2512	PL	Q3_PL	1	119	1901	2593	2174	519	649	584	435	544	490	954	1193	1074	16384	config	15735	15865	2048	2048	FALSE	Q3
2063	eurollm-9b-instruct-2512	PL	Q3_PL	2	119	1901	2593	2174	519	649	584	435	544	490	954	1193	1074	16384	config	15735	15865	2048	2048	FALSE	Q3
2064	eurollm-9b-instruct-2512	PL	Q3_PL	3	119	1901	2593	2174	519	649	584	435	544	490	954	1193	1074	16384	config	15735	15865	2048	2048	FALSE	Q3
2065	eurollm-9b-instruct-2512	PL	Q4_PL	1	101	1843	2517	1657	504	630	567	332	415	374	836	1045	941	16384	config	15754	15880	2048	2048	FALSE	Q4
2066	eurollm-9b-instruct-2512	PL	Q4_PL	2	101	1843	2517	1657	504	630	567	332	415	374	836	1045	941	16384	config	15754	15880	2048	2048	FALSE	Q4
2067	eurollm-9b-instruct-2512	PL	Q4_PL	3	101	1843	2517	1657	504	630	567	332	415	374	836	1045	941	16384	config	15754	15880	2048	2048	FALSE	Q4
2068	eurollm-9b-instruct-2512	PL	Q5_PL	1	121	1824	2518	1700	504	630	567	340	425	382	844	1055	949	16384	config	15754	15880	2048	2048	FALSE	Q5
2069	eurollm-9b-instruct-2512	PL	Q5_PL	2	121	1824	2518	1700	504	630	567	340	425	382	844	1055	949	16384	config	15754	15880	2048	2048	FALSE	Q5
2070	eurollm-9b-instruct-2512	PL	Q5_PL	3	121	1824	2518	1700	504	630	567	340	425	382	844	1055	949	16384	config	15754	15880	2048	2048	FALSE	Q5
2071	eurollm-9b-instruct-2512	PT	Q1_PT	1	147	1887	2607	2457	522	652	587	492	615	554	1014	1267	1141	16384	config	15732	15862	2048	2048	FALSE	Q1
2072	eurollm-9b-instruct-2512	PT	Q1_PT	2	147	1887	2607	2457	522	652	587	492	615	554	1014	1267	1141	16384	config	15732	15862	2048	2048	FALSE	Q1
2073	eurollm-9b-instruct-2512	PT	Q1_PT	3	147	1887	2607	2457	522	652	587	492	615	554	1014	1267	1141	16384	config	15732	15862	2048	2048	FALSE	Q1
2074	eurollm-9b-instruct-2512	PT	Q2_PT	1	84	1862	2519	2258	504	630	567	452	565	508	956	1195	1075	16384	config	15754	15880	2048	2048	FALSE	Q2
2075	eurollm-9b-instruct-2512	PT	Q2_PT	2	84	1862	2519	2258	504	630	567	452	565	508	956	1195	1075	16384	config	15754	15880	2048	2048	FALSE	Q2
2076	eurollm-9b-instruct-2512	PT	Q2_PT	3	84	1862	2519	2258	504	630	567	452	565	508	956	1195	1075	16384	config	15754	15880	2048	2048	FALSE	Q2
2077	eurollm-9b-instruct-2512	PT	Q3_PT	1	107	1901	2581	1960	517	646	582	392	490	441	909	1136	1023	16384	config	15738	15867	2048	2048	FALSE	Q3
2078	eurollm-9b-instruct-2512	PT	Q3_PT	2	107	1901	2581	1960	517	646	582	392	490	441	909	1136	1023	16384	config	15738	15867	2048	2048	FALSE	Q3
2079	eurollm-9b-instruct-2512	PT	Q3_PT	3	107	1901	2581	1960	517	646	582	392	490	441	909	1136	1023	16384	config	15738	15867	2048	2048	FALSE	Q3
2080	eurollm-9b-instruct-2512	PT	Q4_PT	1	132	1843	2548	2017	510	637	574	404	505	454	914	1142	1028	16384	config	15747	15874	2048	2048	FALSE	Q4
2081	eurollm-9b-instruct-2512	PT	Q4_PT	2	132	1843	2548	2017	510	637	574	404	505	454	914	1142	1028	16384	config	15747	15874	2048	2048	FALSE	Q4
2082	eurollm-9b-instruct-2512	PT	Q4_PT	3	132	1843	2548	2017	510	637	574	404	505	454	914	1142	1028	16384	config	15747	15874	2048	2048	FALSE	Q4
2083	eurollm-9b-instruct-2512	PT	Q5_PT	1	106	1824	2503	1935	501	626	564	387	484	436	888	1110	1000	16384	config	15758	15883	2048	2048	FALSE	Q5
2084	eurollm-9b-instruct-2512	PT	Q5_PT	2	106	1824	2503	1782	501	626	564	357	446	402	858	1072	966	16384	config	15758	15883	2048	2048	FALSE	Q5
2085	eurollm-9b-instruct-2512	PT	Q5_PT	3	106	1824	2503	1782	501	626	564	357	446	402	858	1072	966	16384	config	15758	15883	2048	2048	FALSE	Q5
2086	eurollm-9b-instruct-2512	RO	Q1_RO	1	136	1887	2596	1808	520	649	584	362	452	407	882	1101	991	16384	config	15735	15864	2048	2048	FALSE	Q1
2087	eurollm-9b-instruct-2512	RO	Q1_RO	2	136	1887	2596	1808	520	649	584	362	452	407	882	1101	991	16384	config	15735	15864	2048	2048	FALSE	Q1
2088	eurollm-9b-instruct-2512	RO	Q1_RO	3	136	1887	2596	1808	520	649	584	362	452	407	882	1101	991	16384	config	15735	15864	2048	2048	FALSE	Q1
2089	eurollm-9b-instruct-2512	RO	Q2_RO	1	85	1862	2520	2642	504	630	567	529	661	595	1033	1291	1162	16384	config	15754	15880	2048	2048	FALSE	Q2
2090	eurollm-9b-instruct-2512	RO	Q2_RO	2	85	1862	2520	2642	504	630	567	529	661	595	1033	1291	1162	16384	config	15754	15880	2048	2048	FALSE	Q2
2091	eurollm-9b-instruct-2512	RO	Q2_RO	3	85	1862	2520	2642	504	630	567	529	661	595	1033	1291	1162	16384	config	15754	15880	2048	2048	FALSE	Q2
2092	eurollm-9b-instruct-2512	RO	Q3_RO	1	115	1901	2589	1771	518	648	583	355	443	399	873	1091	982	16384	config	15736	15866	2048	2048	FALSE	Q3
2093	eurollm-9b-instruct-2512	RO	Q3_RO	2	115	1901	2589	1771	518	648	583	355	443	399	873	1091	982	16384	config	15736	15866	2048	2048	FALSE	Q3
2094	eurollm-9b-instruct-2512	RO	Q3_RO	3	115	1901	2589	1771	518	648	583	355	443	399	873	1091	982	16384	config	15736	15866	2048	2048	FALSE	Q3
2095	eurollm-9b-instruct-2512	RO	Q4_RO	1	111	1843	2527	1905	506	632	569	381	477	429	887	1109	998	16384	config	15752	15878	2048	2048	FALSE	Q4
2096	eurollm-9b-instruct-2512	RO	Q4_RO	2	111	1843	2527	1905	506	632	569	381	477	429	887	1109	998	16384	config	15752	15878	2048	2048	FALSE	Q4
2097	eurollm-9b-instruct-2512	RO	Q4_RO	3	111	1843	2527	1905	506	632	569	381	477	429	887	1109	998	16384	config	15752	15878	2048	2048	FALSE	Q4
2098	eurollm-9b-instruct-2512	RO	Q5_RO	1	111	1824	2508	1724	502	627	564	345	431	388	847	1058	952	16384	config	15757	15882	2048	2048	FALSE	Q5
2099	eurollm-9b-instruct-2512	RO	Q5_RO	2	111	1824	2508	1724	502	627	564	345	431	388	847	1058	952	16384	config	15757	15882	2048	2048	FALSE	Q5
2100	eurollm-9b-instruct-2512	RO	Q5_RO	3	111	1824	2508	1724	502	627	564	345	431	388	847	1058	952	16384	config	15757	15882	2048	2048	FALSE	Q5
2101	eurollm-9b-instruct-2512	SK	Q1_SK	1	110	1887	2570	1703	514	643	578	341	426	384	855	1069	962	16384	config	15741	15870	2048	2048	FALSE	Q1
2102	eurollm-9b-instruct-2512	SK	Q1_SK	2	110	1887	2570	1703	514	643	578	341	426	384	855	1069	962	16384	config	15741	15870	2048	2048	FALSE	Q1
2103	eurollm-9b-instruct-2512	SK	Q1_SK	3	110	1887	2570	1703	514	643	578	341	426	384	855	1069	962	16384	config	15741	15870	2048	2048	FALSE	Q1
2104	eurollm-9b-instruct-2512	SK	Q2_SK	1	93	1862	2528	1499	506	632	569	300	375	338	806	1007	907	16384	config	15752	15878	2048	2048	FALSE	Q2
2105	eurollm-9b-instruct-2512	SK	Q2_SK	2	93	1862	2528	1499	506	632	569	300	375	338	806	1007	907	16384	config	15752	15878	2048	2048	FALSE	Q2
2106	eurollm-9b-instruct-2512	SK	Q2_SK	3	93	1862	2528	1499	506	632	569	300	375	338	806	1007	907	16384	config	15752	15878	2048	2048	FALSE	Q2
2107	eurollm-9b-instruct-2512	SK	Q3_SK	1	97	1901	2571	1912	515	643	579	383	478	430	898	1121	1009	16384	config	15741	15869	2048	2048	FALSE	Q3
2108	eurollm-9b-instruct-2512	SK	Q3_SK	2	97	1901	2571	1912	515	643	579	383	478	430	898	1121	1009	16384	config	15741	15869	2048	2048	FALSE	Q3
2109	eurollm-9b-instruct-2512	SK	Q3_SK	3	97	1901	2571	1912	515	643	579	383	478	430	898	1121	1009	16384	config	15741	15869	2048	2048	FALSE	Q3
2110	eurollm-9b-instruct-2512	SK	Q4_SK	1	118	1843	2534	1971	507	634	570	395	493	444	902	1127	1014	16384	config	15750	15877	2048	2048	FALSE	Q4
2111	eurollm-9b-instruct-2512	SK	Q4_SK	2	118	1843	2534	1971	507	634	570	395	493	444	902	1127	1014	16384	config	15750	15877	2048	2048	FALSE	Q4
2112	eurollm-9b-instruct-2512	SK	Q4_SK	3	118	1843	2534	1971	507	634	570	395	493	444	902	1127	1014	16384	config	15750	15877	2048	2048	FALSE	Q4
2113	eurollm-9b-instruct-2512	SK	Q5_SK	1	113	1824	2510	1812	502	628	565	363	453	408	865	1081	973	16384	config	15756	15882	2048	2048	FALSE	Q5
2114	eurollm-9b-instruct-2512	SK	Q5_SK	2	113	1824	2510	1812	502	628	565	363	453	408	865	1081	973	16384	config	15756	15882	2048	2048	FALSE	Q5
2115	eurollm-9b-instruct-2512	SK	Q5_SK	3	113	1824	2510	1812	502	628	565	363	453	408	865	1081	973	16384	config	15756	15882	2048	2048	FALSE	Q5
2116	eurollm-9b-instruct-2512	SL	Q1_SL	1	108	1887	2568	1630	514	642	578	326	408	367	840	1050	945	16384	config	15742	15870	2048	2048	FALSE	Q1
2117	eurollm-9b-instruct-2512	SL	Q1_SL	2	108	1887	2568	1630	514	642	578	326	408	367	840	1050	945	16384	config	15742	15870	2048	2048	FALSE	Q1
2118	eurollm-9b-instruct-2512	SL	Q1_SL	3	108	1887	2568	1630	514	642	578	326	408	367	840	1050	945	16384	config	15742	15870	2048	2048	FALSE	Q1
2119	eurollm-9b-instruct-2512	SL	Q2_SL	1	86	1862	2521	1688	505	631	568	338	422	380	843	1053	948	16384	config	15753	15879	2048	2048	FALSE	Q2
2120	eurollm-9b-instruct-2512	SL	Q2_SL	2	86	1862	2521	1688	505	631	568	338	422	380	843	1053	948	16384	config	15753	15879	2048	2048	FALSE	Q2
2121	eurollm-9b-instruct-2512	SL	Q2_SL	3	86	1862	2521	1688	505	631	568	338	422	380	843	1053	948	16384	config	15753	15879	2048	2048	FALSE	Q2
2122	eurollm-9b-instruct-2512	SL	Q3_SL	1	105	1901	2579	1935	516	645	580	387	484	436	903	1129	1016	16384	config	15739	15868	2048	2048	FALSE	Q3
2123	eurollm-9b-instruct-2512	SL	Q3_SL	2	105	1901	2579	1935	516	645	580	387	484	436	903	1129	1016	16384	config	15739	15868	2048	2048	FALSE	Q3
2124	eurollm-9b-instruct-2512	SL	Q3_SL	3	105	1901	2579	1935	516	645	580	387	484	436	903	1129	1016	16384	config	15739	15868	2048	2048	FALSE	Q3
2125	eurollm-9b-instruct-2512	SL	Q4_SL	1	94	1843	2510	1626	502	628	565	326	407	366	828	1035	931	16384	config	15756	15882	2048	2048	FALSE	Q4
2126	eurollm-9b-instruct-2512	SL	Q4_SL	2	94	1843	2510	1626	502	628	565	326	407	366	828	1035	931	16384	config	15756	15882	2048	2048	FALSE	Q4
2127	eurollm-9b-instruct-2512	SL	Q4_SL	3	94	1843	2510	1626	502	628	565	326	407	366	828	1035	931	16384	config	15756	15882	2048	2048	FALSE	Q4
2128	eurollm-9b-instruct-2512	SL	Q5_SL	1	107	1824	2504	1927	501	626	564	386	482	434	887	1108	998	16384	config	15758	15883	2048	2048	FALSE	Q5
2129	eurollm-9b-instruct-2512	SL	Q5_SL	2	107	1824	2504	1927	501	626	564	386	482	434	887	1108	998	16384	config	15758	15883	2048	2048	FALSE	Q5
2130	eurollm-9b-instruct-2512	SL	Q5_SL	3	107	1824	2504	1927	501	626	564	386	482	434	887	1108	998	16384	config	15758	15883	2048	2048	FALSE	Q5
2131	eurollm-9b-instruct-2512	ES	Q1_ES	1	138	1887	2598	2171	520	650	585	435	543	489	955	1193	1074	16384	config	15734	15864	2048	2048	FALSE	Q1
2132	eurollm-9b-instruct-2512	ES	Q1_ES	2	138	1887	2598	2171	520	650	585	435	543	489	955	1193	1074	16384	config	15734	15864	2048	2048	FALSE	Q1
2133	eurollm-9b-instruct-2512	ES	Q1_ES	3	138	1887	2598	2171	520	650	585	435	543	489	955	1193	1074	16384	config	15734	15864	2048	2048	FALSE	Q1
2134	eurollm-9b-instruct-2512	ES	Q2_ES	1	93	1862	2528	2575	506	632	569	515	644	580	1021	1276	1149	16384	config	15752	15878	2048	2048	FALSE	Q2
2135	eurollm-9b-instruct-2512	ES	Q2_ES	2	93	1862	2528	2575	506	632	569	515	644	580	1021	1276	1149	16384	config	15752	15878	2048	2048	FALSE	Q2
2136	eurollm-9b-instruct-2512	ES	Q2_ES	3	93	1862	2528	2575	506	632	569	515	644	580	1021	1276	1149	16384	config	15752	15878	2048	2048	FALSE	Q2
2137	eurollm-9b-instruct-2512	ES	Q3_ES	1	103	1901	2577	1873	516	645	580	375	469	422	891	1114	1002	16384	config	15739	15868	2048	2048	FALSE	Q3
2138	eurollm-9b-instruct-2512	ES	Q3_ES	2	103	1901	2577	1873	516	645	580	375	469	422	891	1114	1002	16384	config	15739	15868	2048	2048	FALSE	Q3
2139	eurollm-9b-instruct-2512	ES	Q3_ES	3	103	1901	2577	1873	516	645	580	375	469	422	891	1114	1002	16384	config	15739	15868	2048	2048	FALSE	Q3
2140	eurollm-9b-instruct-2512	ES	Q4_ES	1	134	1843	2550	2034	510	638	574	407	509	458	917	1147	1032	16384	config	15746	15874	2048	2048	FALSE	Q4
2141	eurollm-9b-instruct-2512	ES	Q4_ES	2	134	1843	2550	2034	510	638	574	407	509	458	917	1147	1032	16384	config	15746	15874	2048	2048	FALSE	Q4
2142	eurollm-9b-instruct-2512	ES	Q4_ES	3	134	1843	2550	2034	510	638	574	407	509	458	917	1147	1032	16384	config	15746	15874	2048	2048	FALSE	Q4
2143	eurollm-9b-instruct-2512	ES	Q5_ES	1	110	1824	2507	2199	502	627	564	440	550	495	942	1177	1059	16384	config	15757	15882	2048	2048	FALSE	Q5
2144	eurollm-9b-instruct-2512	ES	Q5_ES	2	110	1824	2507	2199	502	627	564	440	550	495	942	1177	1059	16384	config	15757	15882	2048	2048	FALSE	Q5
2145	eurollm-9b-instruct-2512	ES	Q5_ES	3	110	1824	2507	2199	502	627	564	440	550	495	942	1177	1059	16384	config	15757	15882	2048	2048	FALSE	Q5
2146	eurollm-9b-instruct-2512	SV	Q1_SV	1	137	1887	2597	2165	520	650	585	433	542	488	953	1192	1073	16384	config	15734	15864	2048	2048	FALSE	Q1
2147	eurollm-9b-instruct-2512	SV	Q1_SV	2	137	1887	2597	2165	520	650	585	433	542	488	953	1192	1073	16384	config	15734	15864	2048	2048	FALSE	Q1
2148	eurollm-9b-instruct-2512	SV	Q1_SV	3	137	1887	2597	2165	520	650	585	433	542	488	953	1192	1073	16384	config	15734	15864	2048	2048	FALSE	Q1
2149	eurollm-9b-instruct-2512	SV	Q2_SV	1	82	1862	2517	2221	504	630	567	445	556	500	949	1186	1067	16384	config	15754	15880	2048	2048	FALSE	Q2
2150	eurollm-9b-instruct-2512	SV	Q2_SV	2	82	1862	2517	2221	504	630	567	445	556	500	949	1186	1067	16384	config	15754	15880	2048	2048	FALSE	Q2
2151	eurollm-9b-instruct-2512	SV	Q2_SV	3	82	1862	2517	2221	504	630	567	445	556	500	949	1186	1067	16384	config	15754	15880	2048	2048	FALSE	Q2
2152	eurollm-9b-instruct-2512	SV	Q3_SV	1	98	1901	2572	1875	515	643	579	375	469	422	890	1112	1001	16384	config	15741	15869	2048	2048	FALSE	Q3
2153	eurollm-9b-instruct-2512	SV	Q3_SV	2	98	1901	2572	1875	515	643	579	375	469	422	890	1112	1001	16384	config	15741	15869	2048	2048	FALSE	Q3
2154	eurollm-9b-instruct-2512	SV	Q3_SV	3	98	1901	2572	1875	515	643	579	375	469	422	890	1112	1001	16384	config	15741	15869	2048	2048	FALSE	Q3
2155	eurollm-9b-instruct-2512	SV	Q4_SV	1	103	1843	2519	1608	504	630	567	322	402	362	826	1032	929	16384	config	15754	15880	2048	2048	FALSE	Q4
2156	eurollm-9b-instruct-2512	SV	Q4_SV	2	103	1843	2519	1608	504	630	567	322	402	362	826	1032	929	16384	config	15754	15880	2048	2048	FALSE	Q4
2157	eurollm-9b-instruct-2512	SV	Q4_SV	3	103	1843	2519	1608	504	630	567	322	402	362	826	1032	929	16384	config	15754	15880	2048	2048	FALSE	Q4
2158	eurollm-9b-instruct-2512	SV	Q5_SV	1	109	1824	2506	1668	502	627	564	334	417	376	836	1044	940	16384	config	15757	15882	2048	2048	FALSE	Q5
2159	eurollm-9b-instruct-2512	SV	Q5_SV	2	109	1824	2506	1668	502	627	564	334	417	376	836	1044	940	16384	config	15757	15882	2048	2048	FALSE	Q5
2160	eurollm-9b-instruct-2512	SV	Q5_SV	3	109	1824	2506	1668	502	627	564	334	417	376	836	1044	940	16384	config	15757	15882	2048	2048	FALSE	Q5
2161	mistral-small-3-2-24b-instruct-2506-awq-sym-b200	BG	Q1_BG	1	124	1887	2584	1926	517	646	582	386	482	434	903	1128	1016	16384	config	15738	15867	2048	2048	FALSE	Q1
2162	mistral-small-3-2-24b-instruct-2506-awq-sym-b200	BG	Q1_BG	2	124	1887	2584	1926	517	646	582	386	482	434	903	1128	1016	16384	config	15738	15867	2048	2048	FALSE	Q1
2163	mistral-small-3-2-24b-instruct-2506-awq-sym-b200	BG	Q1_BG	3	124	1887	2584	1926	517	646	582	386	482	434	903	1128	1016	16384	config	15738	15867	2048	2048	FALSE	Q1
2164	mistral-small-3-2-24b-instruct-2506-awq-sym-b200	BG	Q2_BG	1	99	1862	2534	2138	507	634	570	428	535	482	935	1169	1052	16384	config	15750	15877	2048	2048	FALSE	Q2
2165	mistral-small-3-2-24b-instruct-2506-awq-sym-b200	BG	Q2_BG	2	99	1862	2534	2138	507	634	570	428	535	482	935	1169	1052	16384	config	15750	15877	2048	2048	FALSE	Q2
2166	mistral-small-3-2-24b-instruct-2506-awq-sym-b200	BG	Q2_BG	3	99	1862	2534	2138	507	634	570	428	535	482	935	1169	1052	16384	config	15750	15877	2048	2048	FALSE	Q2
2167	mistral-small-3-2-24b-instruct-2506-awq-sym-b200	BG	Q3_BG	1	109	1901	2583	2296	517	646	582	460	574	517	977	1220	1099	16384	config	15738	15867	2048	2048	FALSE	Q3
2168	mistral-small-3-2-24b-instruct-2506-awq-sym-b200	BG	Q3_BG	2	109	1901	2583	2296	517	646	582	460	574	517	977	1220	1099	16384	config	15738	15867	2048	2048	FALSE	Q3
2169	mistral-small-3-2-24b-instruct-2506-awq-sym-b200	BG	Q3_BG	3	109	1901	2583	2296	517	646	582	460	574	517	977	1220	1099	16384	config	15738	15867	2048	2048	FALSE	Q3
2170	mistral-small-3-2-24b-instruct-2506-awq-sym-b200	BG	Q4_BG	1	106	1843	2522	1658	505	631	568	332	415	374	837	1046	942	16384	config	15753	15879	2048	2048	FALSE	Q4
2171	mistral-small-3-2-24b-instruct-2506-awq-sym-b200	BG	Q4_BG	2	106	1843	2522	1658	505	631	568	332	415	374	837	1046	942	16384	config	15753	15879	2048	2048	FALSE	Q4
2172	mistral-small-3-2-24b-instruct-2506-awq-sym-b200	BG	Q4_BG	3	106	1843	2522	1658	505	631	568	332	415	374	837	1046	942	16384	config	15753	15879	2048	2048	FALSE	Q4
2173	mistral-small-3-2-24b-instruct-2506-awq-sym-b200	BG	Q5_BG	1	113	1824	2510	1823	502	628	565	365	456	410	867	1084	975	16384	config	15756	15882	2048	2048	FALSE	Q5
2174	mistral-small-3-2-24b-instruct-2506-awq-sym-b200	BG	Q5_BG	2	113	1824	2510	1823	502	628	565	365	456	410	867	1084	975	16384	config	15756	15882	2048	2048	FALSE	Q5
2175	mistral-small-3-2-24b-instruct-2506-awq-sym-b200	BG	Q5_BG	3	113	1824	2510	1823	502	628	565	365	456	410	867	1084	975	16384	config	15756	15882	2048	2048	FALSE	Q5
2176	mistral-small-3-2-24b-instruct-2506-awq-sym-b200	HR	Q1_HR	1	114	1887	2574	2008	515	644	580	402	502	452	917	1146	1032	16384	config	15740	15869	2048	2048	FALSE	Q1
2177	mistral-small-3-2-24b-instruct-2506-awq-sym-b200	HR	Q1_HR	2	114	1887	2574	2008	515	644	580	402	502	452	917	1146	1032	16384	config	15740	15869	2048	2048	FALSE	Q1
2178	mistral-small-3-2-24b-instruct-2506-awq-sym-b200	HR	Q1_HR	3	114	1887	2574	2008	515	644	580	402	502	452	917	1146	1032	16384	config	15740	15869	2048	2048	FALSE	Q1
2179	mistral-small-3-2-24b-instruct-2506-awq-sym-b200	HR	Q2_HR	1	104	1862	2539	1903	508	635	572	381	476	428	889	1111	1000	16384	config	15749	15876	2048	2048	FALSE	Q2
2180	mistral-small-3-2-24b-instruct-2506-awq-sym-b200	HR	Q2_HR	2	104	1862	2539	1903	508	635	572	381	476	428	889	1111	1000	16384	config	15749	15876	2048	2048	FALSE	Q2
2181	mistral-small-3-2-24b-instruct-2506-awq-sym-b200	HR	Q2_HR	3	104	1862	2539	1903	508	635	572	381	476	428	889	1111	1000	16384	config	15749	15876	2048	2048	FALSE	Q2
2182	mistral-small-3-2-24b-instruct-2506-awq-sym-b200	HR	Q3_HR	1	90	1901	2564	2322	513	641	577	465	581	523	978	1222	1100	16384	config	15743	15871	2048	2048	FALSE	Q3
2183	mistral-small-3-2-24b-instruct-2506-awq-sym-b200	HR	Q3_HR	2	90	1901	2564	2322	513	641	577	465	581	523	978	1222	1100	16384	config	15743	15871	2048	2048	FALSE	Q3
2184	mistral-small-3-2-24b-instruct-2506-awq-sym-b200	HR	Q3_HR	3	90	1901	2564	2322	513	641	577	465	581	523	978	1222	1100	16384	config	15743	15871	2048	2048	FALSE	Q3
2185	mistral-small-3-2-24b-instruct-2506-awq-sym-b200	HR	Q4_HR	1	105	1843	2521	1422	505	631	568	285	356	320	790	987	888	16384	config	15753	15879	2048	2048	FALSE	Q4
2186	mistral-small-3-2-24b-instruct-2506-awq-sym-b200	HR	Q4_HR	2	105	1843	2521	1422	505	631	568	285	356	320	790	987	888	16384	config	15753	15879	2048	2048	FALSE	Q4
2187	mistral-small-3-2-24b-instruct-2506-awq-sym-b200	HR	Q4_HR	3	105	1843	2521	1422	505	631	568	285	356	320	790	987	888	16384	config	15753	15879	2048	2048	FALSE	Q4
2188	mistral-small-3-2-24b-instruct-2506-awq-sym-b200	HR	Q5_HR	1	109	1824	2506	1742	502	627	564	349	436	392	851	1063	956	16384	config	15757	15882	2048	2048	FALSE	Q5
2189	mistral-small-3-2-24b-instruct-2506-awq-sym-b200	HR	Q5_HR	2	109	1824	2506	1742	502	627	564	349	436	392	851	1063	956	16384	config	15757	15882	2048	2048	FALSE	Q5
2190	mistral-small-3-2-24b-instruct-2506-awq-sym-b200	HR	Q5_HR	3	109	1824	2506	1742	502	627	564	349	436	392	851	1063	956	16384	config	15757	15882	2048	2048	FALSE	Q5
2191	mistral-small-3-2-24b-instruct-2506-awq-sym-b200	CS	Q1_CS	1	111	1887	2571	1693	515	643	579	339	424	382	854	1067	961	16384	config	15741	15869	2048	2048	FALSE	Q1
2192	mistral-small-3-2-24b-instruct-2506-awq-sym-b200	CS	Q1_CS	2	111	1887	2571	1693	515	643	579	339	424	382	854	1067	961	16384	config	15741	15869	2048	2048	FALSE	Q1
2193	mistral-small-3-2-24b-instruct-2506-awq-sym-b200	CS	Q1_CS	3	111	1887	2571	1693	515	643	579	339	424	382	854	1067	961	16384	config	15741	15869	2048	2048	FALSE	Q1
2194	mistral-small-3-2-24b-instruct-2506-awq-sym-b200	CS	Q2_CS	1	92	1862	2527	1912	506	632	569	383	478	430	889	1110	999	16384	config	15752	15878	2048	2048	FALSE	Q2
2195	mistral-small-3-2-24b-instruct-2506-awq-sym-b200	CS	Q2_CS	2	92	1862	2527	1912	506	632	569	383	478	430	889	1110	999	16384	config	15752	15878	2048	2048	FALSE	Q2
2196	mistral-small-3-2-24b-instruct-2506-awq-sym-b200	CS	Q2_CS	3	92	1862	2527	1912	506	632	569	383	478	430	889	1110	999	16384	config	15752	15878	2048	2048	FALSE	Q2
2197	mistral-small-3-2-24b-instruct-2506-awq-sym-b200	CS	Q3_CS	1	87	1901	2561	1729	513	641	577	346	433	390	859	1074	967	16384	config	15743	15871	2048	2048	FALSE	Q3
2198	mistral-small-3-2-24b-instruct-2506-awq-sym-b200	CS	Q3_CS	2	87	1901	2561	1729	513	641	577	346	433	390	859	1074	967	16384	config	15743	15871	2048	2048	FALSE	Q3
2199	mistral-small-3-2-24b-instruct-2506-awq-sym-b200	CS	Q3_CS	3	87	1901	2561	1729	513	641	577	346	433	390	859	1074	967	16384	config	15743	15871	2048	2048	FALSE	Q3
2200	mistral-small-3-2-24b-instruct-2506-awq-sym-b200	CS	Q4_CS	1	106	1843	2522	1444	505	631	568	289	361	325	794	992	893	16384	config	15753	15879	2048	2048	FALSE	Q4
2201	mistral-small-3-2-24b-instruct-2506-awq-sym-b200	CS	Q4_CS	2	106	1843	2522	1444	505	631	568	289	361	325	794	992	893	16384	config	15753	15879	2048	2048	FALSE	Q4
2202	mistral-small-3-2-24b-instruct-2506-awq-sym-b200	CS	Q4_CS	3	106	1843	2522	1444	505	631	568	289	361	325	794	992	893	16384	config	15753	15879	2048	2048	FALSE	Q4
2203	mistral-small-3-2-24b-instruct-2506-awq-sym-b200	CS	Q5_CS	1	100	1824	2497	1267	500	625	562	254	317	286	754	942	848	16384	config	15759	15884	2048	2048	FALSE	Q5
2204	mistral-small-3-2-24b-instruct-2506-awq-sym-b200	CS	Q5_CS	2	100	1824	2497	1267	500	625	562	254	317	286	754	942	848	16384	config	15759	15884	2048	2048	FALSE	Q5
2205	mistral-small-3-2-24b-instruct-2506-awq-sym-b200	CS	Q5_CS	3	100	1824	2497	1267	500	625	562	254	317	286	754	942	848	16384	config	15759	15884	2048	2048	FALSE	Q5
2206	mistral-small-3-2-24b-instruct-2506-awq-sym-b200	DA	Q1_DA	1	134	1887	2594	1926	519	649	584	386	482	434	905	1131	1018	16384	config	15735	15865	2048	2048	FALSE	Q1
2207	mistral-small-3-2-24b-instruct-2506-awq-sym-b200	DA	Q1_DA	2	134	1887	2594	1926	519	649	584	386	482	434	905	1131	1018	16384	config	15735	15865	2048	2048	FALSE	Q1
2208	mistral-small-3-2-24b-instruct-2506-awq-sym-b200	DA	Q1_DA	3	134	1887	2594	1926	519	649	584	386	482	434	905	1131	1018	16384	config	15735	15865	2048	2048	FALSE	Q1
2209	mistral-small-3-2-24b-instruct-2506-awq-sym-b200	DA	Q2_DA	1	93	1862	2528	1487	506	632	569	298	372	335	804	1004	904	16384	config	15752	15878	2048	2048	FALSE	Q2
2210	mistral-small-3-2-24b-instruct-2506-awq-sym-b200	DA	Q2_DA	2	93	1862	2528	1487	506	632	569	298	372	335	804	1004	904	16384	config	15752	15878	2048	2048	FALSE	Q2
2211	mistral-small-3-2-24b-instruct-2506-awq-sym-b200	DA	Q2_DA	3	93	1862	2528	1487	506	632	569	298	372	335	804	1004	904	16384	config	15752	15878	2048	2048	FALSE	Q2
2212	mistral-small-3-2-24b-instruct-2506-awq-sym-b200	DA	Q3_DA	1	98	1901	2572	1563	515	643	579	313	391	352	828	1034	931	16384	config	15741	15869	2048	2048	FALSE	Q3
2213	mistral-small-3-2-24b-instruct-2506-awq-sym-b200	DA	Q3_DA	2	98	1901	2572	1563	515	643	579	313	391	352	828	1034	931	16384	config	15741	15869	2048	2048	FALSE	Q3
2214	mistral-small-3-2-24b-instruct-2506-awq-sym-b200	DA	Q3_DA	3	98	1901	2572	1563	515	643	579	313	391	352	828	1034	931	16384	config	15741	15869	2048	2048	FALSE	Q3
2215	mistral-small-3-2-24b-instruct-2506-awq-sym-b200	DA	Q4_DA	1	106	1843	2522	1915	505	631	568	383	479	431	888	1110	999	16384	config	15753	15879	2048	2048	FALSE	Q4
2216	mistral-small-3-2-24b-instruct-2506-awq-sym-b200	DA	Q4_DA	2	106	1843	2522	1915	505	631	568	383	479	431	888	1110	999	16384	config	15753	15879	2048	2048	FALSE	Q4
2217	mistral-small-3-2-24b-instruct-2506-awq-sym-b200	DA	Q4_DA	3	106	1843	2522	1915	505	631	568	383	479	431	888	1110	999	16384	config	15753	15879	2048	2048	FALSE	Q4
2218	mistral-small-3-2-24b-instruct-2506-awq-sym-b200	DA	Q5_DA	1	107	1824	2504	1518	501	626	564	304	380	342	805	1006	906	16384	config	15758	15883	2048	2048	FALSE	Q5
2219	mistral-small-3-2-24b-instruct-2506-awq-sym-b200	DA	Q5_DA	2	107	1824	2504	1518	501	626	564	304	380	342	805	1006	906	16384	config	15758	15883	2048	2048	FALSE	Q5
2220	mistral-small-3-2-24b-instruct-2506-awq-sym-b200	DA	Q5_DA	3	107	1824	2504	1518	501	626	564	304	380	342	805	1006	906	16384	config	15758	15883	2048	2048	FALSE	Q5
2221	mistral-small-3-2-24b-instruct-2506-awq-sym-b200	NL	Q1_NL	1	139	1887	2599	1961	520	650	585	393	491	442	913	1141	1027	16384	config	15734	15864	2048	2048	FALSE	Q1
2222	mistral-small-3-2-24b-instruct-2506-awq-sym-b200	NL	Q1_NL	2	139	1887	2599	1961	520	650	585	393	491	442	913	1141	1027	16384	config	15734	15864	2048	2048	FALSE	Q1
2223	mistral-small-3-2-24b-instruct-2506-awq-sym-b200	NL	Q1_NL	3	139	1887	2599	1961	520	650	585	393	491	442	913	1141	1027	16384	config	15734	15864	2048	2048	FALSE	Q1
2224	mistral-small-3-2-24b-instruct-2506-awq-sym-b200	NL	Q2_NL	1	92	1862	2527	1634	506	632	569	327	409	368	833	1041	937	16384	config	15752	15878	2048	2048	FALSE	Q2
2225	mistral-small-3-2-24b-instruct-2506-awq-sym-b200	NL	Q2_NL	2	92	1862	2527	1634	506	632	569	327	409	368	833	1041	937	16384	config	15752	15878	2048	2048	FALSE	Q2
2226	mistral-small-3-2-24b-instruct-2506-awq-sym-b200	NL	Q2_NL	3	92	1862	2527	1634	506	632	569	327	409	368	833	1041	937	16384	config	15752	15878	2048	2048	FALSE	Q2
2227	mistral-small-3-2-24b-instruct-2506-awq-sym-b200	NL	Q3_NL	1	120	1901	2594	1955	519	649	584	391	489	440	910	1138	1024	16384	config	15735	15865	2048	2048	FALSE	Q3
2228	mistral-small-3-2-24b-instruct-2506-awq-sym-b200	NL	Q3_NL	2	120	1901	2594	1955	519	649	584	391	489	440	910	1138	1024	16384	config	15735	15865	2048	2048	FALSE	Q3
2229	mistral-small-3-2-24b-instruct-2506-awq-sym-b200	NL	Q3_NL	3	120	1901	2594	1955	519	649	584	391	489	440	910	1138	1024	16384	config	15735	15865	2048	2048	FALSE	Q3
2230	mistral-small-3-2-24b-instruct-2506-awq-sym-b200	NL	Q4_NL	1	111	1843	2527	2097	506	632	569	420	525	472	926	1157	1041	16384	config	15752	15878	2048	2048	FALSE	Q4
2231	mistral-small-3-2-24b-instruct-2506-awq-sym-b200	NL	Q4_NL	2	111	1843	2527	2097	506	632	569	420	525	472	926	1157	1041	16384	config	15752	15878	2048	2048	FALSE	Q4
2232	mistral-small-3-2-24b-instruct-2506-awq-sym-b200	NL	Q4_NL	3	111	1843	2527	2097	506	632	569	420	525	472	926	1157	1041	16384	config	15752	15878	2048	2048	FALSE	Q4
2233	mistral-small-3-2-24b-instruct-2506-awq-sym-b200	NL	Q5_NL	1	92	1824	2489	1819	498	623	560	364	455	410	862	1078	970	16384	config	15761	15886	2048	2048	FALSE	Q5
2234	mistral-small-3-2-24b-instruct-2506-awq-sym-b200	NL	Q5_NL	2	92	1824	2489	1819	498	623	560	364	455	410	862	1078	970	16384	config	15761	15886	2048	2048	FALSE	Q5
2235	mistral-small-3-2-24b-instruct-2506-awq-sym-b200	NL	Q5_NL	3	92	1824	2489	1819	498	623	560	364	455	410	862	1078	970	16384	config	15761	15886	2048	2048	FALSE	Q5
2236	mistral-small-3-2-24b-instruct-2506-awq-sym-b200	EN	Q1_EN	1	126	1887	2586	2433	518	647	582	487	609	548	1005	1256	1130	16384	config	15737	15866	2048	2048	FALSE	Q1
2237	mistral-small-3-2-24b-instruct-2506-awq-sym-b200	EN	Q1_EN	2	126	1887	2586	2285	518	647	582	457	572	514	975	1219	1096	16384	config	15737	15866	2048	2048	FALSE	Q1
2238	mistral-small-3-2-24b-instruct-2506-awq-sym-b200	EN	Q1_EN	3	126	1887	2586	2285	518	647	582	457	572	514	975	1219	1096	16384	config	15737	15866	2048	2048	FALSE	Q1
2239	mistral-small-3-2-24b-instruct-2506-awq-sym-b200	EN	Q2_EN	1	77	1862	2512	2055	503	628	566	411	514	462	914	1142	1028	16384	config	15756	15881	2048	2048	FALSE	Q2
2240	mistral-small-3-2-24b-instruct-2506-awq-sym-b200	EN	Q2_EN	2	77	1862	2512	2055	503	628	566	411	514	462	914	1142	1028	16384	config	15756	15881	2048	2048	FALSE	Q2
2241	mistral-small-3-2-24b-instruct-2506-awq-sym-b200	EN	Q2_EN	3	77	1862	2512	2055	503	628	566	411	514	462	914	1142	1028	16384	config	15756	15881	2048	2048	FALSE	Q2
2242	mistral-small-3-2-24b-instruct-2506-awq-sym-b200	EN	Q3_EN	1	101	1901	2575	1998	515	644	580	400	500	450	915	1144	1030	16384	config	15740	15869	2048	2048	FALSE	Q3
2243	mistral-small-3-2-24b-instruct-2506-awq-sym-b200	EN	Q3_EN	2	101	1901	2575	1998	515	644	580	400	500	450	915	1144	1030	16384	config	15740	15869	2048	2048	FALSE	Q3
2244	mistral-small-3-2-24b-instruct-2506-awq-sym-b200	EN	Q3_EN	3	101	1901	2575	1998	515	644	580	400	500	450	915	1144	1030	16384	config	15740	15869	2048	2048	FALSE	Q3
2245	mistral-small-3-2-24b-instruct-2506-awq-sym-b200	EN	Q4_EN	1	95	1843	2511	2728	503	628	566	546	682	614	1049	1310	1180	16384	config	15756	15881	2048	2048	FALSE	Q4
2246	mistral-small-3-2-24b-instruct-2506-awq-sym-b200	EN	Q4_EN	2	95	1843	2511	2728	503	628	566	546	682	614	1049	1310	1180	16384	config	15756	15881	2048	2048	FALSE	Q4
2247	mistral-small-3-2-24b-instruct-2506-awq-sym-b200	EN	Q4_EN	3	95	1843	2511	2728	503	628	566	546	682	614	1049	1310	1180	16384	config	15756	15881	2048	2048	FALSE	Q4
2248	mistral-small-3-2-24b-instruct-2506-awq-sym-b200	EN	Q5_EN	1	88	1824	2485	2084	497	622	560	417	521	469	914	1143	1029	16384	config	15762	15887	2048	2048	FALSE	Q5
2249	mistral-small-3-2-24b-instruct-2506-awq-sym-b200	EN	Q5_EN	2	88	1824	2485	2084	497	622	560	417	521	469	914	1143	1029	16384	config	15762	15887	2048	2048	FALSE	Q5
2250	mistral-small-3-2-24b-instruct-2506-awq-sym-b200	EN	Q5_EN	3	88	1824	2485	2084	497	622	560	417	521	469	914	1143	1029	16384	config	15762	15887	2048	2048	FALSE	Q5
2251	mistral-small-3-2-24b-instruct-2506-awq-sym-b200	ET	Q1_ET	1	124	1887	2584	1701	517	646	582	341	426	384	858	1072	966	16384	config	15738	15867	2048	2048	FALSE	Q1
2252	mistral-small-3-2-24b-instruct-2506-awq-sym-b200	ET	Q1_ET	2	124	1887	2584	1701	517	646	582	341	426	384	858	1072	966	16384	config	15738	15867	2048	2048	FALSE	Q1
2253	mistral-small-3-2-24b-instruct-2506-awq-sym-b200	ET	Q1_ET	3	124	1887	2584	1701	517	646	582	341	426	384	858	1072	966	16384	config	15738	15867	2048	2048	FALSE	Q1
2254	mistral-small-3-2-24b-instruct-2506-awq-sym-b200	ET	Q2_ET	1	96	1862	2531	1961	507	633	570	393	491	442	900	1124	1012	16384	config	15751	15877	2048	2048	FALSE	Q2
2255	mistral-small-3-2-24b-instruct-2506-awq-sym-b200	ET	Q2_ET	2	96	1862	2531	1961	507	633	570	393	491	442	900	1124	1012	16384	config	15751	15877	2048	2048	FALSE	Q2
2256	mistral-small-3-2-24b-instruct-2506-awq-sym-b200	ET	Q2_ET	3	96	1862	2531	1961	507	633	570	393	491	442	900	1124	1012	16384	config	15751	15877	2048	2048	FALSE	Q2
2257	mistral-small-3-2-24b-instruct-2506-awq-sym-b200	ET	Q3_ET	1	81	1901	2555	1461	511	639	575	293	366	330	804	1005	905	16384	config	15745	15873	2048	2048	FALSE	Q3
2258	mistral-small-3-2-24b-instruct-2506-awq-sym-b200	ET	Q3_ET	2	81	1901	2555	1461	511	639	575	293	366	330	804	1005	905	16384	config	15745	15873	2048	2048	FALSE	Q3
2259	mistral-small-3-2-24b-instruct-2506-awq-sym-b200	ET	Q3_ET	3	81	1901	2555	1461	511	639	575	293	366	330	804	1005	905	16384	config	15745	15873	2048	2048	FALSE	Q3
2260	mistral-small-3-2-24b-instruct-2506-awq-sym-b200	ET	Q4_ET	1	105	1843	2521	1555	505	631	568	311	389	350	816	1020	918	16384	config	15753	15879	2048	2048	FALSE	Q4
2261	mistral-small-3-2-24b-instruct-2506-awq-sym-b200	ET	Q4_ET	2	105	1843	2521	1555	505	631	568	311	389	350	816	1020	918	16384	config	15753	15879	2048	2048	FALSE	Q4
2262	mistral-small-3-2-24b-instruct-2506-awq-sym-b200	ET	Q4_ET	3	105	1843	2521	1555	505	631	568	311	389	350	816	1020	918	16384	config	15753	15879	2048	2048	FALSE	Q4
2263	mistral-small-3-2-24b-instruct-2506-awq-sym-b200	ET	Q5_ET	1	93	1824	2490	1379	498	623	560	276	345	310	774	968	870	16384	config	15761	15886	2048	2048	FALSE	Q5
2264	mistral-small-3-2-24b-instruct-2506-awq-sym-b200	ET	Q5_ET	2	93	1824	2490	1379	498	623	560	276	345	310	774	968	870	16384	config	15761	15886	2048	2048	FALSE	Q5
2265	mistral-small-3-2-24b-instruct-2506-awq-sym-b200	ET	Q5_ET	3	93	1824	2490	1379	498	623	560	276	345	310	774	968	870	16384	config	15761	15886	2048	2048	FALSE	Q5
2266	mistral-small-3-2-24b-instruct-2506-awq-sym-b200	FI	Q1_FI	1	133	1887	2593	1786	519	649	584	358	447	402	877	1096	986	16384	config	15735	15865	2048	2048	FALSE	Q1
2267	mistral-small-3-2-24b-instruct-2506-awq-sym-b200	FI	Q1_FI	2	133	1887	2593	1786	519	649	584	358	447	402	877	1096	986	16384	config	15735	15865	2048	2048	FALSE	Q1
2268	mistral-small-3-2-24b-instruct-2506-awq-sym-b200	FI	Q1_FI	3	133	1887	2593	1786	519	649	584	358	447	402	877	1096	986	16384	config	15735	15865	2048	2048	FALSE	Q1
2269	mistral-small-3-2-24b-instruct-2506-awq-sym-b200	FI	Q2_FI	1	100	1862	2535	1446	507	634	570	290	362	326	797	996	896	16384	config	15750	15877	2048	2048	FALSE	Q2
2270	mistral-small-3-2-24b-instruct-2506-awq-sym-b200	FI	Q2_FI	2	100	1862	2535	1446	507	634	570	290	362	326	797	996	896	16384	config	15750	15877	2048	2048	FALSE	Q2
2271	mistral-small-3-2-24b-instruct-2506-awq-sym-b200	FI	Q2_FI	3	100	1862	2535	1446	507	634	570	290	362	326	797	996	896	16384	config	15750	15877	2048	2048	FALSE	Q2
2272	mistral-small-3-2-24b-instruct-2506-awq-sym-b200	FI	Q3_FI	1	94	1901	2568	1863	514	642	578	373	466	420	887	1108	998	16384	config	15742	15870	2048	2048	FALSE	Q3
2273	mistral-small-3-2-24b-instruct-2506-awq-sym-b200	FI	Q3_FI	2	94	1901	2568	1863	514	642	578	373	466	420	887	1108	998	16384	config	15742	15870	2048	2048	FALSE	Q3
2274	mistral-small-3-2-24b-instruct-2506-awq-sym-b200	FI	Q3_FI	3	94	1901	2568	1863	514	642	578	373	466	420	887	1108	998	16384	config	15742	15870	2048	2048	FALSE	Q3
2275	mistral-small-3-2-24b-instruct-2506-awq-sym-b200	FI	Q4_FI	1	101	1843	2517	1529	504	630	567	306	383	344	810	1013	911	16384	config	15754	15880	2048	2048	FALSE	Q4
2276	mistral-small-3-2-24b-instruct-2506-awq-sym-b200	FI	Q4_FI	2	101	1843	2517	1529	504	630	567	306	383	344	810	1013	911	16384	config	15754	15880	2048	2048	FALSE	Q4
2277	mistral-small-3-2-24b-instruct-2506-awq-sym-b200	FI	Q4_FI	3	101	1843	2517	1529	504	630	567	306	383	344	810	1013	911	16384	config	15754	15880	2048	2048	FALSE	Q4
2278	mistral-small-3-2-24b-instruct-2506-awq-sym-b200	FI	Q5_FI	1	91	1824	2488	1287	498	622	560	258	322	290	756	944	850	16384	config	15762	15886	2048	2048	FALSE	Q5
2279	mistral-small-3-2-24b-instruct-2506-awq-sym-b200	FI	Q5_FI	2	91	1824	2488	1287	498	622	560	258	322	290	756	944	850	16384	config	15762	15886	2048	2048	FALSE	Q5
2280	mistral-small-3-2-24b-instruct-2506-awq-sym-b200	FI	Q5_FI	3	91	1824	2488	1287	498	622	560	258	322	290	756	944	850	16384	config	15762	15886	2048	2048	FALSE	Q5
2281	mistral-small-3-2-24b-instruct-2506-awq-sym-b200	FR	Q1_FR	1	159	1887	2619	2055	524	655	590	411	514	462	935	1169	1052	16384	config	15729	15860	2048	2048	FALSE	Q1
2282	mistral-small-3-2-24b-instruct-2506-awq-sym-b200	FR	Q1_FR	2	159	1887	2619	2055	524	655	590	411	514	462	935	1169	1052	16384	config	15729	15860	2048	2048	FALSE	Q1
2283	mistral-small-3-2-24b-instruct-2506-awq-sym-b200	FR	Q1_FR	3	159	1887	2619	2055	524	655	590	411	514	462	935	1169	1052	16384	config	15729	15860	2048	2048	FALSE	Q1
2284	mistral-small-3-2-24b-instruct-2506-awq-sym-b200	FR	Q2_FR	1	99	1862	2534	1932	507	634	570	387	483	435	894	1117	1005	16384	config	15750	15877	2048	2048	FALSE	Q2
2285	mistral-small-3-2-24b-instruct-2506-awq-sym-b200	FR	Q2_FR	2	99	1862	2534	1932	507	634	570	387	483	435	894	1117	1005	16384	config	15750	15877	2048	2048	FALSE	Q2
2286	mistral-small-3-2-24b-instruct-2506-awq-sym-b200	FR	Q2_FR	3	99	1862	2534	1932	507	634	570	387	483	435	894	1117	1005	16384	config	15750	15877	2048	2048	FALSE	Q2
2287	mistral-small-3-2-24b-instruct-2506-awq-sym-b200	FR	Q3_FR	1	127	1901	2601	1860	521	651	586	372	465	418	893	1116	1004	16384	config	15733	15863	2048	2048	FALSE	Q3
2288	mistral-small-3-2-24b-instruct-2506-awq-sym-b200	FR	Q3_FR	2	127	1901	2601	1860	521	651	586	372	465	418	893	1116	1004	16384	config	15733	15863	2048	2048	FALSE	Q3
2289	mistral-small-3-2-24b-instruct-2506-awq-sym-b200	FR	Q3_FR	3	127	1901	2601	1860	521	651	586	372	465	418	893	1116	1004	16384	config	15733	15863	2048	2048	FALSE	Q3
2290	mistral-small-3-2-24b-instruct-2506-awq-sym-b200	FR	Q4_FR	1	125	1843	2541	1972	509	636	572	395	493	444	904	1129	1016	16384	config	15748	15875	2048	2048	FALSE	Q4
2291	mistral-small-3-2-24b-instruct-2506-awq-sym-b200	FR	Q4_FR	2	125	1843	2541	1972	509	636	572	395	493	444	904	1129	1016	16384	config	15748	15875	2048	2048	FALSE	Q4
2292	mistral-small-3-2-24b-instruct-2506-awq-sym-b200	FR	Q4_FR	3	125	1843	2541	1972	509	636	572	395	493	444	904	1129	1016	16384	config	15748	15875	2048	2048	FALSE	Q4
2293	mistral-small-3-2-24b-instruct-2506-awq-sym-b200	FR	Q5_FR	1	112	1824	2509	2289	502	628	565	458	573	516	960	1201	1081	16384	config	15756	15882	2048	2048	FALSE	Q5
2294	mistral-small-3-2-24b-instruct-2506-awq-sym-b200	FR	Q5_FR	2	112	1824	2509	2289	502	628	565	458	573	516	960	1201	1081	16384	config	15756	15882	2048	2048	FALSE	Q5
2295	mistral-small-3-2-24b-instruct-2506-awq-sym-b200	FR	Q5_FR	3	112	1824	2509	2289	502	628	565	458	573	516	960	1201	1081	16384	config	15756	15882	2048	2048	FALSE	Q5
2296	mistral-small-3-2-24b-instruct-2506-awq-sym-b200	DE	Q1_DE	1	133	1887	2593	1735	519	649	584	347	434	390	866	1083	974	16384	config	15735	15865	2048	2048	FALSE	Q1
2297	mistral-small-3-2-24b-instruct-2506-awq-sym-b200	DE	Q1_DE	2	133	1887	2593	1735	519	649	584	347	434	390	866	1083	974	16384	config	15735	15865	2048	2048	FALSE	Q1
2298	mistral-small-3-2-24b-instruct-2506-awq-sym-b200	DE	Q1_DE	3	133	1887	2593	1735	519	649	584	347	434	390	866	1083	974	16384	config	15735	15865	2048	2048	FALSE	Q1
2299	mistral-small-3-2-24b-instruct-2506-awq-sym-b200	DE	Q2_DE	1	103	1862	2538	2125	508	635	572	425	532	478	933	1167	1050	16384	config	15749	15876	2048	2048	FALSE	Q2
2300	mistral-small-3-2-24b-instruct-2506-awq-sym-b200	DE	Q2_DE	2	103	1862	2538	2125	508	635	572	425	532	478	933	1167	1050	16384	config	15749	15876	2048	2048	FALSE	Q2
2301	mistral-small-3-2-24b-instruct-2506-awq-sym-b200	DE	Q2_DE	3	103	1862	2538	2125	508	635	572	425	532	478	933	1167	1050	16384	config	15749	15876	2048	2048	FALSE	Q2
2302	mistral-small-3-2-24b-instruct-2506-awq-sym-b200	DE	Q3_DE	1	107	1901	2581	1996	517	646	582	400	499	450	917	1145	1032	16384	config	15738	15867	2048	2048	FALSE	Q3
2303	mistral-small-3-2-24b-instruct-2506-awq-sym-b200	DE	Q3_DE	2	107	1901	2581	1996	517	646	582	400	499	450	917	1145	1032	16384	config	15738	15867	2048	2048	FALSE	Q3
2304	mistral-small-3-2-24b-instruct-2506-awq-sym-b200	DE	Q3_DE	3	107	1901	2581	1996	517	646	582	400	499	450	917	1145	1032	16384	config	15738	15867	2048	2048	FALSE	Q3
2305	mistral-small-3-2-24b-instruct-2506-awq-sym-b200	DE	Q4_DE	1	111	1843	2527	2055	506	632	569	411	514	462	917	1146	1031	16384	config	15752	15878	2048	2048	FALSE	Q4
2306	mistral-small-3-2-24b-instruct-2506-awq-sym-b200	DE	Q4_DE	2	111	1843	2527	2055	506	632	569	411	514	462	917	1146	1031	16384	config	15752	15878	2048	2048	FALSE	Q4
2307	mistral-small-3-2-24b-instruct-2506-awq-sym-b200	DE	Q4_DE	3	111	1843	2527	2055	506	632	569	411	514	462	917	1146	1031	16384	config	15752	15878	2048	2048	FALSE	Q4
2308	mistral-small-3-2-24b-instruct-2506-awq-sym-b200	DE	Q5_DE	1	94	1824	2491	1816	499	623	561	364	454	409	863	1077	970	16384	config	15761	15885	2048	2048	FALSE	Q5
2309	mistral-small-3-2-24b-instruct-2506-awq-sym-b200	DE	Q5_DE	2	94	1824	2491	1816	499	623	561	364	454	409	863	1077	970	16384	config	15761	15885	2048	2048	FALSE	Q5
2310	mistral-small-3-2-24b-instruct-2506-awq-sym-b200	DE	Q5_DE	3	94	1824	2491	1816	499	623	561	364	454	409	863	1077	970	16384	config	15761	15885	2048	2048	FALSE	Q5
2311	mistral-small-3-2-24b-instruct-2506-awq-sym-b200	EL	Q1_EL	1	129	1887	2589	1687	518	648	583	338	422	380	856	1070	963	16384	config	15736	15866	2048	2048	FALSE	Q1
2312	mistral-small-3-2-24b-instruct-2506-awq-sym-b200	EL	Q1_EL	2	129	1887	2589	1984	518	648	583	397	496	446	915	1144	1029	16384	config	15736	15866	2048	2048	FALSE	Q1
2313	mistral-small-3-2-24b-instruct-2506-awq-sym-b200	EL	Q1_EL	3	129	1887	2589	1984	518	648	583	397	496	446	915	1144	1029	16384	config	15736	15866	2048	2048	FALSE	Q1
2314	mistral-small-3-2-24b-instruct-2506-awq-sym-b200	EL	Q2_EL	1	96	1862	2531	1687	507	633	570	338	422	380	845	1055	950	16384	config	15751	15877	2048	2048	FALSE	Q2
2315	mistral-small-3-2-24b-instruct-2506-awq-sym-b200	EL	Q2_EL	2	96	1862	2531	2047	507	633	570	410	512	461	917	1145	1031	16384	config	15751	15877	2048	2048	FALSE	Q2
2316	mistral-small-3-2-24b-instruct-2506-awq-sym-b200	EL	Q2_EL	3	96	1862	2531	2047	507	633	570	410	512	461	917	1145	1031	16384	config	15751	15877	2048	2048	FALSE	Q2
2317	mistral-small-3-2-24b-instruct-2506-awq-sym-b200	EL	Q3_EL	1	120	1901	2594	2172	519	649	584	435	543	489	954	1192	1073	16384	config	15735	15865	2048	2048	FALSE	Q3
2318	mistral-small-3-2-24b-instruct-2506-awq-sym-b200	EL	Q3_EL	2	120	1901	2594	2172	519	649	584	435	543	489	954	1192	1073	16384	config	15735	15865	2048	2048	FALSE	Q3
2319	mistral-small-3-2-24b-instruct-2506-awq-sym-b200	EL	Q3_EL	3	120	1901	2594	2172	519	649	584	435	543	489	954	1192	1073	16384	config	15735	15865	2048	2048	FALSE	Q3
2320	mistral-small-3-2-24b-instruct-2506-awq-sym-b200	EL	Q4_EL	1	115	1843	2531	1806	507	633	570	362	452	407	869	1085	977	16384	config	15751	15877	2048	2048	FALSE	Q4
2321	mistral-small-3-2-24b-instruct-2506-awq-sym-b200	EL	Q4_EL	2	115	1843	2531	1806	507	633	570	362	452	407	869	1085	977	16384	config	15751	15877	2048	2048	FALSE	Q4
2322	mistral-small-3-2-24b-instruct-2506-awq-sym-b200	EL	Q4_EL	3	115	1843	2531	1806	507	633	570	362	452	407	869	1085	977	16384	config	15751	15877	2048	2048	FALSE	Q4
2323	mistral-small-3-2-24b-instruct-2506-awq-sym-b200	EL	Q5_EL	1	126	1824	2523	1689	505	631	568	338	423	380	843	1054	948	16384	config	15753	15879	2048	2048	FALSE	Q5
2324	mistral-small-3-2-24b-instruct-2506-awq-sym-b200	EL	Q5_EL	2	126	1824	2523	1689	505	631	568	338	423	380	843	1054	948	16384	config	15753	15879	2048	2048	FALSE	Q5
2325	mistral-small-3-2-24b-instruct-2506-awq-sym-b200	EL	Q5_EL	3	126	1824	2523	1689	505	631	568	338	423	380	843	1054	948	16384	config	15753	15879	2048	2048	FALSE	Q5
2326	mistral-small-3-2-24b-instruct-2506-awq-sym-b200	HU	Q1_HU	1	122	1887	2582	1663	517	646	582	333	416	374	850	1062	956	16384	config	15738	15867	2048	2048	FALSE	Q1
2327	mistral-small-3-2-24b-instruct-2506-awq-sym-b200	HU	Q1_HU	2	122	1887	2582	1663	517	646	582	333	416	374	850	1062	956	16384	config	15738	15867	2048	2048	FALSE	Q1
2328	mistral-small-3-2-24b-instruct-2506-awq-sym-b200	HU	Q1_HU	3	122	1887	2582	1663	517	646	582	333	416	374	850	1062	956	16384	config	15738	15867	2048	2048	FALSE	Q1
2329	mistral-small-3-2-24b-instruct-2506-awq-sym-b200	HU	Q2_HU	1	98	1862	2533	1825	507	634	570	365	457	411	872	1091	981	16384	config	15750	15877	2048	2048	FALSE	Q2
2330	mistral-small-3-2-24b-instruct-2506-awq-sym-b200	HU	Q2_HU	2	98	1862	2533	1825	507	634	570	365	457	411	872	1091	981	16384	config	15750	15877	2048	2048	FALSE	Q2
2331	mistral-small-3-2-24b-instruct-2506-awq-sym-b200	HU	Q2_HU	3	98	1862	2533	1825	507	634	570	365	457	411	872	1091	981	16384	config	15750	15877	2048	2048	FALSE	Q2
2332	mistral-small-3-2-24b-instruct-2506-awq-sym-b200	HU	Q3_HU	1	107	1901	2581	1585	517	646	582	317	397	357	834	1043	939	16384	config	15738	15867	2048	2048	FALSE	Q3
2333	mistral-small-3-2-24b-instruct-2506-awq-sym-b200	HU	Q3_HU	2	107	1901	2581	1585	517	646	582	317	397	357	834	1043	939	16384	config	15738	15867	2048	2048	FALSE	Q3
2334	mistral-small-3-2-24b-instruct-2506-awq-sym-b200	HU	Q3_HU	3	107	1901	2581	1585	517	646	582	317	397	357	834	1043	939	16384	config	15738	15867	2048	2048	FALSE	Q3
2335	mistral-small-3-2-24b-instruct-2506-awq-sym-b200	HU	Q4_HU	1	126	1843	2542	2069	509	636	572	414	518	466	923	1154	1038	16384	config	15748	15875	2048	2048	FALSE	Q4
2336	mistral-small-3-2-24b-instruct-2506-awq-sym-b200	HU	Q4_HU	2	126	1843	2542	2069	509	636	572	414	518	466	923	1154	1038	16384	config	15748	15875	2048	2048	FALSE	Q4
2337	mistral-small-3-2-24b-instruct-2506-awq-sym-b200	HU	Q4_HU	3	126	1843	2542	2069	509	636	572	414	518	466	923	1154	1038	16384	config	15748	15875	2048	2048	FALSE	Q4
2338	mistral-small-3-2-24b-instruct-2506-awq-sym-b200	HU	Q5_HU	1	107	1824	2504	1585	501	626	564	317	397	357	818	1023	921	16384	config	15758	15883	2048	2048	FALSE	Q5
2339	mistral-small-3-2-24b-instruct-2506-awq-sym-b200	HU	Q5_HU	2	107	1824	2504	1585	501	626	564	317	397	357	818	1023	921	16384	config	15758	15883	2048	2048	FALSE	Q5
2340	mistral-small-3-2-24b-instruct-2506-awq-sym-b200	HU	Q5_HU	3	107	1824	2504	1585	501	626	564	317	397	357	818	1023	921	16384	config	15758	15883	2048	2048	FALSE	Q5
2341	mistral-small-3-2-24b-instruct-2506-awq-sym-b200	GA	Q1_GA	1	135	1887	2595	4861	519	649	584	973	1216	1094	1492	1865	1678	16384	config	15735	15865	2048	2048	FALSE	Q1
2342	mistral-small-3-2-24b-instruct-2506-awq-sym-b200	GA	Q1_GA	2	135	1887	2595	4861	519	649	584	973	1216	1094	1492	1865	1678	16384	config	15735	15865	2048	2048	FALSE	Q1
2343	mistral-small-3-2-24b-instruct-2506-awq-sym-b200	GA	Q1_GA	3	135	1887	2595	4861	519	649	584	973	1216	1094	1492	1865	1678	16384	config	15735	15865	2048	2048	FALSE	Q1
2344	mistral-small-3-2-24b-instruct-2506-awq-sym-b200	GA	Q2_GA	1	99	1862	2534	4953	507	634	570	991	1239	1115	1498	1873	1685	16384	config	15750	15877	2048	2048	FALSE	Q2
2345	mistral-small-3-2-24b-instruct-2506-awq-sym-b200	GA	Q2_GA	2	99	1862	2534	4953	507	634	570	991	1239	1115	1498	1873	1685	16384	config	15750	15877	2048	2048	FALSE	Q2
2346	mistral-small-3-2-24b-instruct-2506-awq-sym-b200	GA	Q2_GA	3	99	1862	2534	4953	507	634	570	991	1239	1115	1498	1873	1685	16384	config	15750	15877	2048	2048	FALSE	Q2
2347	mistral-small-3-2-24b-instruct-2506-awq-sym-b200	GA	Q3_GA	1	101	1901	2575	5214	515	644	580	1043	1304	1174	1558	1948	1754	16384	config	15740	15869	2048	2048	FALSE	Q3
2348	mistral-small-3-2-24b-instruct-2506-awq-sym-b200	GA	Q3_GA	2	101	1901	2575	5214	515	644	580	1043	1304	1174	1558	1948	1754	16384	config	15740	15869	2048	2048	FALSE	Q3
2349	mistral-small-3-2-24b-instruct-2506-awq-sym-b200	GA	Q3_GA	3	101	1901	2575	5214	515	644	580	1043	1304	1174	1558	1948	1754	16384	config	15740	15869	2048	2048	FALSE	Q3
2350	mistral-small-3-2-24b-instruct-2506-awq-sym-b200	GA	Q4_GA	1	98	1843	2514	2713	503	629	566	543	679	611	1046	1308	1177	16384	config	15755	15881	2048	2048	FALSE	Q4
2351	mistral-small-3-2-24b-instruct-2506-awq-sym-b200	GA	Q4_GA	2	98	1843	2514	3732	503	629	566	747	933	840	1250	1562	1406	16384	config	15755	15881	2048	2048	FALSE	Q4
2352	mistral-small-3-2-24b-instruct-2506-awq-sym-b200	GA	Q4_GA	3	98	1843	2514	3732	503	629	566	747	933	840	1250	1562	1406	16384	config	15755	15881	2048	2048	FALSE	Q4
2353	mistral-small-3-2-24b-instruct-2506-awq-sym-b200	GA	Q5_GA	1	129	1824	2526	2093	506	632	569	419	524	472	925	1156	1041	16384	config	15752	15878	2048	2048	FALSE	Q5
2354	mistral-small-3-2-24b-instruct-2506-awq-sym-b200	GA	Q5_GA	2	129	1824	2526	2003	506	632	569	401	501	451	907	1133	1020	16384	config	15752	15878	2048	2048	FALSE	Q5
2355	mistral-small-3-2-24b-instruct-2506-awq-sym-b200	GA	Q5_GA	3	129	1824	2526	2003	506	632	569	401	501	451	907	1133	1020	16384	config	15752	15878	2048	2048	FALSE	Q5
2356	mistral-small-3-2-24b-instruct-2506-awq-sym-b200	IT	Q1_IT	1	126	1887	2586	1996	518	647	582	400	499	450	918	1146	1032	16384	config	15737	15866	2048	2048	FALSE	Q1
2357	mistral-small-3-2-24b-instruct-2506-awq-sym-b200	IT	Q1_IT	2	126	1887	2586	1996	518	647	582	400	499	450	918	1146	1032	16384	config	15737	15866	2048	2048	FALSE	Q1
2358	mistral-small-3-2-24b-instruct-2506-awq-sym-b200	IT	Q1_IT	3	126	1887	2586	1996	518	647	582	400	499	450	918	1146	1032	16384	config	15737	15866	2048	2048	FALSE	Q1
2359	mistral-small-3-2-24b-instruct-2506-awq-sym-b200	IT	Q2_IT	1	94	1862	2529	1573	506	633	570	315	394	354	821	1027	924	16384	config	15751	15878	2048	2048	FALSE	Q2
2360	mistral-small-3-2-24b-instruct-2506-awq-sym-b200	IT	Q2_IT	2	94	1862	2529	1573	506	633	570	315	394	354	821	1027	924	16384	config	15751	15878	2048	2048	FALSE	Q2
2361	mistral-small-3-2-24b-instruct-2506-awq-sym-b200	IT	Q2_IT	3	94	1862	2529	1573	506	633	570	315	394	354	821	1027	924	16384	config	15751	15878	2048	2048	FALSE	Q2
2362	mistral-small-3-2-24b-instruct-2506-awq-sym-b200	IT	Q3_IT	1	107	1901	2581	1965	517	646	582	393	492	442	910	1138	1024	16384	config	15738	15867	2048	2048	FALSE	Q3
2363	mistral-small-3-2-24b-instruct-2506-awq-sym-b200	IT	Q3_IT	2	107	1901	2581	1965	517	646	582	393	492	442	910	1138	1024	16384	config	15738	15867	2048	2048	FALSE	Q3
2364	mistral-small-3-2-24b-instruct-2506-awq-sym-b200	IT	Q3_IT	3	107	1901	2581	1965	517	646	582	393	492	442	910	1138	1024	16384	config	15738	15867	2048	2048	FALSE	Q3
2365	mistral-small-3-2-24b-instruct-2506-awq-sym-b200	IT	Q4_IT	1	122	1843	2538	2094	508	635	572	419	524	472	927	1159	1044	16384	config	15749	15876	2048	2048	FALSE	Q4
2366	mistral-small-3-2-24b-instruct-2506-awq-sym-b200	IT	Q4_IT	2	122	1843	2538	2094	508	635	572	419	524	472	927	1159	1044	16384	config	15749	15876	2048	2048	FALSE	Q4
2367	mistral-small-3-2-24b-instruct-2506-awq-sym-b200	IT	Q4_IT	3	122	1843	2538	2094	508	635	572	419	524	472	927	1159	1044	16384	config	15749	15876	2048	2048	FALSE	Q4
2368	mistral-small-3-2-24b-instruct-2506-awq-sym-b200	IT	Q5_IT	1	103	1824	2500	2951	500	625	562	591	738	664	1091	1363	1226	16384	config	15759	15884	2048	2048	FALSE	Q5
2369	mistral-small-3-2-24b-instruct-2506-awq-sym-b200	IT	Q5_IT	2	103	1824	2500	2951	500	625	562	591	738	664	1091	1363	1226	16384	config	15759	15884	2048	2048	FALSE	Q5
2370	mistral-small-3-2-24b-instruct-2506-awq-sym-b200	IT	Q5_IT	3	103	1824	2500	2951	500	625	562	591	738	664	1091	1363	1226	16384	config	15759	15884	2048	2048	FALSE	Q5
2371	mistral-small-3-2-24b-instruct-2506-awq-sym-b200	LV	Q1_LV	1	116	1887	2576	1841	516	644	580	369	461	415	885	1105	995	16384	config	15740	15868	2048	2048	FALSE	Q1
2372	mistral-small-3-2-24b-instruct-2506-awq-sym-b200	LV	Q1_LV	2	116	1887	2576	1841	516	644	580	369	461	415	885	1105	995	16384	config	15740	15868	2048	2048	FALSE	Q1
2373	mistral-small-3-2-24b-instruct-2506-awq-sym-b200	LV	Q1_LV	3	116	1887	2576	1841	516	644	580	369	461	415	885	1105	995	16384	config	15740	15868	2048	2048	FALSE	Q1
2374	mistral-small-3-2-24b-instruct-2506-awq-sym-b200	LV	Q2_LV	1	92	1862	2527	1684	506	632	569	337	421	379	843	1053	948	16384	config	15752	15878	2048	2048	FALSE	Q2
2375	mistral-small-3-2-24b-instruct-2506-awq-sym-b200	LV	Q2_LV	2	92	1862	2527	1681	506	632	569	337	421	379	843	1053	948	16384	config	15752	15878	2048	2048	FALSE	Q2
2376	mistral-small-3-2-24b-instruct-2506-awq-sym-b200	LV	Q2_LV	3	92	1862	2527	1681	506	632	569	337	421	379	843	1053	948	16384	config	15752	15878	2048	2048	FALSE	Q2
2377	mistral-small-3-2-24b-instruct-2506-awq-sym-b200	LV	Q3_LV	1	96	1901	2570	2364	514	643	578	473	591	532	987	1234	1110	16384	config	15741	15870	2048	2048	FALSE	Q3
2378	mistral-small-3-2-24b-instruct-2506-awq-sym-b200	LV	Q3_LV	2	96	1901	2570	2364	514	643	578	473	591	532	987	1234	1110	16384	config	15741	15870	2048	2048	FALSE	Q3
2379	mistral-small-3-2-24b-instruct-2506-awq-sym-b200	LV	Q3_LV	3	96	1901	2570	2364	514	643	578	473	591	532	987	1234	1110	16384	config	15741	15870	2048	2048	FALSE	Q3
2380	mistral-small-3-2-24b-instruct-2506-awq-sym-b200	LV	Q4_LV	1	106	1843	2522	1743	505	631	568	349	436	392	854	1067	960	16384	config	15753	15879	2048	2048	FALSE	Q4
2381	mistral-small-3-2-24b-instruct-2506-awq-sym-b200	LV	Q4_LV	2	106	1843	2522	1743	505	631	568	349	436	392	854	1067	960	16384	config	15753	15879	2048	2048	FALSE	Q4
2382	mistral-small-3-2-24b-instruct-2506-awq-sym-b200	LV	Q4_LV	3	106	1843	2522	1743	505	631	568	349	436	392	854	1067	960	16384	config	15753	15879	2048	2048	FALSE	Q4
2383	mistral-small-3-2-24b-instruct-2506-awq-sym-b200	LV	Q5_LV	1	103	1824	2500	1726	500	625	562	346	432	389	846	1057	951	16384	config	15759	15884	2048	2048	FALSE	Q5
2384	mistral-small-3-2-24b-instruct-2506-awq-sym-b200	LV	Q5_LV	2	103	1824	2500	1606	500	625	562	322	402	362	822	1027	924	16384	config	15759	15884	2048	2048	FALSE	Q5
2385	mistral-small-3-2-24b-instruct-2506-awq-sym-b200	LV	Q5_LV	3	103	1824	2500	1606	500	625	562	322	402	362	822	1027	924	16384	config	15759	15884	2048	2048	FALSE	Q5
2386	mistral-small-3-2-24b-instruct-2506-awq-sym-b200	LT	Q1_LT	1	128	1887	2588	1793	518	647	582	359	449	404	877	1096	986	16384	config	15737	15866	2048	2048	FALSE	Q1
2387	mistral-small-3-2-24b-instruct-2506-awq-sym-b200	LT	Q1_LT	2	128	1887	2588	1793	518	647	582	359	449	404	877	1096	986	16384	config	15737	15866	2048	2048	FALSE	Q1
2388	mistral-small-3-2-24b-instruct-2506-awq-sym-b200	LT	Q1_LT	3	128	1887	2588	1793	518	647	582	359	449	404	877	1096	986	16384	config	15737	15866	2048	2048	FALSE	Q1
2389	mistral-small-3-2-24b-instruct-2506-awq-sym-b200	LT	Q2_LT	1	91	1862	2526	1939	506	632	569	388	485	436	894	1117	1005	16384	config	15752	15878	2048	2048	FALSE	Q2
2390	mistral-small-3-2-24b-instruct-2506-awq-sym-b200	LT	Q2_LT	2	91	1862	2526	1939	506	632	569	388	485	436	894	1117	1005	16384	config	15752	15878	2048	2048	FALSE	Q2
2391	mistral-small-3-2-24b-instruct-2506-awq-sym-b200	LT	Q2_LT	3	91	1862	2526	1939	506	632	569	388	485	436	894	1117	1005	16384	config	15752	15878	2048	2048	FALSE	Q2
2392	mistral-small-3-2-24b-instruct-2506-awq-sym-b200	LT	Q3_LT	1	98	1901	2572	1701	515	643	579	341	426	384	856	1069	963	16384	config	15741	15869	2048	2048	FALSE	Q3
2393	mistral-small-3-2-24b-instruct-2506-awq-sym-b200	LT	Q3_LT	2	98	1901	2572	2270	515	643	579	454	568	511	969	1211	1090	16384	config	15741	15869	2048	2048	FALSE	Q3
2394	mistral-small-3-2-24b-instruct-2506-awq-sym-b200	LT	Q3_LT	3	98	1901	2572	2270	515	643	579	454	568	511	969	1211	1090	16384	config	15741	15869	2048	2048	FALSE	Q3
2395	mistral-small-3-2-24b-instruct-2506-awq-sym-b200	LT	Q4_LT	1	103	1843	2519	1497	504	630	567	300	375	338	804	1005	905	16384	config	15754	15880	2048	2048	FALSE	Q4
2396	mistral-small-3-2-24b-instruct-2506-awq-sym-b200	LT	Q4_LT	2	103	1843	2519	1497	504	630	567	300	375	338	804	1005	905	16384	config	15754	15880	2048	2048	FALSE	Q4
2397	mistral-small-3-2-24b-instruct-2506-awq-sym-b200	LT	Q4_LT	3	103	1843	2519	1497	504	630	567	300	375	338	804	1005	905	16384	config	15754	15880	2048	2048	FALSE	Q4
2398	mistral-small-3-2-24b-instruct-2506-awq-sym-b200	LT	Q5_LT	1	103	1824	2500	1762	500	625	562	353	441	397	853	1066	959	16384	config	15759	15884	2048	2048	FALSE	Q5
2399	mistral-small-3-2-24b-instruct-2506-awq-sym-b200	LT	Q5_LT	2	103	1824	2500	1762	500	625	562	353	441	397	853	1066	959	16384	config	15759	15884	2048	2048	FALSE	Q5
2400	mistral-small-3-2-24b-instruct-2506-awq-sym-b200	LT	Q5_LT	3	103	1824	2500	1762	500	625	562	353	441	397	853	1066	959	16384	config	15759	15884	2048	2048	FALSE	Q5
2401	mistral-small-3-2-24b-instruct-2506-awq-sym-b200	MT	Q1_MT	1	132	1887	2592	2490	519	648	584	498	623	560	1017	1271	1144	16384	config	15736	15865	2048	2048	FALSE	Q1
2402	mistral-small-3-2-24b-instruct-2506-awq-sym-b200	MT	Q1_MT	2	132	1887	2592	2255	519	648	584	451	564	508	970	1212	1092	16384	config	15736	15865	2048	2048	FALSE	Q1
2403	mistral-small-3-2-24b-instruct-2506-awq-sym-b200	MT	Q1_MT	3	132	1887	2592	2255	519	648	584	451	564	508	970	1212	1092	16384	config	15736	15865	2048	2048	FALSE	Q1
2404	mistral-small-3-2-24b-instruct-2506-awq-sym-b200	MT	Q2_MT	1	88	1862	2523	4155	505	631	568	831	1039	935	1336	1670	1503	16384	config	15753	15879	2048	2048	FALSE	Q2
2405	mistral-small-3-2-24b-instruct-2506-awq-sym-b200	MT	Q2_MT	2	88	1862	2523	4155	505	631	568	831	1039	935	1336	1670	1503	16384	config	15753	15879	2048	2048	FALSE	Q2
2406	mistral-small-3-2-24b-instruct-2506-awq-sym-b200	MT	Q2_MT	3	88	1862	2523	4155	505	631	568	831	1039	935	1336	1670	1503	16384	config	15753	15879	2048	2048	FALSE	Q2
2407	mistral-small-3-2-24b-instruct-2506-awq-sym-b200	MT	Q3_MT	1	109	1901	2583	3684	517	646	582	737	921	829	1254	1567	1411	16384	config	15738	15867	2048	2048	FALSE	Q3
2408	mistral-small-3-2-24b-instruct-2506-awq-sym-b200	MT	Q3_MT	2	109	1901	2583	3684	517	646	582	737	921	829	1254	1567	1411	16384	config	15738	15867	2048	2048	FALSE	Q3
2409	mistral-small-3-2-24b-instruct-2506-awq-sym-b200	MT	Q3_MT	3	109	1901	2583	3684	517	646	582	737	921	829	1254	1567	1411	16384	config	15738	15867	2048	2048	FALSE	Q3
2410	mistral-small-3-2-24b-instruct-2506-awq-sym-b200	MT	Q4_MT	1	112	1843	2528	4370	506	632	569	874	1093	984	1380	1725	1553	16384	config	15752	15878	2048	2048	FALSE	Q4
2411	mistral-small-3-2-24b-instruct-2506-awq-sym-b200	MT	Q4_MT	2	112	1843	2528	1504	506	632	569	301	376	338	807	1008	907	16384	config	15752	15878	2048	2048	FALSE	Q4
2412	mistral-small-3-2-24b-instruct-2506-awq-sym-b200	MT	Q4_MT	3	112	1843	2528	1504	506	632	569	301	376	338	807	1008	907	16384	config	15752	15878	2048	2048	FALSE	Q4
2413	mistral-small-3-2-24b-instruct-2506-awq-sym-b200	MT	Q5_MT	1	121	1824	2518	1895	504	630	567	379	474	426	883	1104	993	16384	config	15754	15880	2048	2048	FALSE	Q5
2414	mistral-small-3-2-24b-instruct-2506-awq-sym-b200	MT	Q5_MT	2	121	1824	2518	1895	504	630	567	379	474	426	883	1104	993	16384	config	15754	15880	2048	2048	FALSE	Q5
2415	mistral-small-3-2-24b-instruct-2506-awq-sym-b200	MT	Q5_MT	3	121	1824	2518	1895	504	630	567	379	474	426	883	1104	993	16384	config	15754	15880	2048	2048	FALSE	Q5
2416	mistral-small-3-2-24b-instruct-2506-awq-sym-b200	PL	Q1_PL	1	119	1887	2579	1797	516	645	580	360	450	405	876	1095	985	16384	config	15739	15868	2048	2048	FALSE	Q1
2417	mistral-small-3-2-24b-instruct-2506-awq-sym-b200	PL	Q1_PL	2	119	1887	2579	1797	516	645	580	360	450	405	876	1095	985	16384	config	15739	15868	2048	2048	FALSE	Q1
2418	mistral-small-3-2-24b-instruct-2506-awq-sym-b200	PL	Q1_PL	3	119	1887	2579	1797	516	645	580	360	450	405	876	1095	985	16384	config	15739	15868	2048	2048	FALSE	Q1
2419	mistral-small-3-2-24b-instruct-2506-awq-sym-b200	PL	Q2_PL	1	79	1862	2514	1255	503	629	566	251	314	282	754	943	848	16384	config	15755	15881	2048	2048	FALSE	Q2
2420	mistral-small-3-2-24b-instruct-2506-awq-sym-b200	PL	Q2_PL	2	79	1862	2514	1255	503	629	566	251	314	282	754	943	848	16384	config	15755	15881	2048	2048	FALSE	Q2
2421	mistral-small-3-2-24b-instruct-2506-awq-sym-b200	PL	Q2_PL	3	79	1862	2514	1255	503	629	566	251	314	282	754	943	848	16384	config	15755	15881	2048	2048	FALSE	Q2
2422	mistral-small-3-2-24b-instruct-2506-awq-sym-b200	PL	Q3_PL	1	119	1901	2593	2228	519	649	584	446	557	502	965	1206	1086	16384	config	15735	15865	2048	2048	FALSE	Q3
2423	mistral-small-3-2-24b-instruct-2506-awq-sym-b200	PL	Q3_PL	2	119	1901	2593	2228	519	649	584	446	557	502	965	1206	1086	16384	config	15735	15865	2048	2048	FALSE	Q3
2424	mistral-small-3-2-24b-instruct-2506-awq-sym-b200	PL	Q3_PL	3	119	1901	2593	2228	519	649	584	446	557	502	965	1206	1086	16384	config	15735	15865	2048	2048	FALSE	Q3
2425	mistral-small-3-2-24b-instruct-2506-awq-sym-b200	PL	Q4_PL	1	101	1843	2517	1397	504	630	567	280	350	315	784	980	882	16384	config	15754	15880	2048	2048	FALSE	Q4
2426	mistral-small-3-2-24b-instruct-2506-awq-sym-b200	PL	Q4_PL	2	101	1843	2517	1397	504	630	567	280	350	315	784	980	882	16384	config	15754	15880	2048	2048	FALSE	Q4
2427	mistral-small-3-2-24b-instruct-2506-awq-sym-b200	PL	Q4_PL	3	101	1843	2517	1397	504	630	567	280	350	315	784	980	882	16384	config	15754	15880	2048	2048	FALSE	Q4
2428	mistral-small-3-2-24b-instruct-2506-awq-sym-b200	PL	Q5_PL	1	121	1824	2518	1796	504	630	567	360	449	404	864	1079	971	16384	config	15754	15880	2048	2048	FALSE	Q5
2429	mistral-small-3-2-24b-instruct-2506-awq-sym-b200	PL	Q5_PL	2	121	1824	2518	1796	504	630	567	360	449	404	864	1079	971	16384	config	15754	15880	2048	2048	FALSE	Q5
2430	mistral-small-3-2-24b-instruct-2506-awq-sym-b200	PL	Q5_PL	3	121	1824	2518	1796	504	630	567	360	449	404	864	1079	971	16384	config	15754	15880	2048	2048	FALSE	Q5
2431	mistral-small-3-2-24b-instruct-2506-awq-sym-b200	PT	Q1_PT	1	147	1887	2607	2087	522	652	587	418	522	470	940	1174	1057	16384	config	15732	15862	2048	2048	FALSE	Q1
2432	mistral-small-3-2-24b-instruct-2506-awq-sym-b200	PT	Q1_PT	2	147	1887	2607	2087	522	652	587	418	522	470	940	1174	1057	16384	config	15732	15862	2048	2048	FALSE	Q1
2433	mistral-small-3-2-24b-instruct-2506-awq-sym-b200	PT	Q1_PT	3	147	1887	2607	2087	522	652	587	418	522	470	940	1174	1057	16384	config	15732	15862	2048	2048	FALSE	Q1
2434	mistral-small-3-2-24b-instruct-2506-awq-sym-b200	PT	Q2_PT	1	84	1862	2519	1682	504	630	567	337	421	379	841	1051	946	16384	config	15754	15880	2048	2048	FALSE	Q2
2435	mistral-small-3-2-24b-instruct-2506-awq-sym-b200	PT	Q2_PT	2	84	1862	2519	1682	504	630	567	337	421	379	841	1051	946	16384	config	15754	15880	2048	2048	FALSE	Q2
2436	mistral-small-3-2-24b-instruct-2506-awq-sym-b200	PT	Q2_PT	3	84	1862	2519	1682	504	630	567	337	421	379	841	1051	946	16384	config	15754	15880	2048	2048	FALSE	Q2
2437	mistral-small-3-2-24b-instruct-2506-awq-sym-b200	PT	Q3_PT	1	107	1901	2581	1877	517	646	582	376	470	423	893	1116	1005	16384	config	15738	15867	2048	2048	FALSE	Q3
2438	mistral-small-3-2-24b-instruct-2506-awq-sym-b200	PT	Q3_PT	2	107	1901	2581	1877	517	646	582	376	470	423	893	1116	1005	16384	config	15738	15867	2048	2048	FALSE	Q3
2439	mistral-small-3-2-24b-instruct-2506-awq-sym-b200	PT	Q3_PT	3	107	1901	2581	1877	517	646	582	376	470	423	893	1116	1005	16384	config	15738	15867	2048	2048	FALSE	Q3
2440	mistral-small-3-2-24b-instruct-2506-awq-sym-b200	PT	Q4_PT	1	132	1843	2548	1957	510	637	574	392	490	441	902	1127	1015	16384	config	15747	15874	2048	2048	FALSE	Q4
2441	mistral-small-3-2-24b-instruct-2506-awq-sym-b200	PT	Q4_PT	2	132	1843	2548	1957	510	637	574	392	490	441	902	1127	1015	16384	config	15747	15874	2048	2048	FALSE	Q4
2442	mistral-small-3-2-24b-instruct-2506-awq-sym-b200	PT	Q4_PT	3	132	1843	2548	1957	510	637	574	392	490	441	902	1127	1015	16384	config	15747	15874	2048	2048	FALSE	Q4
2443	mistral-small-3-2-24b-instruct-2506-awq-sym-b200	PT	Q5_PT	1	106	1824	2503	1963	501	626	564	393	491	442	894	1117	1006	16384	config	15758	15883	2048	2048	FALSE	Q5
2444	mistral-small-3-2-24b-instruct-2506-awq-sym-b200	PT	Q5_PT	2	106	1824	2503	1963	501	626	564	393	491	442	894	1117	1006	16384	config	15758	15883	2048	2048	FALSE	Q5
2445	mistral-small-3-2-24b-instruct-2506-awq-sym-b200	PT	Q5_PT	3	106	1824	2503	1963	501	626	564	393	491	442	894	1117	1006	16384	config	15758	15883	2048	2048	FALSE	Q5
2446	mistral-small-3-2-24b-instruct-2506-awq-sym-b200	RO	Q1_RO	1	136	1887	2596	2029	520	649	584	406	508	457	926	1157	1041	16384	config	15735	15864	2048	2048	FALSE	Q1
2447	mistral-small-3-2-24b-instruct-2506-awq-sym-b200	RO	Q1_RO	2	136	1887	2596	2029	520	649	584	406	508	457	926	1157	1041	16384	config	15735	15864	2048	2048	FALSE	Q1
2448	mistral-small-3-2-24b-instruct-2506-awq-sym-b200	RO	Q1_RO	3	136	1887	2596	2029	520	649	584	406	508	457	926	1157	1041	16384	config	15735	15864	2048	2048	FALSE	Q1
2449	mistral-small-3-2-24b-instruct-2506-awq-sym-b200	RO	Q2_RO	1	85	1862	2520	2131	504	630	567	427	533	480	931	1163	1047	16384	config	15754	15880	2048	2048	FALSE	Q2
2450	mistral-small-3-2-24b-instruct-2506-awq-sym-b200	RO	Q2_RO	2	85	1862	2520	2131	504	630	567	427	533	480	931	1163	1047	16384	config	15754	15880	2048	2048	FALSE	Q2
2451	mistral-small-3-2-24b-instruct-2506-awq-sym-b200	RO	Q2_RO	3	85	1862	2520	2131	504	630	567	427	533	480	931	1163	1047	16384	config	15754	15880	2048	2048	FALSE	Q2
2452	mistral-small-3-2-24b-instruct-2506-awq-sym-b200	RO	Q3_RO	1	115	1901	2589	2596	518	648	583	520	649	584	1038	1297	1167	16384	config	15736	15866	2048	2048	FALSE	Q3
2453	mistral-small-3-2-24b-instruct-2506-awq-sym-b200	RO	Q3_RO	2	115	1901	2589	2596	518	648	583	520	649	584	1038	1297	1167	16384	config	15736	15866	2048	2048	FALSE	Q3
2454	mistral-small-3-2-24b-instruct-2506-awq-sym-b200	RO	Q3_RO	3	115	1901	2589	2596	518	648	583	520	649	584	1038	1297	1167	16384	config	15736	15866	2048	2048	FALSE	Q3
2455	mistral-small-3-2-24b-instruct-2506-awq-sym-b200	RO	Q4_RO	1	111	1843	2527	1636	506	632	569	328	409	368	834	1041	937	16384	config	15752	15878	2048	2048	FALSE	Q4
2456	mistral-small-3-2-24b-instruct-2506-awq-sym-b200	RO	Q4_RO	2	111	1843	2527	1636	506	632	569	328	409	368	834	1041	937	16384	config	15752	15878	2048	2048	FALSE	Q4
2457	mistral-small-3-2-24b-instruct-2506-awq-sym-b200	RO	Q4_RO	3	111	1843	2527	1636	506	632	569	328	409	368	834	1041	937	16384	config	15752	15878	2048	2048	FALSE	Q4
2458	mistral-small-3-2-24b-instruct-2506-awq-sym-b200	RO	Q5_RO	1	111	1824	2508	1783	502	627	564	357	446	402	859	1073	966	16384	config	15757	15882	2048	2048	FALSE	Q5
2459	mistral-small-3-2-24b-instruct-2506-awq-sym-b200	RO	Q5_RO	2	111	1824	2508	1783	502	627	564	357	446	402	859	1073	966	16384	config	15757	15882	2048	2048	FALSE	Q5
2460	mistral-small-3-2-24b-instruct-2506-awq-sym-b200	RO	Q5_RO	3	111	1824	2508	1783	502	627	564	357	446	402	859	1073	966	16384	config	15757	15882	2048	2048	FALSE	Q5
2461	mistral-small-3-2-24b-instruct-2506-awq-sym-b200	SK	Q1_SK	1	110	1887	2570	1569	514	643	578	314	393	354	828	1036	932	16384	config	15741	15870	2048	2048	FALSE	Q1
2462	mistral-small-3-2-24b-instruct-2506-awq-sym-b200	SK	Q1_SK	2	110	1887	2570	1569	514	643	578	314	393	354	828	1036	932	16384	config	15741	15870	2048	2048	FALSE	Q1
2463	mistral-small-3-2-24b-instruct-2506-awq-sym-b200	SK	Q1_SK	3	110	1887	2570	1569	514	643	578	314	393	354	828	1036	932	16384	config	15741	15870	2048	2048	FALSE	Q1
2464	mistral-small-3-2-24b-instruct-2506-awq-sym-b200	SK	Q2_SK	1	93	1862	2528	1343	506	632	569	269	336	302	775	968	871	16384	config	15752	15878	2048	2048	FALSE	Q2
2465	mistral-small-3-2-24b-instruct-2506-awq-sym-b200	SK	Q2_SK	2	93	1862	2528	1343	506	632	569	269	336	302	775	968	871	16384	config	15752	15878	2048	2048	FALSE	Q2
2466	mistral-small-3-2-24b-instruct-2506-awq-sym-b200	SK	Q2_SK	3	93	1862	2528	1343	506	632	569	269	336	302	775	968	871	16384	config	15752	15878	2048	2048	FALSE	Q2
2467	mistral-small-3-2-24b-instruct-2506-awq-sym-b200	SK	Q3_SK	1	97	1901	2571	1749	515	643	579	350	438	394	865	1081	973	16384	config	15741	15869	2048	2048	FALSE	Q3
2468	mistral-small-3-2-24b-instruct-2506-awq-sym-b200	SK	Q3_SK	2	97	1901	2571	1749	515	643	579	350	438	394	865	1081	973	16384	config	15741	15869	2048	2048	FALSE	Q3
2469	mistral-small-3-2-24b-instruct-2506-awq-sym-b200	SK	Q3_SK	3	97	1901	2571	1749	515	643	579	350	438	394	865	1081	973	16384	config	15741	15869	2048	2048	FALSE	Q3
2470	mistral-small-3-2-24b-instruct-2506-awq-sym-b200	SK	Q4_SK	1	118	1843	2534	1825	507	634	570	365	457	411	872	1091	981	16384	config	15750	15877	2048	2048	FALSE	Q4
2471	mistral-small-3-2-24b-instruct-2506-awq-sym-b200	SK	Q4_SK	2	118	1843	2534	1435	507	634	570	287	359	323	794	993	893	16384	config	15750	15877	2048	2048	FALSE	Q4
2472	mistral-small-3-2-24b-instruct-2506-awq-sym-b200	SK	Q4_SK	3	118	1843	2534	1435	507	634	570	287	359	323	794	993	893	16384	config	15750	15877	2048	2048	FALSE	Q4
2473	mistral-small-3-2-24b-instruct-2506-awq-sym-b200	SK	Q5_SK	1	113	1824	2510	1359	502	628	565	272	340	306	774	968	871	16384	config	15756	15882	2048	2048	FALSE	Q5
2474	mistral-small-3-2-24b-instruct-2506-awq-sym-b200	SK	Q5_SK	2	113	1824	2510	1359	502	628	565	272	340	306	774	968	871	16384	config	15756	15882	2048	2048	FALSE	Q5
2475	mistral-small-3-2-24b-instruct-2506-awq-sym-b200	SK	Q5_SK	3	113	1824	2510	1359	502	628	565	272	340	306	774	968	871	16384	config	15756	15882	2048	2048	FALSE	Q5
2476	mistral-small-3-2-24b-instruct-2506-awq-sym-b200	SL	Q1_SL	1	108	1887	2568	1713	514	642	578	343	429	386	857	1071	964	16384	config	15742	15870	2048	2048	FALSE	Q1
2477	mistral-small-3-2-24b-instruct-2506-awq-sym-b200	SL	Q1_SL	2	108	1887	2568	1713	514	642	578	343	429	386	857	1071	964	16384	config	15742	15870	2048	2048	FALSE	Q1
2478	mistral-small-3-2-24b-instruct-2506-awq-sym-b200	SL	Q1_SL	3	108	1887	2568	1713	514	642	578	343	429	386	857	1071	964	16384	config	15742	15870	2048	2048	FALSE	Q1
2479	mistral-small-3-2-24b-instruct-2506-awq-sym-b200	SL	Q2_SL	1	86	1862	2521	1576	505	631	568	316	394	355	821	1025	923	16384	config	15753	15879	2048	2048	FALSE	Q2
2480	mistral-small-3-2-24b-instruct-2506-awq-sym-b200	SL	Q2_SL	2	86	1862	2521	1576	505	631	568	316	394	355	821	1025	923	16384	config	15753	15879	2048	2048	FALSE	Q2
2481	mistral-small-3-2-24b-instruct-2506-awq-sym-b200	SL	Q2_SL	3	86	1862	2521	1576	505	631	568	316	394	355	821	1025	923	16384	config	15753	15879	2048	2048	FALSE	Q2
2482	mistral-small-3-2-24b-instruct-2506-awq-sym-b200	SL	Q3_SL	1	105	1901	2579	1842	516	645	580	369	461	415	885	1106	995	16384	config	15739	15868	2048	2048	FALSE	Q3
2483	mistral-small-3-2-24b-instruct-2506-awq-sym-b200	SL	Q3_SL	2	105	1901	2579	1842	516	645	580	369	461	415	885	1106	995	16384	config	15739	15868	2048	2048	FALSE	Q3
2484	mistral-small-3-2-24b-instruct-2506-awq-sym-b200	SL	Q3_SL	3	105	1901	2579	1842	516	645	580	369	461	415	885	1106	995	16384	config	15739	15868	2048	2048	FALSE	Q3
2485	mistral-small-3-2-24b-instruct-2506-awq-sym-b200	SL	Q4_SL	1	94	1843	2510	1402	502	628	565	281	351	316	783	979	881	16384	config	15756	15882	2048	2048	FALSE	Q4
2486	mistral-small-3-2-24b-instruct-2506-awq-sym-b200	SL	Q4_SL	2	94	1843	2510	1402	502	628	565	281	351	316	783	979	881	16384	config	15756	15882	2048	2048	FALSE	Q4
2487	mistral-small-3-2-24b-instruct-2506-awq-sym-b200	SL	Q4_SL	3	94	1843	2510	1402	502	628	565	281	351	316	783	979	881	16384	config	15756	15882	2048	2048	FALSE	Q4
2488	mistral-small-3-2-24b-instruct-2506-awq-sym-b200	SL	Q5_SL	1	107	1824	2504	1500	501	626	564	300	375	338	801	1001	902	16384	config	15758	15883	2048	2048	FALSE	Q5
2489	mistral-small-3-2-24b-instruct-2506-awq-sym-b200	SL	Q5_SL	2	107	1824	2504	1500	501	626	564	300	375	338	801	1001	902	16384	config	15758	15883	2048	2048	FALSE	Q5
2490	mistral-small-3-2-24b-instruct-2506-awq-sym-b200	SL	Q5_SL	3	107	1824	2504	1500	501	626	564	300	375	338	801	1001	902	16384	config	15758	15883	2048	2048	FALSE	Q5
2491	mistral-small-3-2-24b-instruct-2506-awq-sym-b200	ES	Q1_ES	1	138	1887	2598	2079	520	650	585	416	520	468	936	1170	1053	16384	config	15734	15864	2048	2048	FALSE	Q1
2492	mistral-small-3-2-24b-instruct-2506-awq-sym-b200	ES	Q1_ES	2	138	1887	2598	2079	520	650	585	416	520	468	936	1170	1053	16384	config	15734	15864	2048	2048	FALSE	Q1
2493	mistral-small-3-2-24b-instruct-2506-awq-sym-b200	ES	Q1_ES	3	138	1887	2598	2079	520	650	585	416	520	468	936	1170	1053	16384	config	15734	15864	2048	2048	FALSE	Q1
2494	mistral-small-3-2-24b-instruct-2506-awq-sym-b200	ES	Q2_ES	1	93	1862	2528	1969	506	632	569	394	493	444	900	1125	1013	16384	config	15752	15878	2048	2048	FALSE	Q2
2495	mistral-small-3-2-24b-instruct-2506-awq-sym-b200	ES	Q2_ES	2	93	1862	2528	1969	506	632	569	394	493	444	900	1125	1013	16384	config	15752	15878	2048	2048	FALSE	Q2
2496	mistral-small-3-2-24b-instruct-2506-awq-sym-b200	ES	Q2_ES	3	93	1862	2528	1969	506	632	569	394	493	444	900	1125	1013	16384	config	15752	15878	2048	2048	FALSE	Q2
2497	mistral-small-3-2-24b-instruct-2506-awq-sym-b200	ES	Q3_ES	1	103	1901	2577	1797	516	645	580	360	450	405	876	1095	985	16384	config	15739	15868	2048	2048	FALSE	Q3
2498	mistral-small-3-2-24b-instruct-2506-awq-sym-b200	ES	Q3_ES	2	103	1901	2577	1797	516	645	580	360	450	405	876	1095	985	16384	config	15739	15868	2048	2048	FALSE	Q3
2499	mistral-small-3-2-24b-instruct-2506-awq-sym-b200	ES	Q3_ES	3	103	1901	2577	1797	516	645	580	360	450	405	876	1095	985	16384	config	15739	15868	2048	2048	FALSE	Q3
2500	mistral-small-3-2-24b-instruct-2506-awq-sym-b200	ES	Q4_ES	1	134	1843	2550	2004	510	638	574	401	501	451	911	1139	1025	16384	config	15746	15874	2048	2048	FALSE	Q4
2501	mistral-small-3-2-24b-instruct-2506-awq-sym-b200	ES	Q4_ES	2	134	1843	2550	2004	510	638	574	401	501	451	911	1139	1025	16384	config	15746	15874	2048	2048	FALSE	Q4
2502	mistral-small-3-2-24b-instruct-2506-awq-sym-b200	ES	Q4_ES	3	134	1843	2550	2004	510	638	574	401	501	451	911	1139	1025	16384	config	15746	15874	2048	2048	FALSE	Q4
2503	mistral-small-3-2-24b-instruct-2506-awq-sym-b200	ES	Q5_ES	1	110	1824	2507	2288	502	627	564	458	572	515	960	1199	1079	16384	config	15757	15882	2048	2048	FALSE	Q5
2504	mistral-small-3-2-24b-instruct-2506-awq-sym-b200	ES	Q5_ES	2	110	1824	2507	2288	502	627	564	458	572	515	960	1199	1079	16384	config	15757	15882	2048	2048	FALSE	Q5
2505	mistral-small-3-2-24b-instruct-2506-awq-sym-b200	ES	Q5_ES	3	110	1824	2507	2288	502	627	564	458	572	515	960	1199	1079	16384	config	15757	15882	2048	2048	FALSE	Q5
2506	mistral-small-3-2-24b-instruct-2506-awq-sym-b200	SV	Q1_SV	1	137	1887	2597	1700	520	650	585	340	425	382	860	1075	967	16384	config	15734	15864	2048	2048	FALSE	Q1
2507	mistral-small-3-2-24b-instruct-2506-awq-sym-b200	SV	Q1_SV	2	137	1887	2597	1700	520	650	585	340	425	382	860	1075	967	16384	config	15734	15864	2048	2048	FALSE	Q1
2508	mistral-small-3-2-24b-instruct-2506-awq-sym-b200	SV	Q1_SV	3	137	1887	2597	1700	520	650	585	340	425	382	860	1075	967	16384	config	15734	15864	2048	2048	FALSE	Q1
2509	mistral-small-3-2-24b-instruct-2506-awq-sym-b200	SV	Q2_SV	1	82	1862	2517	1591	504	630	567	319	398	358	823	1028	925	16384	config	15754	15880	2048	2048	FALSE	Q2
2510	mistral-small-3-2-24b-instruct-2506-awq-sym-b200	SV	Q2_SV	2	82	1862	2517	1591	504	630	567	319	398	358	823	1028	925	16384	config	15754	15880	2048	2048	FALSE	Q2
2511	mistral-small-3-2-24b-instruct-2506-awq-sym-b200	SV	Q2_SV	3	82	1862	2517	1591	504	630	567	319	398	358	823	1028	925	16384	config	15754	15880	2048	2048	FALSE	Q2
2512	mistral-small-3-2-24b-instruct-2506-awq-sym-b200	SV	Q3_SV	1	98	1901	2572	1593	515	643	579	319	399	359	834	1042	938	16384	config	15741	15869	2048	2048	FALSE	Q3
2513	mistral-small-3-2-24b-instruct-2506-awq-sym-b200	SV	Q3_SV	2	98	1901	2572	1593	515	643	579	319	399	359	834	1042	938	16384	config	15741	15869	2048	2048	FALSE	Q3
2514	mistral-small-3-2-24b-instruct-2506-awq-sym-b200	SV	Q3_SV	3	98	1901	2572	1593	515	643	579	319	399	359	834	1042	938	16384	config	15741	15869	2048	2048	FALSE	Q3
2515	mistral-small-3-2-24b-instruct-2506-awq-sym-b200	SV	Q4_SV	1	103	1843	2519	1780	504	630	567	356	445	400	860	1075	967	16384	config	15754	15880	2048	2048	FALSE	Q4
2516	mistral-small-3-2-24b-instruct-2506-awq-sym-b200	SV	Q4_SV	2	103	1843	2519	1780	504	630	567	356	445	400	860	1075	967	16384	config	15754	15880	2048	2048	FALSE	Q4
2517	mistral-small-3-2-24b-instruct-2506-awq-sym-b200	SV	Q4_SV	3	103	1843	2519	1780	504	630	567	356	445	400	860	1075	967	16384	config	15754	15880	2048	2048	FALSE	Q4
2518	mistral-small-3-2-24b-instruct-2506-awq-sym-b200	SV	Q5_SV	1	109	1824	2506	1459	502	627	564	292	365	328	794	992	892	16384	config	15757	15882	2048	2048	FALSE	Q5
2519	mistral-small-3-2-24b-instruct-2506-awq-sym-b200	SV	Q5_SV	2	109	1824	2506	1459	502	627	564	292	365	328	794	992	892	16384	config	15757	15882	2048	2048	FALSE	Q5
2520	mistral-small-3-2-24b-instruct-2506-awq-sym-b200	SV	Q5_SV	3	109	1824	2506	1459	502	627	564	292	365	328	794	992	892	16384	config	15757	15882	2048	2048	FALSE	Q5
2521	mistral-nemo-instruct-2407-b200	BG	Q1_BG	1	124	1887	2584	2155	517	646	582	431	539	485	948	1185	1067	16384	config	15738	15867	2048	2048	FALSE	Q1
2522	mistral-nemo-instruct-2407-b200	BG	Q1_BG	2	124	1887	2584	2155	517	646	582	431	539	485	948	1185	1067	16384	config	15738	15867	2048	2048	FALSE	Q1
2523	mistral-nemo-instruct-2407-b200	BG	Q1_BG	3	124	1887	2584	2155	517	646	582	431	539	485	948	1185	1067	16384	config	15738	15867	2048	2048	FALSE	Q1
2524	mistral-nemo-instruct-2407-b200	BG	Q2_BG	1	99	1862	2534	2321	507	634	570	465	581	523	972	1215	1093	16384	config	15750	15877	2048	2048	FALSE	Q2
2525	mistral-nemo-instruct-2407-b200	BG	Q2_BG	2	99	1862	2534	2321	507	634	570	465	581	523	972	1215	1093	16384	config	15750	15877	2048	2048	FALSE	Q2
2526	mistral-nemo-instruct-2407-b200	BG	Q2_BG	3	99	1862	2534	2321	507	634	570	465	581	523	972	1215	1093	16384	config	15750	15877	2048	2048	FALSE	Q2
2527	mistral-nemo-instruct-2407-b200	BG	Q3_BG	1	109	1901	2583	2579	517	646	582	516	645	580	1033	1291	1162	16384	config	15738	15867	2048	2048	FALSE	Q3
2528	mistral-nemo-instruct-2407-b200	BG	Q3_BG	2	109	1901	2583	2579	517	646	582	516	645	580	1033	1291	1162	16384	config	15738	15867	2048	2048	FALSE	Q3
2529	mistral-nemo-instruct-2407-b200	BG	Q3_BG	3	109	1901	2583	2579	517	646	582	516	645	580	1033	1291	1162	16384	config	15738	15867	2048	2048	FALSE	Q3
2530	mistral-nemo-instruct-2407-b200	BG	Q4_BG	1	106	1843	2522	2247	505	631	568	450	562	506	955	1193	1074	16384	config	15753	15879	2048	2048	FALSE	Q4
2531	mistral-nemo-instruct-2407-b200	BG	Q4_BG	2	106	1843	2522	2247	505	631	568	450	562	506	955	1193	1074	16384	config	15753	15879	2048	2048	FALSE	Q4
2532	mistral-nemo-instruct-2407-b200	BG	Q4_BG	3	106	1843	2522	2247	505	631	568	450	562	506	955	1193	1074	16384	config	15753	15879	2048	2048	FALSE	Q4
2533	mistral-nemo-instruct-2407-b200	BG	Q5_BG	1	113	1824	2510	2160	502	628	565	432	540	486	934	1168	1051	16384	config	15756	15882	2048	2048	FALSE	Q5
2534	mistral-nemo-instruct-2407-b200	BG	Q5_BG	2	113	1824	2510	2160	502	628	565	432	540	486	934	1168	1051	16384	config	15756	15882	2048	2048	FALSE	Q5
2535	mistral-nemo-instruct-2407-b200	BG	Q5_BG	3	113	1824	2510	2160	502	628	565	432	540	486	934	1168	1051	16384	config	15756	15882	2048	2048	FALSE	Q5
2536	mistral-nemo-instruct-2407-b200	HR	Q1_HR	1	114	1887	2574	2175	515	644	580	435	544	490	950	1188	1070	16384	config	15740	15869	2048	2048	FALSE	Q1
2537	mistral-nemo-instruct-2407-b200	HR	Q1_HR	2	114	1887	2574	1856	515	644	580	372	464	418	887	1108	998	16384	config	15740	15869	2048	2048	FALSE	Q1
2538	mistral-nemo-instruct-2407-b200	HR	Q1_HR	3	114	1887	2574	1856	515	644	580	372	464	418	887	1108	998	16384	config	15740	15869	2048	2048	FALSE	Q1
2539	mistral-nemo-instruct-2407-b200	HR	Q2_HR	1	104	1862	2539	2218	508	635	572	444	555	500	952	1190	1072	16384	config	15749	15876	2048	2048	FALSE	Q2
2540	mistral-nemo-instruct-2407-b200	HR	Q2_HR	2	104	1862	2539	2218	508	635	572	444	555	500	952	1190	1072	16384	config	15749	15876	2048	2048	FALSE	Q2
2541	mistral-nemo-instruct-2407-b200	HR	Q2_HR	3	104	1862	2539	2218	508	635	572	444	555	500	952	1190	1072	16384	config	15749	15876	2048	2048	FALSE	Q2
2542	mistral-nemo-instruct-2407-b200	HR	Q3_HR	1	90	1901	2564	1843	513	641	577	369	461	415	882	1102	992	16384	config	15743	15871	2048	2048	FALSE	Q3
2543	mistral-nemo-instruct-2407-b200	HR	Q3_HR	2	90	1901	2564	1843	513	641	577	369	461	415	882	1102	992	16384	config	15743	15871	2048	2048	FALSE	Q3
2544	mistral-nemo-instruct-2407-b200	HR	Q3_HR	3	90	1901	2564	1843	513	641	577	369	461	415	882	1102	992	16384	config	15743	15871	2048	2048	FALSE	Q3
2545	mistral-nemo-instruct-2407-b200	HR	Q4_HR	1	105	1843	2521	1633	505	631	568	327	409	368	832	1040	936	16384	config	15753	15879	2048	2048	FALSE	Q4
2546	mistral-nemo-instruct-2407-b200	HR	Q4_HR	2	105	1843	2521	1633	505	631	568	327	409	368	832	1040	936	16384	config	15753	15879	2048	2048	FALSE	Q4
2547	mistral-nemo-instruct-2407-b200	HR	Q4_HR	3	105	1843	2521	1633	505	631	568	327	409	368	832	1040	936	16384	config	15753	15879	2048	2048	FALSE	Q4
2548	mistral-nemo-instruct-2407-b200	HR	Q5_HR	1	109	1824	2506	2362	502	627	564	473	591	532	975	1218	1096	16384	config	15757	15882	2048	2048	FALSE	Q5
2549	mistral-nemo-instruct-2407-b200	HR	Q5_HR	2	109	1824	2506	2362	502	627	564	473	591	532	975	1218	1096	16384	config	15757	15882	2048	2048	FALSE	Q5
2550	mistral-nemo-instruct-2407-b200	HR	Q5_HR	3	109	1824	2506	2362	502	627	564	473	591	532	975	1218	1096	16384	config	15757	15882	2048	2048	FALSE	Q5
2551	mistral-nemo-instruct-2407-b200	CS	Q1_CS	1	111	1887	2571	2062	515	643	579	413	516	464	928	1159	1043	16384	config	15741	15869	2048	2048	FALSE	Q1
2552	mistral-nemo-instruct-2407-b200	CS	Q1_CS	2	111	1887	2571	2062	515	643	579	413	516	464	928	1159	1043	16384	config	15741	15869	2048	2048	FALSE	Q1
2553	mistral-nemo-instruct-2407-b200	CS	Q1_CS	3	111	1887	2571	2062	515	643	579	413	516	464	928	1159	1043	16384	config	15741	15869	2048	2048	FALSE	Q1
2554	mistral-nemo-instruct-2407-b200	CS	Q2_CS	1	92	1862	2527	1930	506	632	569	386	483	434	892	1115	1003	16384	config	15752	15878	2048	2048	FALSE	Q2
2555	mistral-nemo-instruct-2407-b200	CS	Q2_CS	2	92	1862	2527	1930	506	632	569	386	483	434	892	1115	1003	16384	config	15752	15878	2048	2048	FALSE	Q2
2556	mistral-nemo-instruct-2407-b200	CS	Q2_CS	3	92	1862	2527	1930	506	632	569	386	483	434	892	1115	1003	16384	config	15752	15878	2048	2048	FALSE	Q2
2557	mistral-nemo-instruct-2407-b200	CS	Q3_CS	1	87	1901	2561	2114	513	641	577	423	529	476	936	1170	1053	16384	config	15743	15871	2048	2048	FALSE	Q3
2558	mistral-nemo-instruct-2407-b200	CS	Q3_CS	2	87	1901	2561	2114	513	641	577	423	529	476	936	1170	1053	16384	config	15743	15871	2048	2048	FALSE	Q3
2559	mistral-nemo-instruct-2407-b200	CS	Q3_CS	3	87	1901	2561	2114	513	641	577	423	529	476	936	1170	1053	16384	config	15743	15871	2048	2048	FALSE	Q3
2560	mistral-nemo-instruct-2407-b200	CS	Q4_CS	1	106	1843	2522	1341	505	631	568	269	336	302	774	967	870	16384	config	15753	15879	2048	2048	FALSE	Q4
2561	mistral-nemo-instruct-2407-b200	CS	Q4_CS	2	106	1843	2522	1341	505	631	568	269	336	302	774	967	870	16384	config	15753	15879	2048	2048	FALSE	Q4
2562	mistral-nemo-instruct-2407-b200	CS	Q4_CS	3	106	1843	2522	1341	505	631	568	269	336	302	774	967	870	16384	config	15753	15879	2048	2048	FALSE	Q4
2563	mistral-nemo-instruct-2407-b200	CS	Q5_CS	1	100	1824	2497	1416	500	625	562	284	354	319	784	979	881	16384	config	15759	15884	2048	2048	FALSE	Q5
2564	mistral-nemo-instruct-2407-b200	CS	Q5_CS	2	100	1824	2497	1416	500	625	562	284	354	319	784	979	881	16384	config	15759	15884	2048	2048	FALSE	Q5
2565	mistral-nemo-instruct-2407-b200	CS	Q5_CS	3	100	1824	2497	1416	500	625	562	284	354	319	784	979	881	16384	config	15759	15884	2048	2048	FALSE	Q5
2566	mistral-nemo-instruct-2407-b200	DA	Q1_DA	1	134	1887	2594	1970	519	649	584	394	493	444	913	1142	1028	16384	config	15735	15865	2048	2048	FALSE	Q1
2567	mistral-nemo-instruct-2407-b200	DA	Q1_DA	2	134	1887	2594	1970	519	649	584	394	493	444	913	1142	1028	16384	config	15735	15865	2048	2048	FALSE	Q1
2568	mistral-nemo-instruct-2407-b200	DA	Q1_DA	3	134	1887	2594	1970	519	649	584	394	493	444	913	1142	1028	16384	config	15735	15865	2048	2048	FALSE	Q1
2569	mistral-nemo-instruct-2407-b200	DA	Q2_DA	1	93	1862	2528	2697	506	632	569	540	675	608	1046	1307	1177	16384	config	15752	15878	2048	2048	FALSE	Q2
2570	mistral-nemo-instruct-2407-b200	DA	Q2_DA	2	93	1862	2528	2983	506	632	569	597	746	672	1103	1378	1241	16384	config	15752	15878	2048	2048	FALSE	Q2
2571	mistral-nemo-instruct-2407-b200	DA	Q2_DA	3	93	1862	2528	2983	506	632	569	597	746	672	1103	1378	1241	16384	config	15752	15878	2048	2048	FALSE	Q2
2572	mistral-nemo-instruct-2407-b200	DA	Q3_DA	1	98	1901	2572	2882	515	643	579	577	721	649	1092	1364	1228	16384	config	15741	15869	2048	2048	FALSE	Q3
2573	mistral-nemo-instruct-2407-b200	DA	Q3_DA	2	98	1901	2572	2882	515	643	579	577	721	649	1092	1364	1228	16384	config	15741	15869	2048	2048	FALSE	Q3
2574	mistral-nemo-instruct-2407-b200	DA	Q3_DA	3	98	1901	2572	2882	515	643	579	577	721	649	1092	1364	1228	16384	config	15741	15869	2048	2048	FALSE	Q3
2575	mistral-nemo-instruct-2407-b200	DA	Q4_DA	1	106	1843	2522	1861	505	631	568	373	466	420	878	1097	988	16384	config	15753	15879	2048	2048	FALSE	Q4
2576	mistral-nemo-instruct-2407-b200	DA	Q4_DA	2	106	1843	2522	1861	505	631	568	373	466	420	878	1097	988	16384	config	15753	15879	2048	2048	FALSE	Q4
2577	mistral-nemo-instruct-2407-b200	DA	Q4_DA	3	106	1843	2522	1861	505	631	568	373	466	420	878	1097	988	16384	config	15753	15879	2048	2048	FALSE	Q4
2578	mistral-nemo-instruct-2407-b200	DA	Q5_DA	1	107	1824	2504	2040	501	626	564	408	510	459	909	1136	1023	16384	config	15758	15883	2048	2048	FALSE	Q5
2579	mistral-nemo-instruct-2407-b200	DA	Q5_DA	2	107	1824	2504	2040	501	626	564	408	510	459	909	1136	1023	16384	config	15758	15883	2048	2048	FALSE	Q5
2580	mistral-nemo-instruct-2407-b200	DA	Q5_DA	3	107	1824	2504	2040	501	626	564	408	510	459	909	1136	1023	16384	config	15758	15883	2048	2048	FALSE	Q5
2581	mistral-nemo-instruct-2407-b200	NL	Q1_NL	1	139	1887	2599	2296	520	650	585	460	574	517	980	1224	1102	16384	config	15734	15864	2048	2048	FALSE	Q1
2582	mistral-nemo-instruct-2407-b200	NL	Q1_NL	2	139	1887	2599	2296	520	650	585	460	574	517	980	1224	1102	16384	config	15734	15864	2048	2048	FALSE	Q1
2583	mistral-nemo-instruct-2407-b200	NL	Q1_NL	3	139	1887	2599	2296	520	650	585	460	574	517	980	1224	1102	16384	config	15734	15864	2048	2048	FALSE	Q1
2584	mistral-nemo-instruct-2407-b200	NL	Q2_NL	1	92	1862	2527	1925	506	632	569	385	482	434	891	1114	1003	16384	config	15752	15878	2048	2048	FALSE	Q2
2585	mistral-nemo-instruct-2407-b200	NL	Q2_NL	2	92	1862	2527	1925	506	632	569	385	482	434	891	1114	1003	16384	config	15752	15878	2048	2048	FALSE	Q2
2586	mistral-nemo-instruct-2407-b200	NL	Q2_NL	3	92	1862	2527	1925	506	632	569	385	482	434	891	1114	1003	16384	config	15752	15878	2048	2048	FALSE	Q2
2587	mistral-nemo-instruct-2407-b200	NL	Q3_NL	1	120	1901	2594	2356	519	649	584	472	589	530	991	1238	1114	16384	config	15735	15865	2048	2048	FALSE	Q3
2588	mistral-nemo-instruct-2407-b200	NL	Q3_NL	2	120	1901	2594	2356	519	649	584	472	589	530	991	1238	1114	16384	config	15735	15865	2048	2048	FALSE	Q3
2589	mistral-nemo-instruct-2407-b200	NL	Q3_NL	3	120	1901	2594	2356	519	649	584	472	589	530	991	1238	1114	16384	config	15735	15865	2048	2048	FALSE	Q3
2590	mistral-nemo-instruct-2407-b200	NL	Q4_NL	1	111	1843	2527	1868	506	632	569	374	467	420	880	1099	989	16384	config	15752	15878	2048	2048	FALSE	Q4
2591	mistral-nemo-instruct-2407-b200	NL	Q4_NL	2	111	1843	2527	1868	506	632	569	374	467	420	880	1099	989	16384	config	15752	15878	2048	2048	FALSE	Q4
2592	mistral-nemo-instruct-2407-b200	NL	Q4_NL	3	111	1843	2527	1868	506	632	569	374	467	420	880	1099	989	16384	config	15752	15878	2048	2048	FALSE	Q4
2593	mistral-nemo-instruct-2407-b200	NL	Q5_NL	1	92	1824	2489	2208	498	623	560	442	552	497	940	1175	1057	16384	config	15761	15886	2048	2048	FALSE	Q5
2594	mistral-nemo-instruct-2407-b200	NL	Q5_NL	2	92	1824	2489	2208	498	623	560	442	552	497	940	1175	1057	16384	config	15761	15886	2048	2048	FALSE	Q5
2595	mistral-nemo-instruct-2407-b200	NL	Q5_NL	3	92	1824	2489	2208	498	623	560	442	552	497	940	1175	1057	16384	config	15761	15886	2048	2048	FALSE	Q5
2596	mistral-nemo-instruct-2407-b200	EN	Q1_EN	1	126	1887	2586	3021	518	647	582	605	756	680	1123	1403	1262	16384	config	15737	15866	2048	2048	FALSE	Q1
2597	mistral-nemo-instruct-2407-b200	EN	Q1_EN	2	126	1887	2586	3021	518	647	582	605	756	680	1123	1403	1262	16384	config	15737	15866	2048	2048	FALSE	Q1
2598	mistral-nemo-instruct-2407-b200	EN	Q1_EN	3	126	1887	2586	3021	518	647	582	605	756	680	1123	1403	1262	16384	config	15737	15866	2048	2048	FALSE	Q1
2599	mistral-nemo-instruct-2407-b200	EN	Q2_EN	1	77	1862	2512	2401	503	628	566	481	601	541	984	1229	1107	16384	config	15756	15881	2048	2048	FALSE	Q2
2600	mistral-nemo-instruct-2407-b200	EN	Q2_EN	2	77	1862	2512	2401	503	628	566	481	601	541	984	1229	1107	16384	config	15756	15881	2048	2048	FALSE	Q2
2601	mistral-nemo-instruct-2407-b200	EN	Q2_EN	3	77	1862	2512	2401	503	628	566	481	601	541	984	1229	1107	16384	config	15756	15881	2048	2048	FALSE	Q2
2602	mistral-nemo-instruct-2407-b200	EN	Q3_EN	1	101	1901	2575	2581	515	644	580	517	646	582	1032	1290	1162	16384	config	15740	15869	2048	2048	FALSE	Q3
2603	mistral-nemo-instruct-2407-b200	EN	Q3_EN	2	101	1901	2575	2581	515	644	580	517	646	582	1032	1290	1162	16384	config	15740	15869	2048	2048	FALSE	Q3
2604	mistral-nemo-instruct-2407-b200	EN	Q3_EN	3	101	1901	2575	2581	515	644	580	517	646	582	1032	1290	1162	16384	config	15740	15869	2048	2048	FALSE	Q3
2605	mistral-nemo-instruct-2407-b200	EN	Q4_EN	1	95	1843	2511	3446	503	628	566	690	862	776	1193	1490	1342	16384	config	15756	15881	2048	2048	FALSE	Q4
2606	mistral-nemo-instruct-2407-b200	EN	Q4_EN	2	95	1843	2511	3507	503	628	566	702	877	790	1205	1505	1356	16384	config	15756	15881	2048	2048	FALSE	Q4
2607	mistral-nemo-instruct-2407-b200	EN	Q4_EN	3	95	1843	2511	3507	503	628	566	702	877	790	1205	1505	1356	16384	config	15756	15881	2048	2048	FALSE	Q4
2608	mistral-nemo-instruct-2407-b200	EN	Q5_EN	1	88	1824	2485	2686	497	622	560	538	672	605	1035	1294	1165	16384	config	15762	15887	2048	2048	FALSE	Q5
2609	mistral-nemo-instruct-2407-b200	EN	Q5_EN	2	88	1824	2485	2686	497	622	560	538	672	605	1035	1294	1165	16384	config	15762	15887	2048	2048	FALSE	Q5
2610	mistral-nemo-instruct-2407-b200	EN	Q5_EN	3	88	1824	2485	2686	497	622	560	538	672	605	1035	1294	1165	16384	config	15762	15887	2048	2048	FALSE	Q5
2611	mistral-nemo-instruct-2407-b200	ET	Q1_ET	1	124	1887	2584	2031	517	646	582	407	508	458	924	1154	1040	16384	config	15738	15867	2048	2048	FALSE	Q1
2612	mistral-nemo-instruct-2407-b200	ET	Q1_ET	2	124	1887	2584	2031	517	646	582	407	508	458	924	1154	1040	16384	config	15738	15867	2048	2048	FALSE	Q1
2613	mistral-nemo-instruct-2407-b200	ET	Q1_ET	3	124	1887	2584	2031	517	646	582	407	508	458	924	1154	1040	16384	config	15738	15867	2048	2048	FALSE	Q1
2614	mistral-nemo-instruct-2407-b200	ET	Q2_ET	1	96	1862	2531	2898	507	633	570	580	725	652	1087	1358	1222	16384	config	15751	15877	2048	2048	FALSE	Q2
2615	mistral-nemo-instruct-2407-b200	ET	Q2_ET	2	96	1862	2531	2898	507	633	570	580	725	652	1087	1358	1222	16384	config	15751	15877	2048	2048	FALSE	Q2
2616	mistral-nemo-instruct-2407-b200	ET	Q2_ET	3	96	1862	2531	2898	507	633	570	580	725	652	1087	1358	1222	16384	config	15751	15877	2048	2048	FALSE	Q2
2617	mistral-nemo-instruct-2407-b200	ET	Q3_ET	1	81	1901	2555	2304	511	639	575	461	576	518	972	1215	1093	16384	config	15745	15873	2048	2048	FALSE	Q3
2618	mistral-nemo-instruct-2407-b200	ET	Q3_ET	2	81	1901	2555	2304	511	639	575	461	576	518	972	1215	1093	16384	config	15745	15873	2048	2048	FALSE	Q3
2619	mistral-nemo-instruct-2407-b200	ET	Q3_ET	3	81	1901	2555	2304	511	639	575	461	576	518	972	1215	1093	16384	config	15745	15873	2048	2048	FALSE	Q3
2620	mistral-nemo-instruct-2407-b200	ET	Q4_ET	1	105	1843	2521	2963	505	631	568	593	741	667	1098	1372	1235	16384	config	15753	15879	2048	2048	FALSE	Q4
2621	mistral-nemo-instruct-2407-b200	ET	Q4_ET	2	105	1843	2521	2963	505	631	568	593	741	667	1098	1372	1235	16384	config	15753	15879	2048	2048	FALSE	Q4
2622	mistral-nemo-instruct-2407-b200	ET	Q4_ET	3	105	1843	2521	2963	505	631	568	593	741	667	1098	1372	1235	16384	config	15753	15879	2048	2048	FALSE	Q4
2623	mistral-nemo-instruct-2407-b200	ET	Q5_ET	1	93	1824	2490	2665	498	623	560	533	667	600	1031	1290	1160	16384	config	15761	15886	2048	2048	FALSE	Q5
2624	mistral-nemo-instruct-2407-b200	ET	Q5_ET	2	93	1824	2490	2665	498	623	560	533	667	600	1031	1290	1160	16384	config	15761	15886	2048	2048	FALSE	Q5
2625	mistral-nemo-instruct-2407-b200	ET	Q5_ET	3	93	1824	2490	2665	498	623	560	533	667	600	1031	1290	1160	16384	config	15761	15886	2048	2048	FALSE	Q5
2626	mistral-nemo-instruct-2407-b200	FI	Q1_FI	1	133	1887	2593	2830	519	649	584	566	708	637	1085	1357	1221	16384	config	15735	15865	2048	2048	FALSE	Q1
2627	mistral-nemo-instruct-2407-b200	FI	Q1_FI	2	133	1887	2593	2830	519	649	584	566	708	637	1085	1357	1221	16384	config	15735	15865	2048	2048	FALSE	Q1
2628	mistral-nemo-instruct-2407-b200	FI	Q1_FI	3	133	1887	2593	2830	519	649	584	566	708	637	1085	1357	1221	16384	config	15735	15865	2048	2048	FALSE	Q1
2629	mistral-nemo-instruct-2407-b200	FI	Q2_FI	1	100	1862	2535	2687	507	634	570	538	672	605	1045	1306	1175	16384	config	15750	15877	2048	2048	FALSE	Q2
2630	mistral-nemo-instruct-2407-b200	FI	Q2_FI	2	100	1862	2535	2687	507	634	570	538	672	605	1045	1306	1175	16384	config	15750	15877	2048	2048	FALSE	Q2
2631	mistral-nemo-instruct-2407-b200	FI	Q2_FI	3	100	1862	2535	2687	507	634	570	538	672	605	1045	1306	1175	16384	config	15750	15877	2048	2048	FALSE	Q2
2632	mistral-nemo-instruct-2407-b200	FI	Q3_FI	1	94	1901	2568	1961	514	642	578	393	491	442	907	1133	1020	16384	config	15742	15870	2048	2048	FALSE	Q3
2633	mistral-nemo-instruct-2407-b200	FI	Q3_FI	2	94	1901	2568	1961	514	642	578	393	491	442	907	1133	1020	16384	config	15742	15870	2048	2048	FALSE	Q3
2634	mistral-nemo-instruct-2407-b200	FI	Q3_FI	3	94	1901	2568	1961	514	642	578	393	491	442	907	1133	1020	16384	config	15742	15870	2048	2048	FALSE	Q3
2635	mistral-nemo-instruct-2407-b200	FI	Q4_FI	1	101	1843	2517	2707	504	630	567	542	677	610	1046	1307	1177	16384	config	15754	15880	2048	2048	FALSE	Q4
2636	mistral-nemo-instruct-2407-b200	FI	Q4_FI	2	101	1843	2517	3273	504	630	567	655	819	737	1159	1449	1304	16384	config	15754	15880	2048	2048	FALSE	Q4
2637	mistral-nemo-instruct-2407-b200	FI	Q4_FI	3	101	1843	2517	3273	504	630	567	655	819	737	1159	1449	1304	16384	config	15754	15880	2048	2048	FALSE	Q4
2638	mistral-nemo-instruct-2407-b200	FI	Q5_FI	1	91	1824	2488	2488	498	622	560	498	622	560	996	1244	1120	16384	config	15762	15886	2048	2048	FALSE	Q5
2639	mistral-nemo-instruct-2407-b200	FI	Q5_FI	2	91	1824	2488	2488	498	622	560	498	622	560	996	1244	1120	16384	config	15762	15886	2048	2048	FALSE	Q5
2640	mistral-nemo-instruct-2407-b200	FI	Q5_FI	3	91	1824	2488	2488	498	622	560	498	622	560	996	1244	1120	16384	config	15762	15886	2048	2048	FALSE	Q5
2641	mistral-nemo-instruct-2407-b200	FR	Q1_FR	1	159	1887	2619	3123	524	655	590	625	781	703	1149	1436	1293	16384	config	15729	15860	2048	2048	FALSE	Q1
2642	mistral-nemo-instruct-2407-b200	FR	Q1_FR	2	159	1887	2619	3123	524	655	590	625	781	703	1149	1436	1293	16384	config	15729	15860	2048	2048	FALSE	Q1
2643	mistral-nemo-instruct-2407-b200	FR	Q1_FR	3	159	1887	2619	3123	524	655	590	625	781	703	1149	1436	1293	16384	config	15729	15860	2048	2048	FALSE	Q1
2644	mistral-nemo-instruct-2407-b200	FR	Q2_FR	1	99	1862	2534	2359	507	634	570	472	590	531	979	1224	1101	16384	config	15750	15877	2048	2048	FALSE	Q2
2645	mistral-nemo-instruct-2407-b200	FR	Q2_FR	2	99	1862	2534	2359	507	634	570	472	590	531	979	1224	1101	16384	config	15750	15877	2048	2048	FALSE	Q2
2646	mistral-nemo-instruct-2407-b200	FR	Q2_FR	3	99	1862	2534	2359	507	634	570	472	590	531	979	1224	1101	16384	config	15750	15877	2048	2048	FALSE	Q2
2647	mistral-nemo-instruct-2407-b200	FR	Q3_FR	1	127	1901	2601	2446	521	651	586	490	612	551	1011	1263	1137	16384	config	15733	15863	2048	2048	FALSE	Q3
2648	mistral-nemo-instruct-2407-b200	FR	Q3_FR	2	127	1901	2601	2446	521	651	586	490	612	551	1011	1263	1137	16384	config	15733	15863	2048	2048	FALSE	Q3
2649	mistral-nemo-instruct-2407-b200	FR	Q3_FR	3	127	1901	2601	2446	521	651	586	490	612	551	1011	1263	1137	16384	config	15733	15863	2048	2048	FALSE	Q3
2650	mistral-nemo-instruct-2407-b200	FR	Q4_FR	1	125	1843	2541	2733	509	636	572	547	684	616	1056	1320	1188	16384	config	15748	15875	2048	2048	FALSE	Q4
2651	mistral-nemo-instruct-2407-b200	FR	Q4_FR	2	125	1843	2541	2733	509	636	572	547	684	616	1056	1320	1188	16384	config	15748	15875	2048	2048	FALSE	Q4
2652	mistral-nemo-instruct-2407-b200	FR	Q4_FR	3	125	1843	2541	2733	509	636	572	547	684	616	1056	1320	1188	16384	config	15748	15875	2048	2048	FALSE	Q4
2653	mistral-nemo-instruct-2407-b200	FR	Q5_FR	1	112	1824	2509	2230	502	628	565	446	558	502	948	1186	1067	16384	config	15756	15882	2048	2048	FALSE	Q5
2654	mistral-nemo-instruct-2407-b200	FR	Q5_FR	2	112	1824	2509	2230	502	628	565	446	558	502	948	1186	1067	16384	config	15756	15882	2048	2048	FALSE	Q5
2655	mistral-nemo-instruct-2407-b200	FR	Q5_FR	3	112	1824	2509	2230	502	628	565	446	558	502	948	1186	1067	16384	config	15756	15882	2048	2048	FALSE	Q5
2656	mistral-nemo-instruct-2407-b200	DE	Q1_DE	1	133	1887	2593	2234	519	649	584	447	559	503	966	1208	1087	16384	config	15735	15865	2048	2048	FALSE	Q1
2657	mistral-nemo-instruct-2407-b200	DE	Q1_DE	2	133	1887	2593	2295	519	649	584	459	574	516	978	1223	1100	16384	config	15735	15865	2048	2048	FALSE	Q1
2658	mistral-nemo-instruct-2407-b200	DE	Q1_DE	3	133	1887	2593	2295	519	649	584	459	574	516	978	1223	1100	16384	config	15735	15865	2048	2048	FALSE	Q1
2659	mistral-nemo-instruct-2407-b200	DE	Q2_DE	1	103	1862	2538	1924	508	635	572	385	481	433	893	1116	1005	16384	config	15749	15876	2048	2048	FALSE	Q2
2660	mistral-nemo-instruct-2407-b200	DE	Q2_DE	2	103	1862	2538	1924	508	635	572	385	481	433	893	1116	1005	16384	config	15749	15876	2048	2048	FALSE	Q2
2661	mistral-nemo-instruct-2407-b200	DE	Q2_DE	3	103	1862	2538	1924	508	635	572	385	481	433	893	1116	1005	16384	config	15749	15876	2048	2048	FALSE	Q2
2662	mistral-nemo-instruct-2407-b200	DE	Q3_DE	1	107	1901	2581	2143	517	646	582	429	536	482	946	1182	1064	16384	config	15738	15867	2048	2048	FALSE	Q3
2663	mistral-nemo-instruct-2407-b200	DE	Q3_DE	2	107	1901	2581	2143	517	646	582	429	536	482	946	1182	1064	16384	config	15738	15867	2048	2048	FALSE	Q3
2664	mistral-nemo-instruct-2407-b200	DE	Q3_DE	3	107	1901	2581	2143	517	646	582	429	536	482	946	1182	1064	16384	config	15738	15867	2048	2048	FALSE	Q3
2665	mistral-nemo-instruct-2407-b200	DE	Q4_DE	1	111	1843	2527	2352	506	632	569	471	588	530	977	1220	1099	16384	config	15752	15878	2048	2048	FALSE	Q4
2666	mistral-nemo-instruct-2407-b200	DE	Q4_DE	2	111	1843	2527	2352	506	632	569	471	588	530	977	1220	1099	16384	config	15752	15878	2048	2048	FALSE	Q4
2667	mistral-nemo-instruct-2407-b200	DE	Q4_DE	3	111	1843	2527	2352	506	632	569	471	588	530	977	1220	1099	16384	config	15752	15878	2048	2048	FALSE	Q4
2668	mistral-nemo-instruct-2407-b200	DE	Q5_DE	1	94	1824	2491	2263	499	623	561	453	566	510	952	1189	1071	16384	config	15761	15885	2048	2048	FALSE	Q5
2669	mistral-nemo-instruct-2407-b200	DE	Q5_DE	2	94	1824	2491	2263	499	623	561	453	566	510	952	1189	1071	16384	config	15761	15885	2048	2048	FALSE	Q5
2670	mistral-nemo-instruct-2407-b200	DE	Q5_DE	3	94	1824	2491	2263	499	623	561	453	566	510	952	1189	1071	16384	config	15761	15885	2048	2048	FALSE	Q5
2671	mistral-nemo-instruct-2407-b200	EL	Q1_EL	1	129	1887	2589	5382	518	648	583	1077	1346	1212	1595	1994	1795	16384	config	15736	15866	2048	2048	FALSE	Q1
2672	mistral-nemo-instruct-2407-b200	EL	Q1_EL	2	129	1887	2589	5382	518	648	583	1077	1346	1212	1595	1994	1795	16384	config	15736	15866	2048	2048	FALSE	Q1
2673	mistral-nemo-instruct-2407-b200	EL	Q1_EL	3	129	1887	2589	5382	518	648	583	1077	1346	1212	1595	1994	1795	16384	config	15736	15866	2048	2048	FALSE	Q1
2674	mistral-nemo-instruct-2407-b200	EL	Q2_EL	1	96	1862	2531	5302	507	633	570	1061	1326	1194	1568	1959	1764	16384	config	15751	15877	2048	2048	FALSE	Q2
2675	mistral-nemo-instruct-2407-b200	EL	Q2_EL	2	96	1862	2531	5302	507	633	570	1061	1326	1194	1568	1959	1764	16384	config	15751	15877	2048	2048	FALSE	Q2
2676	mistral-nemo-instruct-2407-b200	EL	Q2_EL	3	96	1862	2531	5302	507	633	570	1061	1326	1194	1568	1959	1764	16384	config	15751	15877	2048	2048	FALSE	Q2
2677	mistral-nemo-instruct-2407-b200	EL	Q3_EL	1	120	1901	2594	2406	519	649	584	482	602	542	1001	1251	1126	16384	config	15735	15865	2048	2048	FALSE	Q3
2678	mistral-nemo-instruct-2407-b200	EL	Q3_EL	2	120	1901	2594	2170	519	649	584	434	543	488	953	1192	1072	16384	config	15735	15865	2048	2048	FALSE	Q3
2679	mistral-nemo-instruct-2407-b200	EL	Q3_EL	3	120	1901	2594	2170	519	649	584	434	543	488	953	1192	1072	16384	config	15735	15865	2048	2048	FALSE	Q3
2680	mistral-nemo-instruct-2407-b200	EL	Q4_EL	1	115	1843	2531	1977	507	633	570	396	495	446	903	1128	1016	16384	config	15751	15877	2048	2048	FALSE	Q4
2681	mistral-nemo-instruct-2407-b200	EL	Q4_EL	2	115	1843	2531	1977	507	633	570	396	495	446	903	1128	1016	16384	config	15751	15877	2048	2048	FALSE	Q4
2682	mistral-nemo-instruct-2407-b200	EL	Q4_EL	3	115	1843	2531	1977	507	633	570	396	495	446	903	1128	1016	16384	config	15751	15877	2048	2048	FALSE	Q4
2683	mistral-nemo-instruct-2407-b200	EL	Q5_EL	1	126	1824	2523	2326	505	631	568	466	582	524	971	1213	1092	16384	config	15753	15879	2048	2048	FALSE	Q5
2684	mistral-nemo-instruct-2407-b200	EL	Q5_EL	2	126	1824	2523	2326	505	631	568	466	582	524	971	1213	1092	16384	config	15753	15879	2048	2048	FALSE	Q5
2685	mistral-nemo-instruct-2407-b200	EL	Q5_EL	3	126	1824	2523	2326	505	631	568	466	582	524	971	1213	1092	16384	config	15753	15879	2048	2048	FALSE	Q5
2686	mistral-nemo-instruct-2407-b200	HU	Q1_HU	1	122	1887	2582	2318	517	646	582	464	580	522	981	1226	1104	16384	config	15738	15867	2048	2048	FALSE	Q1
2687	mistral-nemo-instruct-2407-b200	HU	Q1_HU	2	122	1887	2582	2318	517	646	582	464	580	522	981	1226	1104	16384	config	15738	15867	2048	2048	FALSE	Q1
2688	mistral-nemo-instruct-2407-b200	HU	Q1_HU	3	122	1887	2582	2318	517	646	582	464	580	522	981	1226	1104	16384	config	15738	15867	2048	2048	FALSE	Q1
2689	mistral-nemo-instruct-2407-b200	HU	Q2_HU	1	98	1862	2533	2380	507	634	570	476	595	536	983	1229	1106	16384	config	15750	15877	2048	2048	FALSE	Q2
2690	mistral-nemo-instruct-2407-b200	HU	Q2_HU	2	98	1862	2533	2380	507	634	570	476	595	536	983	1229	1106	16384	config	15750	15877	2048	2048	FALSE	Q2
2691	mistral-nemo-instruct-2407-b200	HU	Q2_HU	3	98	1862	2533	2380	507	634	570	476	595	536	983	1229	1106	16384	config	15750	15877	2048	2048	FALSE	Q2
2692	mistral-nemo-instruct-2407-b200	HU	Q3_HU	1	107	1901	2581	1590	517	646	582	318	398	358	835	1044	940	16384	config	15738	15867	2048	2048	FALSE	Q3
2693	mistral-nemo-instruct-2407-b200	HU	Q3_HU	2	107	1901	2581	1590	517	646	582	318	398	358	835	1044	940	16384	config	15738	15867	2048	2048	FALSE	Q3
2694	mistral-nemo-instruct-2407-b200	HU	Q3_HU	3	107	1901	2581	1590	517	646	582	318	398	358	835	1044	940	16384	config	15738	15867	2048	2048	FALSE	Q3
2695	mistral-nemo-instruct-2407-b200	HU	Q4_HU	1	126	1843	2542	2287	509	636	572	458	572	515	967	1208	1087	16384	config	15748	15875	2048	2048	FALSE	Q4
2696	mistral-nemo-instruct-2407-b200	HU	Q4_HU	2	126	1843	2542	2287	509	636	572	458	572	515	967	1208	1087	16384	config	15748	15875	2048	2048	FALSE	Q4
2697	mistral-nemo-instruct-2407-b200	HU	Q4_HU	3	126	1843	2542	2287	509	636	572	458	572	515	967	1208	1087	16384	config	15748	15875	2048	2048	FALSE	Q4
2698	mistral-nemo-instruct-2407-b200	HU	Q5_HU	1	107	1824	2504	2088	501	626	564	418	522	470	919	1148	1034	16384	config	15758	15883	2048	2048	FALSE	Q5
2699	mistral-nemo-instruct-2407-b200	HU	Q5_HU	2	107	1824	2504	2088	501	626	564	418	522	470	919	1148	1034	16384	config	15758	15883	2048	2048	FALSE	Q5
2700	mistral-nemo-instruct-2407-b200	HU	Q5_HU	3	107	1824	2504	2088	501	626	564	418	522	470	919	1148	1034	16384	config	15758	15883	2048	2048	FALSE	Q5
2701	mistral-nemo-instruct-2407-b200	GA	Q1_GA	1	135	1887	2595	2389	519	649	584	478	598	538	997	1247	1122	16384	config	15735	15865	2048	2048	FALSE	Q1
2702	mistral-nemo-instruct-2407-b200	GA	Q1_GA	2	135	1887	2595	2164	519	649	584	433	541	487	952	1190	1071	16384	config	15735	15865	2048	2048	FALSE	Q1
2703	mistral-nemo-instruct-2407-b200	GA	Q1_GA	3	135	1887	2595	2164	519	649	584	433	541	487	952	1190	1071	16384	config	15735	15865	2048	2048	FALSE	Q1
2704	mistral-nemo-instruct-2407-b200	GA	Q2_GA	1	99	1862	2534	786	507	634	570	158	197	178	665	831	748	16384	config	15750	15877	2048	2048	FALSE	Q2
2705	mistral-nemo-instruct-2407-b200	GA	Q2_GA	2	99	1862	2534	786	507	634	570	158	197	178	665	831	748	16384	config	15750	15877	2048	2048	FALSE	Q2
2706	mistral-nemo-instruct-2407-b200	GA	Q2_GA	3	99	1862	2534	786	507	634	570	158	197	178	665	831	748	16384	config	15750	15877	2048	2048	FALSE	Q2
2707	mistral-nemo-instruct-2407-b200	GA	Q3_GA	1	101	1901	2575	5110	515	644	580	1022	1278	1150	1537	1922	1730	16384	config	15740	15869	2048	2048	FALSE	Q3
2708	mistral-nemo-instruct-2407-b200	GA	Q3_GA	2	101	1901	2575	5110	515	644	580	1022	1278	1150	1537	1922	1730	16384	config	15740	15869	2048	2048	FALSE	Q3
2709	mistral-nemo-instruct-2407-b200	GA	Q3_GA	3	101	1901	2575	5110	515	644	580	1022	1278	1150	1537	1922	1730	16384	config	15740	15869	2048	2048	FALSE	Q3
2710	mistral-nemo-instruct-2407-b200	GA	Q4_GA	1	98	1843	2514	2097	503	629	566	420	525	472	923	1154	1038	16384	config	15755	15881	2048	2048	FALSE	Q4
2711	mistral-nemo-instruct-2407-b200	GA	Q4_GA	2	98	1843	2514	2097	503	629	566	420	525	472	923	1154	1038	16384	config	15755	15881	2048	2048	FALSE	Q4
2712	mistral-nemo-instruct-2407-b200	GA	Q4_GA	3	98	1843	2514	2097	503	629	566	420	525	472	923	1154	1038	16384	config	15755	15881	2048	2048	FALSE	Q4
2713	mistral-nemo-instruct-2407-b200	GA	Q5_GA	1	129	1824	2526	4633	506	632	569	927	1159	1043	1433	1791	1612	16384	config	15752	15878	2048	2048	FALSE	Q5
2714	mistral-nemo-instruct-2407-b200	GA	Q5_GA	2	129	1824	2526	4633	506	632	569	927	1159	1043	1433	1791	1612	16384	config	15752	15878	2048	2048	FALSE	Q5
2715	mistral-nemo-instruct-2407-b200	GA	Q5_GA	3	129	1824	2526	4633	506	632	569	927	1159	1043	1433	1791	1612	16384	config	15752	15878	2048	2048	FALSE	Q5
2716	mistral-nemo-instruct-2407-b200	IT	Q1_IT	1	126	1887	2586	2155	518	647	582	431	539	485	949	1186	1067	16384	config	15737	15866	2048	2048	FALSE	Q1
2717	mistral-nemo-instruct-2407-b200	IT	Q1_IT	2	126	1887	2586	2155	518	647	582	431	539	485	949	1186	1067	16384	config	15737	15866	2048	2048	FALSE	Q1
2718	mistral-nemo-instruct-2407-b200	IT	Q1_IT	3	126	1887	2586	2155	518	647	582	431	539	485	949	1186	1067	16384	config	15737	15866	2048	2048	FALSE	Q1
2719	mistral-nemo-instruct-2407-b200	IT	Q2_IT	1	94	1862	2529	2315	506	633	570	463	579	521	969	1212	1091	16384	config	15751	15878	2048	2048	FALSE	Q2
2720	mistral-nemo-instruct-2407-b200	IT	Q2_IT	2	94	1862	2529	2315	506	633	570	463	579	521	969	1212	1091	16384	config	15751	15878	2048	2048	FALSE	Q2
2721	mistral-nemo-instruct-2407-b200	IT	Q2_IT	3	94	1862	2529	2315	506	633	570	463	579	521	969	1212	1091	16384	config	15751	15878	2048	2048	FALSE	Q2
2722	mistral-nemo-instruct-2407-b200	IT	Q3_IT	1	107	1901	2581	2604	517	646	582	521	651	586	1038	1297	1168	16384	config	15738	15867	2048	2048	FALSE	Q3
2723	mistral-nemo-instruct-2407-b200	IT	Q3_IT	2	107	1901	2581	2604	517	646	582	521	651	586	1038	1297	1168	16384	config	15738	15867	2048	2048	FALSE	Q3
2724	mistral-nemo-instruct-2407-b200	IT	Q3_IT	3	107	1901	2581	2604	517	646	582	521	651	586	1038	1297	1168	16384	config	15738	15867	2048	2048	FALSE	Q3
2725	mistral-nemo-instruct-2407-b200	IT	Q4_IT	1	122	1843	2538	3346	508	635	572	670	837	754	1178	1472	1326	16384	config	15749	15876	2048	2048	FALSE	Q4
2726	mistral-nemo-instruct-2407-b200	IT	Q4_IT	2	122	1843	2538	3346	508	635	572	670	837	754	1178	1472	1326	16384	config	15749	15876	2048	2048	FALSE	Q4
2727	mistral-nemo-instruct-2407-b200	IT	Q4_IT	3	122	1843	2538	3346	508	635	572	670	837	754	1178	1472	1326	16384	config	15749	15876	2048	2048	FALSE	Q4
2728	mistral-nemo-instruct-2407-b200	IT	Q5_IT	1	103	1824	2500	1969	500	625	562	394	493	444	894	1118	1006	16384	config	15759	15884	2048	2048	FALSE	Q5
2729	mistral-nemo-instruct-2407-b200	IT	Q5_IT	2	103	1824	2500	1969	500	625	562	394	493	444	894	1118	1006	16384	config	15759	15884	2048	2048	FALSE	Q5
2730	mistral-nemo-instruct-2407-b200	IT	Q5_IT	3	103	1824	2500	1969	500	625	562	394	493	444	894	1118	1006	16384	config	15759	15884	2048	2048	FALSE	Q5
2731	mistral-nemo-instruct-2407-b200	LV	Q1_LV	1	116	1887	2576	1828	516	644	580	366	457	412	882	1101	992	16384	config	15740	15868	2048	2048	FALSE	Q1
2732	mistral-nemo-instruct-2407-b200	LV	Q1_LV	2	116	1887	2576	1828	516	644	580	366	457	412	882	1101	992	16384	config	15740	15868	2048	2048	FALSE	Q1
2733	mistral-nemo-instruct-2407-b200	LV	Q1_LV	3	116	1887	2576	1828	516	644	580	366	457	412	882	1101	992	16384	config	15740	15868	2048	2048	FALSE	Q1
2734	mistral-nemo-instruct-2407-b200	LV	Q2_LV	1	92	1862	2527	1945	506	632	569	389	487	438	895	1119	1007	16384	config	15752	15878	2048	2048	FALSE	Q2
2735	mistral-nemo-instruct-2407-b200	LV	Q2_LV	2	92	1862	2527	1945	506	632	569	389	487	438	895	1119	1007	16384	config	15752	15878	2048	2048	FALSE	Q2
2736	mistral-nemo-instruct-2407-b200	LV	Q2_LV	3	92	1862	2527	1945	506	632	569	389	487	438	895	1119	1007	16384	config	15752	15878	2048	2048	FALSE	Q2
2737	mistral-nemo-instruct-2407-b200	LV	Q3_LV	1	96	1901	2570	2274	514	643	578	455	569	512	969	1212	1090	16384	config	15741	15870	2048	2048	FALSE	Q3
2738	mistral-nemo-instruct-2407-b200	LV	Q3_LV	2	96	1901	2570	2274	514	643	578	455	569	512	969	1212	1090	16384	config	15741	15870	2048	2048	FALSE	Q3
2739	mistral-nemo-instruct-2407-b200	LV	Q3_LV	3	96	1901	2570	2274	514	643	578	455	569	512	969	1212	1090	16384	config	15741	15870	2048	2048	FALSE	Q3
2740	mistral-nemo-instruct-2407-b200	LV	Q4_LV	1	106	1843	2522	2863	505	631	568	573	716	644	1078	1347	1212	16384	config	15753	15879	2048	2048	FALSE	Q4
2741	mistral-nemo-instruct-2407-b200	LV	Q4_LV	2	106	1843	2522	2863	505	631	568	573	716	644	1078	1347	1212	16384	config	15753	15879	2048	2048	FALSE	Q4
2742	mistral-nemo-instruct-2407-b200	LV	Q4_LV	3	106	1843	2522	2863	505	631	568	573	716	644	1078	1347	1212	16384	config	15753	15879	2048	2048	FALSE	Q4
2743	mistral-nemo-instruct-2407-b200	LV	Q5_LV	1	103	1824	2500	2558	500	625	562	512	640	576	1012	1265	1138	16384	config	15759	15884	2048	2048	FALSE	Q5
2744	mistral-nemo-instruct-2407-b200	LV	Q5_LV	2	103	1824	2500	2558	500	625	562	512	640	576	1012	1265	1138	16384	config	15759	15884	2048	2048	FALSE	Q5
2745	mistral-nemo-instruct-2407-b200	LV	Q5_LV	3	103	1824	2500	2558	500	625	562	512	640	576	1012	1265	1138	16384	config	15759	15884	2048	2048	FALSE	Q5
2746	mistral-nemo-instruct-2407-b200	LT	Q1_LT	1	128	1887	2588	1947	518	647	582	390	487	438	908	1134	1020	16384	config	15737	15866	2048	2048	FALSE	Q1
2747	mistral-nemo-instruct-2407-b200	LT	Q1_LT	2	128	1887	2588	1947	518	647	582	390	487	438	908	1134	1020	16384	config	15737	15866	2048	2048	FALSE	Q1
2748	mistral-nemo-instruct-2407-b200	LT	Q1_LT	3	128	1887	2588	1947	518	647	582	390	487	438	908	1134	1020	16384	config	15737	15866	2048	2048	FALSE	Q1
2749	mistral-nemo-instruct-2407-b200	LT	Q2_LT	1	91	1862	2526	2389	506	632	569	478	598	538	984	1230	1107	16384	config	15752	15878	2048	2048	FALSE	Q2
2750	mistral-nemo-instruct-2407-b200	LT	Q2_LT	2	91	1862	2526	2389	506	632	569	478	598	538	984	1230	1107	16384	config	15752	15878	2048	2048	FALSE	Q2
2751	mistral-nemo-instruct-2407-b200	LT	Q2_LT	3	91	1862	2526	2389	506	632	569	478	598	538	984	1230	1107	16384	config	15752	15878	2048	2048	FALSE	Q2
2752	mistral-nemo-instruct-2407-b200	LT	Q3_LT	1	98	1901	2572	2487	515	643	579	498	622	560	1013	1265	1139	16384	config	15741	15869	2048	2048	FALSE	Q3
2753	mistral-nemo-instruct-2407-b200	LT	Q3_LT	2	98	1901	2572	2487	515	643	579	498	622	560	1013	1265	1139	16384	config	15741	15869	2048	2048	FALSE	Q3
2754	mistral-nemo-instruct-2407-b200	LT	Q3_LT	3	98	1901	2572	2487	515	643	579	498	622	560	1013	1265	1139	16384	config	15741	15869	2048	2048	FALSE	Q3
2755	mistral-nemo-instruct-2407-b200	LT	Q4_LT	1	103	1843	2519	2819	504	630	567	564	705	634	1068	1335	1201	16384	config	15754	15880	2048	2048	FALSE	Q4
2756	mistral-nemo-instruct-2407-b200	LT	Q4_LT	2	103	1843	2519	2819	504	630	567	564	705	634	1068	1335	1201	16384	config	15754	15880	2048	2048	FALSE	Q4
2757	mistral-nemo-instruct-2407-b200	LT	Q4_LT	3	103	1843	2519	2819	504	630	567	564	705	634	1068	1335	1201	16384	config	15754	15880	2048	2048	FALSE	Q4
2758	mistral-nemo-instruct-2407-b200	LT	Q5_LT	1	103	1824	2500	2158	500	625	562	432	540	486	932	1165	1048	16384	config	15759	15884	2048	2048	FALSE	Q5
2759	mistral-nemo-instruct-2407-b200	LT	Q5_LT	2	103	1824	2500	2158	500	625	562	432	540	486	932	1165	1048	16384	config	15759	15884	2048	2048	FALSE	Q5
2760	mistral-nemo-instruct-2407-b200	LT	Q5_LT	3	103	1824	2500	2158	500	625	562	432	540	486	932	1165	1048	16384	config	15759	15884	2048	2048	FALSE	Q5
2761	mistral-nemo-instruct-2407-b200	MT	Q1_MT	1	132	1887	2592	2749	519	648	584	550	688	619	1069	1336	1203	16384	config	15736	15865	2048	2048	FALSE	Q1
2762	mistral-nemo-instruct-2407-b200	MT	Q1_MT	2	132	1887	2592	2749	519	648	584	550	688	619	1069	1336	1203	16384	config	15736	15865	2048	2048	FALSE	Q1
2763	mistral-nemo-instruct-2407-b200	MT	Q1_MT	3	132	1887	2592	2749	519	648	584	550	688	619	1069	1336	1203	16384	config	15736	15865	2048	2048	FALSE	Q1
2764	mistral-nemo-instruct-2407-b200	MT	Q2_MT	1	88	1862	2523	2739	505	631	568	548	685	616	1053	1316	1184	16384	config	15753	15879	2048	2048	FALSE	Q2
2765	mistral-nemo-instruct-2407-b200	MT	Q2_MT	2	88	1862	2523	2739	505	631	568	548	685	616	1053	1316	1184	16384	config	15753	15879	2048	2048	FALSE	Q2
2766	mistral-nemo-instruct-2407-b200	MT	Q2_MT	3	88	1862	2523	2739	505	631	568	548	685	616	1053	1316	1184	16384	config	15753	15879	2048	2048	FALSE	Q2
2767	mistral-nemo-instruct-2407-b200	MT	Q3_MT	1	109	1901	2583	3295	517	646	582	659	824	742	1176	1470	1324	16384	config	15738	15867	2048	2048	FALSE	Q3
2768	mistral-nemo-instruct-2407-b200	MT	Q3_MT	2	109	1901	2583	3295	517	646	582	659	824	742	1176	1470	1324	16384	config	15738	15867	2048	2048	FALSE	Q3
2769	mistral-nemo-instruct-2407-b200	MT	Q3_MT	3	109	1901	2583	3295	517	646	582	659	824	742	1176	1470	1324	16384	config	15738	15867	2048	2048	FALSE	Q3
2770	mistral-nemo-instruct-2407-b200	MT	Q4_MT	1	112	1843	2528	2680	506	632	569	536	670	603	1042	1302	1172	16384	config	15752	15878	2048	2048	FALSE	Q4
2771	mistral-nemo-instruct-2407-b200	MT	Q4_MT	2	112	1843	2528	2680	506	632	569	536	670	603	1042	1302	1172	16384	config	15752	15878	2048	2048	FALSE	Q4
2772	mistral-nemo-instruct-2407-b200	MT	Q4_MT	3	112	1843	2528	2680	506	632	569	536	670	603	1042	1302	1172	16384	config	15752	15878	2048	2048	FALSE	Q4
2773	mistral-nemo-instruct-2407-b200	MT	Q5_MT	1	121	1824	2518	2521	504	630	567	505	631	568	1009	1261	1135	16384	config	15754	15880	2048	2048	FALSE	Q5
2774	mistral-nemo-instruct-2407-b200	MT	Q5_MT	2	121	1824	2518	2521	504	630	567	505	631	568	1009	1261	1135	16384	config	15754	15880	2048	2048	FALSE	Q5
2775	mistral-nemo-instruct-2407-b200	MT	Q5_MT	3	121	1824	2518	2521	504	630	567	505	631	568	1009	1261	1135	16384	config	15754	15880	2048	2048	FALSE	Q5
2776	mistral-nemo-instruct-2407-b200	PL	Q1_PL	1	119	1887	2579	2448	516	645	580	490	612	551	1006	1257	1131	16384	config	15739	15868	2048	2048	FALSE	Q1
2777	mistral-nemo-instruct-2407-b200	PL	Q1_PL	2	119	1887	2579	2563	516	645	580	513	641	577	1029	1286	1157	16384	config	15739	15868	2048	2048	FALSE	Q1
2778	mistral-nemo-instruct-2407-b200	PL	Q1_PL	3	119	1887	2579	2563	516	645	580	513	641	577	1029	1286	1157	16384	config	15739	15868	2048	2048	FALSE	Q1
2779	mistral-nemo-instruct-2407-b200	PL	Q2_PL	1	79	1862	2514	2153	503	629	566	431	539	485	934	1168	1051	16384	config	15755	15881	2048	2048	FALSE	Q2
2780	mistral-nemo-instruct-2407-b200	PL	Q2_PL	2	79	1862	2514	2153	503	629	566	431	539	485	934	1168	1051	16384	config	15755	15881	2048	2048	FALSE	Q2
2781	mistral-nemo-instruct-2407-b200	PL	Q2_PL	3	79	1862	2514	2153	503	629	566	431	539	485	934	1168	1051	16384	config	15755	15881	2048	2048	FALSE	Q2
2782	mistral-nemo-instruct-2407-b200	PL	Q3_PL	1	119	1901	2593	1972	519	649	584	395	493	444	914	1142	1028	16384	config	15735	15865	2048	2048	FALSE	Q3
2783	mistral-nemo-instruct-2407-b200	PL	Q3_PL	2	119	1901	2593	1972	519	649	584	395	493	444	914	1142	1028	16384	config	15735	15865	2048	2048	FALSE	Q3
2784	mistral-nemo-instruct-2407-b200	PL	Q3_PL	3	119	1901	2593	1972	519	649	584	395	493	444	914	1142	1028	16384	config	15735	15865	2048	2048	FALSE	Q3
2785	mistral-nemo-instruct-2407-b200	PL	Q4_PL	1	101	1843	2517	2763	504	630	567	553	691	622	1057	1321	1189	16384	config	15754	15880	2048	2048	FALSE	Q4
2786	mistral-nemo-instruct-2407-b200	PL	Q4_PL	2	101	1843	2517	2763	504	630	567	553	691	622	1057	1321	1189	16384	config	15754	15880	2048	2048	FALSE	Q4
2787	mistral-nemo-instruct-2407-b200	PL	Q4_PL	3	101	1843	2517	2763	504	630	567	553	691	622	1057	1321	1189	16384	config	15754	15880	2048	2048	FALSE	Q4
2788	mistral-nemo-instruct-2407-b200	PL	Q5_PL	1	121	1824	2518	2196	504	630	567	440	549	494	944	1179	1061	16384	config	15754	15880	2048	2048	FALSE	Q5
2789	mistral-nemo-instruct-2407-b200	PL	Q5_PL	2	121	1824	2518	2196	504	630	567	440	549	494	944	1179	1061	16384	config	15754	15880	2048	2048	FALSE	Q5
2790	mistral-nemo-instruct-2407-b200	PL	Q5_PL	3	121	1824	2518	2196	504	630	567	440	549	494	944	1179	1061	16384	config	15754	15880	2048	2048	FALSE	Q5
2791	mistral-nemo-instruct-2407-b200	PT	Q1_PT	1	147	1887	2607	2685	522	652	587	537	672	604	1059	1324	1191	16384	config	15732	15862	2048	2048	FALSE	Q1
2792	mistral-nemo-instruct-2407-b200	PT	Q1_PT	2	147	1887	2607	2685	522	652	587	537	672	604	1059	1324	1191	16384	config	15732	15862	2048	2048	FALSE	Q1
2793	mistral-nemo-instruct-2407-b200	PT	Q1_PT	3	147	1887	2607	2685	522	652	587	537	672	604	1059	1324	1191	16384	config	15732	15862	2048	2048	FALSE	Q1
2794	mistral-nemo-instruct-2407-b200	PT	Q2_PT	1	84	1862	2519	2154	504	630	567	431	539	485	935	1169	1052	16384	config	15754	15880	2048	2048	FALSE	Q2
2795	mistral-nemo-instruct-2407-b200	PT	Q2_PT	2	84	1862	2519	2154	504	630	567	431	539	485	935	1169	1052	16384	config	15754	15880	2048	2048	FALSE	Q2
2796	mistral-nemo-instruct-2407-b200	PT	Q2_PT	3	84	1862	2519	2154	504	630	567	431	539	485	935	1169	1052	16384	config	15754	15880	2048	2048	FALSE	Q2
2797	mistral-nemo-instruct-2407-b200	PT	Q3_PT	1	107	1901	2581	2548	517	646	582	510	637	574	1027	1283	1156	16384	config	15738	15867	2048	2048	FALSE	Q3
2798	mistral-nemo-instruct-2407-b200	PT	Q3_PT	2	107	1901	2581	2548	517	646	582	510	637	574	1027	1283	1156	16384	config	15738	15867	2048	2048	FALSE	Q3
2799	mistral-nemo-instruct-2407-b200	PT	Q3_PT	3	107	1901	2581	2548	517	646	582	510	637	574	1027	1283	1156	16384	config	15738	15867	2048	2048	FALSE	Q3
2800	mistral-nemo-instruct-2407-b200	PT	Q4_PT	1	132	1843	2548	2112	510	637	574	423	528	476	933	1165	1050	16384	config	15747	15874	2048	2048	FALSE	Q4
2801	mistral-nemo-instruct-2407-b200	PT	Q4_PT	2	132	1843	2548	2112	510	637	574	423	528	476	933	1165	1050	16384	config	15747	15874	2048	2048	FALSE	Q4
2802	mistral-nemo-instruct-2407-b200	PT	Q4_PT	3	132	1843	2548	2112	510	637	574	423	528	476	933	1165	1050	16384	config	15747	15874	2048	2048	FALSE	Q4
2803	mistral-nemo-instruct-2407-b200	PT	Q5_PT	1	106	1824	2503	2233	501	626	564	447	559	503	948	1185	1067	16384	config	15758	15883	2048	2048	FALSE	Q5
2804	mistral-nemo-instruct-2407-b200	PT	Q5_PT	2	106	1824	2503	2233	501	626	564	447	559	503	948	1185	1067	16384	config	15758	15883	2048	2048	FALSE	Q5
2805	mistral-nemo-instruct-2407-b200	PT	Q5_PT	3	106	1824	2503	2233	501	626	564	447	559	503	948	1185	1067	16384	config	15758	15883	2048	2048	FALSE	Q5
2806	mistral-nemo-instruct-2407-b200	RO	Q1_RO	1	136	1887	2596	1818	520	649	584	364	455	410	884	1104	994	16384	config	15735	15864	2048	2048	FALSE	Q1
2807	mistral-nemo-instruct-2407-b200	RO	Q1_RO	2	136	1887	2596	1818	520	649	584	364	455	410	884	1104	994	16384	config	15735	15864	2048	2048	FALSE	Q1
2808	mistral-nemo-instruct-2407-b200	RO	Q1_RO	3	136	1887	2596	1818	520	649	584	364	455	410	884	1104	994	16384	config	15735	15864	2048	2048	FALSE	Q1
2809	mistral-nemo-instruct-2407-b200	RO	Q2_RO	1	85	1862	2520	1852	504	630	567	371	463	417	875	1093	984	16384	config	15754	15880	2048	2048	FALSE	Q2
2810	mistral-nemo-instruct-2407-b200	RO	Q2_RO	2	85	1862	2520	1852	504	630	567	371	463	417	875	1093	984	16384	config	15754	15880	2048	2048	FALSE	Q2
2811	mistral-nemo-instruct-2407-b200	RO	Q2_RO	3	85	1862	2520	1852	504	630	567	371	463	417	875	1093	984	16384	config	15754	15880	2048	2048	FALSE	Q2
2812	mistral-nemo-instruct-2407-b200	RO	Q3_RO	1	115	1901	2589	2750	518	648	583	550	688	619	1068	1336	1202	16384	config	15736	15866	2048	2048	FALSE	Q3
2813	mistral-nemo-instruct-2407-b200	RO	Q3_RO	2	115	1901	2589	2750	518	648	583	550	688	619	1068	1336	1202	16384	config	15736	15866	2048	2048	FALSE	Q3
2814	mistral-nemo-instruct-2407-b200	RO	Q3_RO	3	115	1901	2589	2750	518	648	583	550	688	619	1068	1336	1202	16384	config	15736	15866	2048	2048	FALSE	Q3
2815	mistral-nemo-instruct-2407-b200	RO	Q4_RO	1	111	1843	2527	1661	506	632	569	333	416	374	839	1048	943	16384	config	15752	15878	2048	2048	FALSE	Q4
2816	mistral-nemo-instruct-2407-b200	RO	Q4_RO	2	111	1843	2527	1661	506	632	569	333	416	374	839	1048	943	16384	config	15752	15878	2048	2048	FALSE	Q4
2817	mistral-nemo-instruct-2407-b200	RO	Q4_RO	3	111	1843	2527	1661	506	632	569	333	416	374	839	1048	943	16384	config	15752	15878	2048	2048	FALSE	Q4
2818	mistral-nemo-instruct-2407-b200	RO	Q5_RO	1	111	1824	2508	2230	502	627	564	446	558	502	948	1185	1066	16384	config	15757	15882	2048	2048	FALSE	Q5
2819	mistral-nemo-instruct-2407-b200	RO	Q5_RO	2	111	1824	2508	2230	502	627	564	446	558	502	948	1185	1066	16384	config	15757	15882	2048	2048	FALSE	Q5
2820	mistral-nemo-instruct-2407-b200	RO	Q5_RO	3	111	1824	2508	2230	502	627	564	446	558	502	948	1185	1066	16384	config	15757	15882	2048	2048	FALSE	Q5
2821	mistral-nemo-instruct-2407-b200	SK	Q1_SK	1	110	1887	2570	1918	514	643	578	384	480	432	898	1123	1010	16384	config	15741	15870	2048	2048	FALSE	Q1
2822	mistral-nemo-instruct-2407-b200	SK	Q1_SK	2	110	1887	2570	1888	514	643	578	378	472	425	892	1115	1003	16384	config	15741	15870	2048	2048	FALSE	Q1
2823	mistral-nemo-instruct-2407-b200	SK	Q1_SK	3	110	1887	2570	1888	514	643	578	378	472	425	892	1115	1003	16384	config	15741	15870	2048	2048	FALSE	Q1
2824	mistral-nemo-instruct-2407-b200	SK	Q2_SK	1	93	1862	2528	2186	506	632	569	438	547	492	944	1179	1061	16384	config	15752	15878	2048	2048	FALSE	Q2
2825	mistral-nemo-instruct-2407-b200	SK	Q2_SK	2	93	1862	2528	2186	506	632	569	438	547	492	944	1179	1061	16384	config	15752	15878	2048	2048	FALSE	Q2
2826	mistral-nemo-instruct-2407-b200	SK	Q2_SK	3	93	1862	2528	2186	506	632	569	438	547	492	944	1179	1061	16384	config	15752	15878	2048	2048	FALSE	Q2
2827	mistral-nemo-instruct-2407-b200	SK	Q3_SK	1	97	1901	2571	2306	515	643	579	462	577	520	977	1220	1099	16384	config	15741	15869	2048	2048	FALSE	Q3
2828	mistral-nemo-instruct-2407-b200	SK	Q3_SK	2	97	1901	2571	2306	515	643	579	462	577	520	977	1220	1099	16384	config	15741	15869	2048	2048	FALSE	Q3
2829	mistral-nemo-instruct-2407-b200	SK	Q3_SK	3	97	1901	2571	2306	515	643	579	462	577	520	977	1220	1099	16384	config	15741	15869	2048	2048	FALSE	Q3
2830	mistral-nemo-instruct-2407-b200	SK	Q4_SK	1	118	1843	2534	2753	507	634	570	551	689	620	1058	1323	1190	16384	config	15750	15877	2048	2048	FALSE	Q4
2831	mistral-nemo-instruct-2407-b200	SK	Q4_SK	2	118	1843	2534	2753	507	634	570	551	689	620	1058	1323	1190	16384	config	15750	15877	2048	2048	FALSE	Q4
2832	mistral-nemo-instruct-2407-b200	SK	Q4_SK	3	118	1843	2534	2753	507	634	570	551	689	620	1058	1323	1190	16384	config	15750	15877	2048	2048	FALSE	Q4
2833	mistral-nemo-instruct-2407-b200	SK	Q5_SK	1	113	1824	2510	2533	502	628	565	507	634	570	1009	1262	1135	16384	config	15756	15882	2048	2048	FALSE	Q5
2834	mistral-nemo-instruct-2407-b200	SK	Q5_SK	2	113	1824	2510	2533	502	628	565	507	634	570	1009	1262	1135	16384	config	15756	15882	2048	2048	FALSE	Q5
2835	mistral-nemo-instruct-2407-b200	SK	Q5_SK	3	113	1824	2510	2533	502	628	565	507	634	570	1009	1262	1135	16384	config	15756	15882	2048	2048	FALSE	Q5
2836	mistral-nemo-instruct-2407-b200	SL	Q1_SL	1	108	1887	2568	1958	514	642	578	392	490	441	906	1132	1019	16384	config	15742	15870	2048	2048	FALSE	Q1
2837	mistral-nemo-instruct-2407-b200	SL	Q1_SL	2	108	1887	2568	1958	514	642	578	392	490	441	906	1132	1019	16384	config	15742	15870	2048	2048	FALSE	Q1
2838	mistral-nemo-instruct-2407-b200	SL	Q1_SL	3	108	1887	2568	1958	514	642	578	392	490	441	906	1132	1019	16384	config	15742	15870	2048	2048	FALSE	Q1
2839	mistral-nemo-instruct-2407-b200	SL	Q2_SL	1	86	1862	2521	2275	505	631	568	455	569	512	960	1200	1080	16384	config	15753	15879	2048	2048	FALSE	Q2
2840	mistral-nemo-instruct-2407-b200	SL	Q2_SL	2	86	1862	2521	2275	505	631	568	455	569	512	960	1200	1080	16384	config	15753	15879	2048	2048	FALSE	Q2
2841	mistral-nemo-instruct-2407-b200	SL	Q2_SL	3	86	1862	2521	2275	505	631	568	455	569	512	960	1200	1080	16384	config	15753	15879	2048	2048	FALSE	Q2
2842	mistral-nemo-instruct-2407-b200	SL	Q3_SL	1	105	1901	2579	2108	516	645	580	422	527	474	938	1172	1054	16384	config	15739	15868	2048	2048	FALSE	Q3
2843	mistral-nemo-instruct-2407-b200	SL	Q3_SL	2	105	1901	2579	2108	516	645	580	422	527	474	938	1172	1054	16384	config	15739	15868	2048	2048	FALSE	Q3
2844	mistral-nemo-instruct-2407-b200	SL	Q3_SL	3	105	1901	2579	2108	516	645	580	422	527	474	938	1172	1054	16384	config	15739	15868	2048	2048	FALSE	Q3
2845	mistral-nemo-instruct-2407-b200	SL	Q4_SL	1	94	1843	2510	2427	502	628	565	486	607	546	988	1235	1111	16384	config	15756	15882	2048	2048	FALSE	Q4
2846	mistral-nemo-instruct-2407-b200	SL	Q4_SL	2	94	1843	2510	2427	502	628	565	486	607	546	988	1235	1111	16384	config	15756	15882	2048	2048	FALSE	Q4
2847	mistral-nemo-instruct-2407-b200	SL	Q4_SL	3	94	1843	2510	2427	502	628	565	486	607	546	988	1235	1111	16384	config	15756	15882	2048	2048	FALSE	Q4
2848	mistral-nemo-instruct-2407-b200	SL	Q5_SL	1	107	1824	2504	2684	501	626	564	537	671	604	1038	1297	1168	16384	config	15758	15883	2048	2048	FALSE	Q5
2849	mistral-nemo-instruct-2407-b200	SL	Q5_SL	2	107	1824	2504	2684	501	626	564	537	671	604	1038	1297	1168	16384	config	15758	15883	2048	2048	FALSE	Q5
2850	mistral-nemo-instruct-2407-b200	SL	Q5_SL	3	107	1824	2504	2684	501	626	564	537	671	604	1038	1297	1168	16384	config	15758	15883	2048	2048	FALSE	Q5
2851	mistral-nemo-instruct-2407-b200	ES	Q1_ES	1	138	1887	2598	2059	520	650	585	412	515	464	932	1165	1049	16384	config	15734	15864	2048	2048	FALSE	Q1
2852	mistral-nemo-instruct-2407-b200	ES	Q1_ES	2	138	1887	2598	2059	520	650	585	412	515	464	932	1165	1049	16384	config	15734	15864	2048	2048	FALSE	Q1
2853	mistral-nemo-instruct-2407-b200	ES	Q1_ES	3	138	1887	2598	2059	520	650	585	412	515	464	932	1165	1049	16384	config	15734	15864	2048	2048	FALSE	Q1
2854	mistral-nemo-instruct-2407-b200	ES	Q2_ES	1	93	1862	2528	2818	506	632	569	564	705	634	1070	1337	1203	16384	config	15752	15878	2048	2048	FALSE	Q2
2855	mistral-nemo-instruct-2407-b200	ES	Q2_ES	2	93	1862	2528	2818	506	632	569	564	705	634	1070	1337	1203	16384	config	15752	15878	2048	2048	FALSE	Q2
2856	mistral-nemo-instruct-2407-b200	ES	Q2_ES	3	93	1862	2528	2818	506	632	569	564	705	634	1070	1337	1203	16384	config	15752	15878	2048	2048	FALSE	Q2
2857	mistral-nemo-instruct-2407-b200	ES	Q3_ES	1	103	1901	2577	2579	516	645	580	516	645	580	1032	1290	1160	16384	config	15739	15868	2048	2048	FALSE	Q3
2858	mistral-nemo-instruct-2407-b200	ES	Q3_ES	2	103	1901	2577	2579	516	645	580	516	645	580	1032	1290	1160	16384	config	15739	15868	2048	2048	FALSE	Q3
2859	mistral-nemo-instruct-2407-b200	ES	Q3_ES	3	103	1901	2577	2579	516	645	580	516	645	580	1032	1290	1160	16384	config	15739	15868	2048	2048	FALSE	Q3
2860	mistral-nemo-instruct-2407-b200	ES	Q4_ES	1	134	1843	2550	2175	510	638	574	435	544	490	945	1182	1064	16384	config	15746	15874	2048	2048	FALSE	Q4
2861	mistral-nemo-instruct-2407-b200	ES	Q4_ES	2	134	1843	2550	2175	510	638	574	435	544	490	945	1182	1064	16384	config	15746	15874	2048	2048	FALSE	Q4
2862	mistral-nemo-instruct-2407-b200	ES	Q4_ES	3	134	1843	2550	2175	510	638	574	435	544	490	945	1182	1064	16384	config	15746	15874	2048	2048	FALSE	Q4
2863	mistral-nemo-instruct-2407-b200	ES	Q5_ES	1	110	1824	2507	2784	502	627	564	557	696	626	1059	1323	1190	16384	config	15757	15882	2048	2048	FALSE	Q5
2864	mistral-nemo-instruct-2407-b200	ES	Q5_ES	2	110	1824	2507	2784	502	627	564	557	696	626	1059	1323	1190	16384	config	15757	15882	2048	2048	FALSE	Q5
2865	mistral-nemo-instruct-2407-b200	ES	Q5_ES	3	110	1824	2507	2784	502	627	564	557	696	626	1059	1323	1190	16384	config	15757	15882	2048	2048	FALSE	Q5
2866	mistral-nemo-instruct-2407-b200	SV	Q1_SV	1	137	1887	2597	2303	520	650	585	461	576	518	981	1226	1103	16384	config	15734	15864	2048	2048	FALSE	Q1
2867	mistral-nemo-instruct-2407-b200	SV	Q1_SV	2	137	1887	2597	2777	520	650	585	556	695	626	1076	1345	1211	16384	config	15734	15864	2048	2048	FALSE	Q1
2868	mistral-nemo-instruct-2407-b200	SV	Q1_SV	3	137	1887	2597	2777	520	650	585	556	695	626	1076	1345	1211	16384	config	15734	15864	2048	2048	FALSE	Q1
2869	mistral-nemo-instruct-2407-b200	SV	Q2_SV	1	82	1862	2517	3134	504	630	567	627	784	706	1131	1414	1273	16384	config	15754	15880	2048	2048	FALSE	Q2
2870	mistral-nemo-instruct-2407-b200	SV	Q2_SV	2	82	1862	2517	3134	504	630	567	627	784	706	1131	1414	1273	16384	config	15754	15880	2048	2048	FALSE	Q2
2871	mistral-nemo-instruct-2407-b200	SV	Q2_SV	3	82	1862	2517	3134	504	630	567	627	784	706	1131	1414	1273	16384	config	15754	15880	2048	2048	FALSE	Q2
2872	mistral-nemo-instruct-2407-b200	SV	Q3_SV	1	98	1901	2572	3099	515	643	579	620	775	698	1135	1418	1277	16384	config	15741	15869	2048	2048	FALSE	Q3
2873	mistral-nemo-instruct-2407-b200	SV	Q3_SV	2	98	1901	2572	3099	515	643	579	620	775	698	1135	1418	1277	16384	config	15741	15869	2048	2048	FALSE	Q3
2874	mistral-nemo-instruct-2407-b200	SV	Q3_SV	3	98	1901	2572	3099	515	643	579	620	775	698	1135	1418	1277	16384	config	15741	15869	2048	2048	FALSE	Q3
2875	mistral-nemo-instruct-2407-b200	SV	Q4_SV	1	103	1843	2519	1556	504	630	567	312	389	350	816	1019	917	16384	config	15754	15880	2048	2048	FALSE	Q4
2876	mistral-nemo-instruct-2407-b200	SV	Q4_SV	2	103	1843	2519	1556	504	630	567	312	389	350	816	1019	917	16384	config	15754	15880	2048	2048	FALSE	Q4
2877	mistral-nemo-instruct-2407-b200	SV	Q4_SV	3	103	1843	2519	1556	504	630	567	312	389	350	816	1019	917	16384	config	15754	15880	2048	2048	FALSE	Q4
2878	mistral-nemo-instruct-2407-b200	SV	Q5_SV	1	109	1824	2506	940	502	627	564	188	235	212	690	862	776	16384	config	15757	15882	2048	2048	FALSE	Q5
2879	mistral-nemo-instruct-2407-b200	SV	Q5_SV	2	109	1824	2506	940	502	627	564	188	235	212	690	862	776	16384	config	15757	15882	2048	2048	FALSE	Q5
2880	mistral-nemo-instruct-2407-b200	SV	Q5_SV	3	109	1824	2506	940	502	627	564	188	235	212	690	862	776	16384	config	15757	15882	2048	2048	FALSE	Q5
2881	devstral-small-2-24b-instruct-2512-b200	BG	Q1_BG	1	124	1887	2584	2675	517	646	582	535	669	602	1052	1315	1184	16384	config	15738	15867	2048	2048	FALSE	Q1
2882	devstral-small-2-24b-instruct-2512-b200	BG	Q1_BG	2	124	1887	2584	2537	517	646	582	508	635	572	1025	1281	1154	16384	config	15738	15867	2048	2048	FALSE	Q1
2883	devstral-small-2-24b-instruct-2512-b200	BG	Q1_BG	3	124	1887	2584	2537	517	646	582	508	635	572	1025	1281	1154	16384	config	15738	15867	2048	2048	FALSE	Q1
2884	devstral-small-2-24b-instruct-2512-b200	BG	Q2_BG	1	99	1862	2534	2357	507	634	570	472	590	531	979	1224	1101	16384	config	15750	15877	2048	2048	FALSE	Q2
2885	devstral-small-2-24b-instruct-2512-b200	BG	Q2_BG	2	99	1862	2534	5332	507	634	570	1067	1333	1200	1574	1967	1770	16384	config	15750	15877	2048	2048	FALSE	Q2
2886	devstral-small-2-24b-instruct-2512-b200	BG	Q2_BG	3	99	1862	2534	5332	507	634	570	1067	1333	1200	1574	1967	1770	16384	config	15750	15877	2048	2048	FALSE	Q2
2887	devstral-small-2-24b-instruct-2512-b200	BG	Q3_BG	1	109	1901	2583	2138	517	646	582	428	535	482	945	1181	1064	16384	config	15738	15867	2048	2048	FALSE	Q3
2888	devstral-small-2-24b-instruct-2512-b200	BG	Q3_BG	2	109	1901	2583	1991	517	646	582	399	498	448	916	1144	1030	16384	config	15738	15867	2048	2048	FALSE	Q3
2889	devstral-small-2-24b-instruct-2512-b200	BG	Q3_BG	3	109	1901	2583	1991	517	646	582	399	498	448	916	1144	1030	16384	config	15738	15867	2048	2048	FALSE	Q3
2890	devstral-small-2-24b-instruct-2512-b200	BG	Q4_BG	1	106	1843	2522	2104	505	631	568	421	526	474	926	1157	1042	16384	config	15753	15879	2048	2048	FALSE	Q4
2891	devstral-small-2-24b-instruct-2512-b200	BG	Q4_BG	2	106	1843	2522	1726	505	631	568	346	432	389	851	1063	957	16384	config	15753	15879	2048	2048	FALSE	Q4
2892	devstral-small-2-24b-instruct-2512-b200	BG	Q4_BG	3	106	1843	2522	1726	505	631	568	346	432	389	851	1063	957	16384	config	15753	15879	2048	2048	FALSE	Q4
2893	devstral-small-2-24b-instruct-2512-b200	BG	Q5_BG	1	113	1824	2510	1798	502	628	565	360	450	405	862	1078	970	16384	config	15756	15882	2048	2048	FALSE	Q5
2894	devstral-small-2-24b-instruct-2512-b200	BG	Q5_BG	2	113	1824	2510	2163	502	628	565	433	541	487	935	1169	1052	16384	config	15756	15882	2048	2048	FALSE	Q5
2895	devstral-small-2-24b-instruct-2512-b200	BG	Q5_BG	3	113	1824	2510	2163	502	628	565	433	541	487	935	1169	1052	16384	config	15756	15882	2048	2048	FALSE	Q5
2896	devstral-small-2-24b-instruct-2512-b200	HR	Q1_HR	1	114	1887	2574	1972	515	644	580	395	493	444	910	1137	1024	16384	config	15740	15869	2048	2048	FALSE	Q1
2897	devstral-small-2-24b-instruct-2512-b200	HR	Q1_HR	2	114	1887	2574	2491	515	644	580	499	623	561	1014	1267	1141	16384	config	15740	15869	2048	2048	FALSE	Q1
2898	devstral-small-2-24b-instruct-2512-b200	HR	Q1_HR	3	114	1887	2574	2491	515	644	580	499	623	561	1014	1267	1141	16384	config	15740	15869	2048	2048	FALSE	Q1
2899	devstral-small-2-24b-instruct-2512-b200	HR	Q2_HR	1	104	1862	2539	1847	508	635	572	370	462	416	878	1097	988	16384	config	15749	15876	2048	2048	FALSE	Q2
2900	devstral-small-2-24b-instruct-2512-b200	HR	Q2_HR	2	104	1862	2539	1847	508	635	572	370	462	416	878	1097	988	16384	config	15749	15876	2048	2048	FALSE	Q2
2901	devstral-small-2-24b-instruct-2512-b200	HR	Q2_HR	3	104	1862	2539	1847	508	635	572	370	462	416	878	1097	988	16384	config	15749	15876	2048	2048	FALSE	Q2
2902	devstral-small-2-24b-instruct-2512-b200	HR	Q3_HR	1	90	1901	2564	2021	513	641	577	405	506	456	918	1147	1033	16384	config	15743	15871	2048	2048	FALSE	Q3
2903	devstral-small-2-24b-instruct-2512-b200	HR	Q3_HR	2	90	1901	2564	2021	513	641	577	405	506	456	918	1147	1033	16384	config	15743	15871	2048	2048	FALSE	Q3
2904	devstral-small-2-24b-instruct-2512-b200	HR	Q3_HR	3	90	1901	2564	2021	513	641	577	405	506	456	918	1147	1033	16384	config	15743	15871	2048	2048	FALSE	Q3
2905	devstral-small-2-24b-instruct-2512-b200	HR	Q4_HR	1	105	1843	2521	2256	505	631	568	452	564	508	957	1195	1076	16384	config	15753	15879	2048	2048	FALSE	Q4
2906	devstral-small-2-24b-instruct-2512-b200	HR	Q4_HR	2	105	1843	2521	1697	505	631	568	340	425	382	845	1056	950	16384	config	15753	15879	2048	2048	FALSE	Q4
2907	devstral-small-2-24b-instruct-2512-b200	HR	Q4_HR	3	105	1843	2521	1697	505	631	568	340	425	382	845	1056	950	16384	config	15753	15879	2048	2048	FALSE	Q4
2908	devstral-small-2-24b-instruct-2512-b200	HR	Q5_HR	1	109	1824	2506	2404	502	627	564	481	601	541	983	1228	1105	16384	config	15757	15882	2048	2048	FALSE	Q5
2909	devstral-small-2-24b-instruct-2512-b200	HR	Q5_HR	2	109	1824	2506	2404	502	627	564	481	601	541	983	1228	1105	16384	config	15757	15882	2048	2048	FALSE	Q5
2910	devstral-small-2-24b-instruct-2512-b200	HR	Q5_HR	3	109	1824	2506	2404	502	627	564	481	601	541	983	1228	1105	16384	config	15757	15882	2048	2048	FALSE	Q5
2911	devstral-small-2-24b-instruct-2512-b200	CS	Q1_CS	1	111	1887	2571	1787	515	643	579	358	447	402	873	1090	981	16384	config	15741	15869	2048	2048	FALSE	Q1
2912	devstral-small-2-24b-instruct-2512-b200	CS	Q1_CS	2	111	1887	2571	1787	515	643	579	358	447	402	873	1090	981	16384	config	15741	15869	2048	2048	FALSE	Q1
2913	devstral-small-2-24b-instruct-2512-b200	CS	Q1_CS	3	111	1887	2571	1787	515	643	579	358	447	402	873	1090	981	16384	config	15741	15869	2048	2048	FALSE	Q1
2914	devstral-small-2-24b-instruct-2512-b200	CS	Q2_CS	1	92	1862	2527	1529	506	632	569	306	383	344	812	1015	913	16384	config	15752	15878	2048	2048	FALSE	Q2
2915	devstral-small-2-24b-instruct-2512-b200	CS	Q2_CS	2	92	1862	2527	1529	506	632	569	306	383	344	812	1015	913	16384	config	15752	15878	2048	2048	FALSE	Q2
2916	devstral-small-2-24b-instruct-2512-b200	CS	Q2_CS	3	92	1862	2527	1529	506	632	569	306	383	344	812	1015	913	16384	config	15752	15878	2048	2048	FALSE	Q2
2917	devstral-small-2-24b-instruct-2512-b200	CS	Q3_CS	1	87	1901	2561	1785	513	641	577	357	447	402	870	1088	979	16384	config	15743	15871	2048	2048	FALSE	Q3
2918	devstral-small-2-24b-instruct-2512-b200	CS	Q3_CS	2	87	1901	2561	1785	513	641	577	357	447	402	870	1088	979	16384	config	15743	15871	2048	2048	FALSE	Q3
2919	devstral-small-2-24b-instruct-2512-b200	CS	Q3_CS	3	87	1901	2561	1785	513	641	577	357	447	402	870	1088	979	16384	config	15743	15871	2048	2048	FALSE	Q3
2920	devstral-small-2-24b-instruct-2512-b200	CS	Q4_CS	1	106	1843	2522	2054	505	631	568	411	514	462	916	1145	1030	16384	config	15753	15879	2048	2048	FALSE	Q4
2921	devstral-small-2-24b-instruct-2512-b200	CS	Q4_CS	2	106	1843	2522	1866	505	631	568	374	467	420	879	1098	988	16384	config	15753	15879	2048	2048	FALSE	Q4
2922	devstral-small-2-24b-instruct-2512-b200	CS	Q4_CS	3	106	1843	2522	1866	505	631	568	374	467	420	879	1098	988	16384	config	15753	15879	2048	2048	FALSE	Q4
2923	devstral-small-2-24b-instruct-2512-b200	CS	Q5_CS	1	100	1824	2497	1711	500	625	562	343	428	386	843	1053	948	16384	config	15759	15884	2048	2048	FALSE	Q5
2924	devstral-small-2-24b-instruct-2512-b200	CS	Q5_CS	2	100	1824	2497	1711	500	625	562	343	428	386	843	1053	948	16384	config	15759	15884	2048	2048	FALSE	Q5
2925	devstral-small-2-24b-instruct-2512-b200	CS	Q5_CS	3	100	1824	2497	1711	500	625	562	343	428	386	843	1053	948	16384	config	15759	15884	2048	2048	FALSE	Q5
2926	devstral-small-2-24b-instruct-2512-b200	DA	Q1_DA	1	134	1887	2594	1728	519	649	584	346	432	389	865	1081	973	16384	config	15735	15865	2048	2048	FALSE	Q1
2927	devstral-small-2-24b-instruct-2512-b200	DA	Q1_DA	2	134	1887	2594	1728	519	649	584	346	432	389	865	1081	973	16384	config	15735	15865	2048	2048	FALSE	Q1
2928	devstral-small-2-24b-instruct-2512-b200	DA	Q1_DA	3	134	1887	2594	1728	519	649	584	346	432	389	865	1081	973	16384	config	15735	15865	2048	2048	FALSE	Q1
2929	devstral-small-2-24b-instruct-2512-b200	DA	Q2_DA	1	93	1862	2528	1823	506	632	569	365	456	410	871	1088	979	16384	config	15752	15878	2048	2048	FALSE	Q2
2930	devstral-small-2-24b-instruct-2512-b200	DA	Q2_DA	2	93	1862	2528	1571	506	632	569	315	393	354	821	1025	923	16384	config	15752	15878	2048	2048	FALSE	Q2
2931	devstral-small-2-24b-instruct-2512-b200	DA	Q2_DA	3	93	1862	2528	1571	506	632	569	315	393	354	821	1025	923	16384	config	15752	15878	2048	2048	FALSE	Q2
2932	devstral-small-2-24b-instruct-2512-b200	DA	Q3_DA	1	98	1901	2572	1645	515	643	579	329	412	370	844	1055	949	16384	config	15741	15869	2048	2048	FALSE	Q3
2933	devstral-small-2-24b-instruct-2512-b200	DA	Q3_DA	2	98	1901	2572	1645	515	643	579	329	412	370	844	1055	949	16384	config	15741	15869	2048	2048	FALSE	Q3
2934	devstral-small-2-24b-instruct-2512-b200	DA	Q3_DA	3	98	1901	2572	1645	515	643	579	329	412	370	844	1055	949	16384	config	15741	15869	2048	2048	FALSE	Q3
2935	devstral-small-2-24b-instruct-2512-b200	DA	Q4_DA	1	106	1843	2522	2016	505	631	568	404	504	454	909	1135	1022	16384	config	15753	15879	2048	2048	FALSE	Q4
2936	devstral-small-2-24b-instruct-2512-b200	DA	Q4_DA	2	106	1843	2522	2016	505	631	568	404	504	454	909	1135	1022	16384	config	15753	15879	2048	2048	FALSE	Q4
2937	devstral-small-2-24b-instruct-2512-b200	DA	Q4_DA	3	106	1843	2522	2016	505	631	568	404	504	454	909	1135	1022	16384	config	15753	15879	2048	2048	FALSE	Q4
2938	devstral-small-2-24b-instruct-2512-b200	DA	Q5_DA	1	107	1824	2504	1585	501	626	564	317	397	357	818	1023	921	16384	config	15758	15883	2048	2048	FALSE	Q5
2939	devstral-small-2-24b-instruct-2512-b200	DA	Q5_DA	2	107	1824	2504	2260	501	626	564	452	565	508	953	1191	1072	16384	config	15758	15883	2048	2048	FALSE	Q5
2940	devstral-small-2-24b-instruct-2512-b200	DA	Q5_DA	3	107	1824	2504	2260	501	626	564	452	565	508	953	1191	1072	16384	config	15758	15883	2048	2048	FALSE	Q5
2941	devstral-small-2-24b-instruct-2512-b200	NL	Q1_NL	1	139	1887	2599	2188	520	650	585	438	547	492	958	1197	1077	16384	config	15734	15864	2048	2048	FALSE	Q1
2942	devstral-small-2-24b-instruct-2512-b200	NL	Q1_NL	2	139	1887	2599	2188	520	650	585	438	547	492	958	1197	1077	16384	config	15734	15864	2048	2048	FALSE	Q1
2943	devstral-small-2-24b-instruct-2512-b200	NL	Q1_NL	3	139	1887	2599	2188	520	650	585	438	547	492	958	1197	1077	16384	config	15734	15864	2048	2048	FALSE	Q1
2944	devstral-small-2-24b-instruct-2512-b200	NL	Q2_NL	1	92	1862	2527	2010	506	632	569	402	503	452	908	1135	1021	16384	config	15752	15878	2048	2048	FALSE	Q2
2945	devstral-small-2-24b-instruct-2512-b200	NL	Q2_NL	2	92	1862	2527	1961	506	632	569	393	491	442	899	1123	1011	16384	config	15752	15878	2048	2048	FALSE	Q2
2946	devstral-small-2-24b-instruct-2512-b200	NL	Q2_NL	3	92	1862	2527	1961	506	632	569	393	491	442	899	1123	1011	16384	config	15752	15878	2048	2048	FALSE	Q2
2947	devstral-small-2-24b-instruct-2512-b200	NL	Q3_NL	1	120	1901	2594	1862	519	649	584	373	466	420	892	1115	1004	16384	config	15735	15865	2048	2048	FALSE	Q3
2948	devstral-small-2-24b-instruct-2512-b200	NL	Q3_NL	2	120	1901	2594	2143	519	649	584	429	536	482	948	1185	1066	16384	config	15735	15865	2048	2048	FALSE	Q3
2949	devstral-small-2-24b-instruct-2512-b200	NL	Q3_NL	3	120	1901	2594	2143	519	649	584	429	536	482	948	1185	1066	16384	config	15735	15865	2048	2048	FALSE	Q3
2950	devstral-small-2-24b-instruct-2512-b200	NL	Q4_NL	1	111	1843	2527	2178	506	632	569	436	545	490	942	1177	1059	16384	config	15752	15878	2048	2048	FALSE	Q4
2951	devstral-small-2-24b-instruct-2512-b200	NL	Q4_NL	2	111	1843	2527	2275	506	632	569	455	569	512	961	1201	1081	16384	config	15752	15878	2048	2048	FALSE	Q4
2952	devstral-small-2-24b-instruct-2512-b200	NL	Q4_NL	3	111	1843	2527	2275	506	632	569	455	569	512	961	1201	1081	16384	config	15752	15878	2048	2048	FALSE	Q4
2953	devstral-small-2-24b-instruct-2512-b200	NL	Q5_NL	1	92	1824	2489	1520	498	623	560	304	380	342	802	1003	902	16384	config	15761	15886	2048	2048	FALSE	Q5
2954	devstral-small-2-24b-instruct-2512-b200	NL	Q5_NL	2	92	1824	2489	1520	498	623	560	304	380	342	802	1003	902	16384	config	15761	15886	2048	2048	FALSE	Q5
2955	devstral-small-2-24b-instruct-2512-b200	NL	Q5_NL	3	92	1824	2489	1520	498	623	560	304	380	342	802	1003	902	16384	config	15761	15886	2048	2048	FALSE	Q5
2956	devstral-small-2-24b-instruct-2512-b200	EN	Q1_EN	1	126	1887	2586	2067	518	647	582	414	517	466	932	1164	1048	16384	config	15737	15866	2048	2048	FALSE	Q1
2957	devstral-small-2-24b-instruct-2512-b200	EN	Q1_EN	2	126	1887	2586	2067	518	647	582	414	517	466	932	1164	1048	16384	config	15737	15866	2048	2048	FALSE	Q1
2958	devstral-small-2-24b-instruct-2512-b200	EN	Q1_EN	3	126	1887	2586	2067	518	647	582	414	517	466	932	1164	1048	16384	config	15737	15866	2048	2048	FALSE	Q1
2959	devstral-small-2-24b-instruct-2512-b200	EN	Q2_EN	1	77	1862	2512	1819	503	628	566	364	455	410	867	1083	976	16384	config	15756	15881	2048	2048	FALSE	Q2
2960	devstral-small-2-24b-instruct-2512-b200	EN	Q2_EN	2	77	1862	2512	1819	503	628	566	364	455	410	867	1083	976	16384	config	15756	15881	2048	2048	FALSE	Q2
2961	devstral-small-2-24b-instruct-2512-b200	EN	Q2_EN	3	77	1862	2512	1819	503	628	566	364	455	410	867	1083	976	16384	config	15756	15881	2048	2048	FALSE	Q2
2962	devstral-small-2-24b-instruct-2512-b200	EN	Q3_EN	1	101	1901	2575	2306	515	644	580	462	577	520	977	1221	1100	16384	config	15740	15869	2048	2048	FALSE	Q3
2963	devstral-small-2-24b-instruct-2512-b200	EN	Q3_EN	2	101	1901	2575	2111	515	644	580	423	528	476	938	1172	1056	16384	config	15740	15869	2048	2048	FALSE	Q3
2964	devstral-small-2-24b-instruct-2512-b200	EN	Q3_EN	3	101	1901	2575	2111	515	644	580	423	528	476	938	1172	1056	16384	config	15740	15869	2048	2048	FALSE	Q3
2965	devstral-small-2-24b-instruct-2512-b200	EN	Q4_EN	1	95	1843	2511	2002	503	628	566	401	501	451	904	1129	1017	16384	config	15756	15881	2048	2048	FALSE	Q4
2966	devstral-small-2-24b-instruct-2512-b200	EN	Q4_EN	2	95	1843	2511	2212	503	628	566	443	553	498	946	1181	1064	16384	config	15756	15881	2048	2048	FALSE	Q4
2967	devstral-small-2-24b-instruct-2512-b200	EN	Q4_EN	3	95	1843	2511	2212	503	628	566	443	553	498	946	1181	1064	16384	config	15756	15881	2048	2048	FALSE	Q4
2968	devstral-small-2-24b-instruct-2512-b200	EN	Q5_EN	1	88	1824	2485	2129	497	622	560	426	533	480	923	1155	1040	16384	config	15762	15887	2048	2048	FALSE	Q5
2969	devstral-small-2-24b-instruct-2512-b200	EN	Q5_EN	2	88	1824	2485	2129	497	622	560	426	533	480	923	1155	1040	16384	config	15762	15887	2048	2048	FALSE	Q5
2970	devstral-small-2-24b-instruct-2512-b200	EN	Q5_EN	3	88	1824	2485	2129	497	622	560	426	533	480	923	1155	1040	16384	config	15762	15887	2048	2048	FALSE	Q5
2971	devstral-small-2-24b-instruct-2512-b200	ET	Q1_ET	1	124	1887	2584	1688	517	646	582	338	422	380	855	1068	962	16384	config	15738	15867	2048	2048	FALSE	Q1
2972	devstral-small-2-24b-instruct-2512-b200	ET	Q1_ET	2	124	1887	2584	1688	517	646	582	338	422	380	855	1068	962	16384	config	15738	15867	2048	2048	FALSE	Q1
2973	devstral-small-2-24b-instruct-2512-b200	ET	Q1_ET	3	124	1887	2584	1688	517	646	582	338	422	380	855	1068	962	16384	config	15738	15867	2048	2048	FALSE	Q1
2974	devstral-small-2-24b-instruct-2512-b200	ET	Q2_ET	1	96	1862	2531	1396	507	633	570	280	349	314	787	982	884	16384	config	15751	15877	2048	2048	FALSE	Q2
2975	devstral-small-2-24b-instruct-2512-b200	ET	Q2_ET	2	96	1862	2531	1396	507	633	570	280	349	314	787	982	884	16384	config	15751	15877	2048	2048	FALSE	Q2
2976	devstral-small-2-24b-instruct-2512-b200	ET	Q2_ET	3	96	1862	2531	1396	507	633	570	280	349	314	787	982	884	16384	config	15751	15877	2048	2048	FALSE	Q2
2977	devstral-small-2-24b-instruct-2512-b200	ET	Q3_ET	1	81	1901	2555	2268	511	639	575	454	567	510	965	1206	1085	16384	config	15745	15873	2048	2048	FALSE	Q3
2978	devstral-small-2-24b-instruct-2512-b200	ET	Q3_ET	2	81	1901	2555	2268	511	639	575	454	567	510	965	1206	1085	16384	config	15745	15873	2048	2048	FALSE	Q3
2979	devstral-small-2-24b-instruct-2512-b200	ET	Q3_ET	3	81	1901	2555	2268	511	639	575	454	567	510	965	1206	1085	16384	config	15745	15873	2048	2048	FALSE	Q3
2980	devstral-small-2-24b-instruct-2512-b200	ET	Q4_ET	1	105	1843	2521	1743	505	631	568	349	436	392	854	1067	960	16384	config	15753	15879	2048	2048	FALSE	Q4
2981	devstral-small-2-24b-instruct-2512-b200	ET	Q4_ET	2	105	1843	2521	1651	505	631	568	331	413	372	836	1044	940	16384	config	15753	15879	2048	2048	FALSE	Q4
2982	devstral-small-2-24b-instruct-2512-b200	ET	Q4_ET	3	105	1843	2521	1651	505	631	568	331	413	372	836	1044	940	16384	config	15753	15879	2048	2048	FALSE	Q4
2983	devstral-small-2-24b-instruct-2512-b200	ET	Q5_ET	1	93	1824	2490	1827	498	623	560	366	457	412	864	1080	972	16384	config	15761	15886	2048	2048	FALSE	Q5
2984	devstral-small-2-24b-instruct-2512-b200	ET	Q5_ET	2	93	1824	2490	1827	498	623	560	366	457	412	864	1080	972	16384	config	15761	15886	2048	2048	FALSE	Q5
2985	devstral-small-2-24b-instruct-2512-b200	ET	Q5_ET	3	93	1824	2490	1827	498	623	560	366	457	412	864	1080	972	16384	config	15761	15886	2048	2048	FALSE	Q5
2986	devstral-small-2-24b-instruct-2512-b200	FI	Q1_FI	1	133	1887	2593	1867	519	649	584	374	467	420	893	1116	1004	16384	config	15735	15865	2048	2048	FALSE	Q1
2987	devstral-small-2-24b-instruct-2512-b200	FI	Q1_FI	2	133	1887	2593	1867	519	649	584	374	467	420	893	1116	1004	16384	config	15735	15865	2048	2048	FALSE	Q1
2988	devstral-small-2-24b-instruct-2512-b200	FI	Q1_FI	3	133	1887	2593	1867	519	649	584	374	467	420	893	1116	1004	16384	config	15735	15865	2048	2048	FALSE	Q1
2989	devstral-small-2-24b-instruct-2512-b200	FI	Q2_FI	1	100	1862	2535	2022	507	634	570	405	506	456	912	1140	1026	16384	config	15750	15877	2048	2048	FALSE	Q2
2990	devstral-small-2-24b-instruct-2512-b200	FI	Q2_FI	2	100	1862	2535	2022	507	634	570	405	506	456	912	1140	1026	16384	config	15750	15877	2048	2048	FALSE	Q2
2991	devstral-small-2-24b-instruct-2512-b200	FI	Q2_FI	3	100	1862	2535	2022	507	634	570	405	506	456	912	1140	1026	16384	config	15750	15877	2048	2048	FALSE	Q2
2992	devstral-small-2-24b-instruct-2512-b200	FI	Q3_FI	1	94	1901	2568	2259	514	642	578	452	565	508	966	1207	1086	16384	config	15742	15870	2048	2048	FALSE	Q3
2993	devstral-small-2-24b-instruct-2512-b200	FI	Q3_FI	2	94	1901	2568	2259	514	642	578	452	565	508	966	1207	1086	16384	config	15742	15870	2048	2048	FALSE	Q3
2994	devstral-small-2-24b-instruct-2512-b200	FI	Q3_FI	3	94	1901	2568	2259	514	642	578	452	565	508	966	1207	1086	16384	config	15742	15870	2048	2048	FALSE	Q3
2995	devstral-small-2-24b-instruct-2512-b200	FI	Q4_FI	1	101	1843	2517	1509	504	630	567	302	378	340	806	1008	907	16384	config	15754	15880	2048	2048	FALSE	Q4
2996	devstral-small-2-24b-instruct-2512-b200	FI	Q4_FI	2	101	1843	2517	2576	504	630	567	516	644	580	1020	1274	1147	16384	config	15754	15880	2048	2048	FALSE	Q4
2997	devstral-small-2-24b-instruct-2512-b200	FI	Q4_FI	3	101	1843	2517	2576	504	630	567	516	644	580	1020	1274	1147	16384	config	15754	15880	2048	2048	FALSE	Q4
2998	devstral-small-2-24b-instruct-2512-b200	FI	Q5_FI	1	91	1824	2488	1690	498	622	560	338	423	380	836	1045	940	16384	config	15762	15886	2048	2048	FALSE	Q5
2999	devstral-small-2-24b-instruct-2512-b200	FI	Q5_FI	2	91	1824	2488	1690	498	622	560	338	423	380	836	1045	940	16384	config	15762	15886	2048	2048	FALSE	Q5
3000	devstral-small-2-24b-instruct-2512-b200	FI	Q5_FI	3	91	1824	2488	1690	498	622	560	338	423	380	836	1045	940	16384	config	15762	15886	2048	2048	FALSE	Q5
3001	devstral-small-2-24b-instruct-2512-b200	FR	Q1_FR	1	159	1887	2619	1986	524	655	590	398	497	448	922	1152	1038	16384	config	15729	15860	2048	2048	FALSE	Q1
3002	devstral-small-2-24b-instruct-2512-b200	FR	Q1_FR	2	159	1887	2619	2364	524	655	590	473	591	532	997	1246	1122	16384	config	15729	15860	2048	2048	FALSE	Q1
3003	devstral-small-2-24b-instruct-2512-b200	FR	Q1_FR	3	159	1887	2619	2364	524	655	590	473	591	532	997	1246	1122	16384	config	15729	15860	2048	2048	FALSE	Q1
3004	devstral-small-2-24b-instruct-2512-b200	FR	Q2_FR	1	99	1862	2534	2166	507	634	570	434	542	488	941	1176	1058	16384	config	15750	15877	2048	2048	FALSE	Q2
3005	devstral-small-2-24b-instruct-2512-b200	FR	Q2_FR	2	99	1862	2534	2166	507	634	570	434	542	488	941	1176	1058	16384	config	15750	15877	2048	2048	FALSE	Q2
3006	devstral-small-2-24b-instruct-2512-b200	FR	Q2_FR	3	99	1862	2534	2166	507	634	570	434	542	488	941	1176	1058	16384	config	15750	15877	2048	2048	FALSE	Q2
3007	devstral-small-2-24b-instruct-2512-b200	FR	Q3_FR	1	127	1901	2601	2187	521	651	586	438	547	492	959	1198	1078	16384	config	15733	15863	2048	2048	FALSE	Q3
3008	devstral-small-2-24b-instruct-2512-b200	FR	Q3_FR	2	127	1901	2601	2173	521	651	586	435	544	490	956	1195	1076	16384	config	15733	15863	2048	2048	FALSE	Q3
3009	devstral-small-2-24b-instruct-2512-b200	FR	Q3_FR	3	127	1901	2601	2173	521	651	586	435	544	490	956	1195	1076	16384	config	15733	15863	2048	2048	FALSE	Q3
3010	devstral-small-2-24b-instruct-2512-b200	FR	Q4_FR	1	125	1843	2541	2198	509	636	572	440	550	495	949	1186	1067	16384	config	15748	15875	2048	2048	FALSE	Q4
3011	devstral-small-2-24b-instruct-2512-b200	FR	Q4_FR	2	125	1843	2541	2233	509	636	572	447	559	503	956	1195	1075	16384	config	15748	15875	2048	2048	FALSE	Q4
3012	devstral-small-2-24b-instruct-2512-b200	FR	Q4_FR	3	125	1843	2541	2233	509	636	572	447	559	503	956	1195	1075	16384	config	15748	15875	2048	2048	FALSE	Q4
3013	devstral-small-2-24b-instruct-2512-b200	FR	Q5_FR	1	112	1824	2509	1923	502	628	565	385	481	433	887	1109	998	16384	config	15756	15882	2048	2048	FALSE	Q5
3014	devstral-small-2-24b-instruct-2512-b200	FR	Q5_FR	2	112	1824	2509	2150	502	628	565	430	538	484	932	1166	1049	16384	config	15756	15882	2048	2048	FALSE	Q5
3015	devstral-small-2-24b-instruct-2512-b200	FR	Q5_FR	3	112	1824	2509	2150	502	628	565	430	538	484	932	1166	1049	16384	config	15756	15882	2048	2048	FALSE	Q5
3016	devstral-small-2-24b-instruct-2512-b200	DE	Q1_DE	1	133	1887	2593	2091	519	649	584	419	523	471	938	1172	1055	16384	config	15735	15865	2048	2048	FALSE	Q1
3017	devstral-small-2-24b-instruct-2512-b200	DE	Q1_DE	2	133	1887	2593	2277	519	649	584	456	570	513	975	1219	1097	16384	config	15735	15865	2048	2048	FALSE	Q1
3018	devstral-small-2-24b-instruct-2512-b200	DE	Q1_DE	3	133	1887	2593	2277	519	649	584	456	570	513	975	1219	1097	16384	config	15735	15865	2048	2048	FALSE	Q1
3019	devstral-small-2-24b-instruct-2512-b200	DE	Q2_DE	1	103	1862	2538	1991	508	635	572	399	498	448	907	1133	1020	16384	config	15749	15876	2048	2048	FALSE	Q2
3020	devstral-small-2-24b-instruct-2512-b200	DE	Q2_DE	2	103	1862	2538	2298	508	635	572	460	575	518	968	1210	1090	16384	config	15749	15876	2048	2048	FALSE	Q2
3021	devstral-small-2-24b-instruct-2512-b200	DE	Q2_DE	3	103	1862	2538	2298	508	635	572	460	575	518	968	1210	1090	16384	config	15749	15876	2048	2048	FALSE	Q2
3022	devstral-small-2-24b-instruct-2512-b200	DE	Q3_DE	1	107	1901	2581	2370	517	646	582	474	593	534	991	1239	1116	16384	config	15738	15867	2048	2048	FALSE	Q3
3023	devstral-small-2-24b-instruct-2512-b200	DE	Q3_DE	2	107	1901	2581	2189	517	646	582	438	548	493	955	1194	1075	16384	config	15738	15867	2048	2048	FALSE	Q3
3024	devstral-small-2-24b-instruct-2512-b200	DE	Q3_DE	3	107	1901	2581	2189	517	646	582	438	548	493	955	1194	1075	16384	config	15738	15867	2048	2048	FALSE	Q3
3025	devstral-small-2-24b-instruct-2512-b200	DE	Q4_DE	1	111	1843	2527	2466	506	632	569	494	617	556	1000	1249	1125	16384	config	15752	15878	2048	2048	FALSE	Q4
3026	devstral-small-2-24b-instruct-2512-b200	DE	Q4_DE	2	111	1843	2527	2353	506	632	569	471	589	530	977	1221	1099	16384	config	15752	15878	2048	2048	FALSE	Q4
3027	devstral-small-2-24b-instruct-2512-b200	DE	Q4_DE	3	111	1843	2527	2353	506	632	569	471	589	530	977	1221	1099	16384	config	15752	15878	2048	2048	FALSE	Q4
3028	devstral-small-2-24b-instruct-2512-b200	DE	Q5_DE	1	94	1824	2491	2633	499	623	561	527	659	593	1026	1282	1154	16384	config	15761	15885	2048	2048	FALSE	Q5
3029	devstral-small-2-24b-instruct-2512-b200	DE	Q5_DE	2	94	1824	2491	2558	499	623	561	512	640	576	1011	1263	1137	16384	config	15761	15885	2048	2048	FALSE	Q5
3030	devstral-small-2-24b-instruct-2512-b200	DE	Q5_DE	3	94	1824	2491	2558	499	623	561	512	640	576	1011	1263	1137	16384	config	15761	15885	2048	2048	FALSE	Q5
3031	devstral-small-2-24b-instruct-2512-b200	EL	Q1_EL	1	129	1887	2589	2103	518	648	583	421	526	474	939	1174	1057	16384	config	15736	15866	2048	2048	FALSE	Q1
3032	devstral-small-2-24b-instruct-2512-b200	EL	Q1_EL	2	129	1887	2589	2103	518	648	583	421	526	474	939	1174	1057	16384	config	15736	15866	2048	2048	FALSE	Q1
3033	devstral-small-2-24b-instruct-2512-b200	EL	Q1_EL	3	129	1887	2589	2103	518	648	583	421	526	474	939	1174	1057	16384	config	15736	15866	2048	2048	FALSE	Q1
3034	devstral-small-2-24b-instruct-2512-b200	EL	Q2_EL	1	96	1862	2531	2016	507	633	570	404	504	454	911	1137	1024	16384	config	15751	15877	2048	2048	FALSE	Q2
3035	devstral-small-2-24b-instruct-2512-b200	EL	Q2_EL	2	96	1862	2531	2342	507	633	570	469	586	528	976	1219	1098	16384	config	15751	15877	2048	2048	FALSE	Q2
3036	devstral-small-2-24b-instruct-2512-b200	EL	Q2_EL	3	96	1862	2531	2342	507	633	570	469	586	528	976	1219	1098	16384	config	15751	15877	2048	2048	FALSE	Q2
3037	devstral-small-2-24b-instruct-2512-b200	EL	Q3_EL	1	120	1901	2594	2096	519	649	584	420	524	472	939	1173	1056	16384	config	15735	15865	2048	2048	FALSE	Q3
3038	devstral-small-2-24b-instruct-2512-b200	EL	Q3_EL	2	120	1901	2594	2096	519	649	584	420	524	472	939	1173	1056	16384	config	15735	15865	2048	2048	FALSE	Q3
3039	devstral-small-2-24b-instruct-2512-b200	EL	Q3_EL	3	120	1901	2594	2096	519	649	584	420	524	472	939	1173	1056	16384	config	15735	15865	2048	2048	FALSE	Q3
3040	devstral-small-2-24b-instruct-2512-b200	EL	Q4_EL	1	115	1843	2531	1682	507	633	570	337	421	379	844	1054	949	16384	config	15751	15877	2048	2048	FALSE	Q4
3041	devstral-small-2-24b-instruct-2512-b200	EL	Q4_EL	2	115	1843	2531	1682	507	633	570	337	421	379	844	1054	949	16384	config	15751	15877	2048	2048	FALSE	Q4
3042	devstral-small-2-24b-instruct-2512-b200	EL	Q4_EL	3	115	1843	2531	1682	507	633	570	337	421	379	844	1054	949	16384	config	15751	15877	2048	2048	FALSE	Q4
3043	devstral-small-2-24b-instruct-2512-b200	EL	Q5_EL	1	126	1824	2523	2146	505	631	568	430	537	484	935	1168	1052	16384	config	15753	15879	2048	2048	FALSE	Q5
3044	devstral-small-2-24b-instruct-2512-b200	EL	Q5_EL	2	126	1824	2523	2312	505	631	568	463	578	520	968	1209	1088	16384	config	15753	15879	2048	2048	FALSE	Q5
3045	devstral-small-2-24b-instruct-2512-b200	EL	Q5_EL	3	126	1824	2523	2312	505	631	568	463	578	520	968	1209	1088	16384	config	15753	15879	2048	2048	FALSE	Q5
3046	devstral-small-2-24b-instruct-2512-b200	HU	Q1_HU	1	122	1887	2582	2759	517	646	582	552	690	621	1069	1336	1203	16384	config	15738	15867	2048	2048	FALSE	Q1
3047	devstral-small-2-24b-instruct-2512-b200	HU	Q1_HU	2	122	1887	2582	2179	517	646	582	436	545	490	953	1191	1072	16384	config	15738	15867	2048	2048	FALSE	Q1
3048	devstral-small-2-24b-instruct-2512-b200	HU	Q1_HU	3	122	1887	2582	2179	517	646	582	436	545	490	953	1191	1072	16384	config	15738	15867	2048	2048	FALSE	Q1
3049	devstral-small-2-24b-instruct-2512-b200	HU	Q2_HU	1	98	1862	2533	1641	507	634	570	329	411	370	836	1045	940	16384	config	15750	15877	2048	2048	FALSE	Q2
3050	devstral-small-2-24b-instruct-2512-b200	HU	Q2_HU	2	98	1862	2533	1484	507	634	570	297	371	334	804	1005	904	16384	config	15750	15877	2048	2048	FALSE	Q2
3051	devstral-small-2-24b-instruct-2512-b200	HU	Q2_HU	3	98	1862	2533	1484	507	634	570	297	371	334	804	1005	904	16384	config	15750	15877	2048	2048	FALSE	Q2
3052	devstral-small-2-24b-instruct-2512-b200	HU	Q3_HU	1	107	1901	2581	2476	517	646	582	496	619	558	1013	1265	1140	16384	config	15738	15867	2048	2048	FALSE	Q3
3053	devstral-small-2-24b-instruct-2512-b200	HU	Q3_HU	2	107	1901	2581	2332	517	646	582	467	583	525	984	1229	1107	16384	config	15738	15867	2048	2048	FALSE	Q3
3054	devstral-small-2-24b-instruct-2512-b200	HU	Q3_HU	3	107	1901	2581	2332	517	646	582	467	583	525	984	1229	1107	16384	config	15738	15867	2048	2048	FALSE	Q3
3055	devstral-small-2-24b-instruct-2512-b200	HU	Q4_HU	1	126	1843	2542	1942	509	636	572	389	486	438	898	1122	1010	16384	config	15748	15875	2048	2048	FALSE	Q4
3056	devstral-small-2-24b-instruct-2512-b200	HU	Q4_HU	2	126	1843	2542	1879	509	636	572	376	470	423	885	1106	995	16384	config	15748	15875	2048	2048	FALSE	Q4
3057	devstral-small-2-24b-instruct-2512-b200	HU	Q4_HU	3	126	1843	2542	1879	509	636	572	376	470	423	885	1106	995	16384	config	15748	15875	2048	2048	FALSE	Q4
3058	devstral-small-2-24b-instruct-2512-b200	HU	Q5_HU	1	107	1824	2504	1868	501	626	564	374	467	420	875	1093	984	16384	config	15758	15883	2048	2048	FALSE	Q5
3059	devstral-small-2-24b-instruct-2512-b200	HU	Q5_HU	2	107	1824	2504	1986	501	626	564	398	497	448	899	1123	1012	16384	config	15758	15883	2048	2048	FALSE	Q5
3060	devstral-small-2-24b-instruct-2512-b200	HU	Q5_HU	3	107	1824	2504	1986	501	626	564	398	497	448	899	1123	1012	16384	config	15758	15883	2048	2048	FALSE	Q5
3061	devstral-small-2-24b-instruct-2512-b200	GA	Q1_GA	1	135	1887	2595	2099	519	649	584	420	525	472	939	1174	1056	16384	config	15735	15865	2048	2048	FALSE	Q1
3062	devstral-small-2-24b-instruct-2512-b200	GA	Q1_GA	2	135	1887	2595	2223	519	649	584	445	556	500	964	1205	1084	16384	config	15735	15865	2048	2048	FALSE	Q1
3063	devstral-small-2-24b-instruct-2512-b200	GA	Q1_GA	3	135	1887	2595	2223	519	649	584	445	556	500	964	1205	1084	16384	config	15735	15865	2048	2048	FALSE	Q1
3064	devstral-small-2-24b-instruct-2512-b200	GA	Q2_GA	1	99	1862	2534	2252	507	634	570	451	563	507	958	1197	1077	16384	config	15750	15877	2048	2048	FALSE	Q2
3065	devstral-small-2-24b-instruct-2512-b200	GA	Q2_GA	2	99	1862	2534	5182	507	634	570	1037	1296	1166	1544	1930	1736	16384	config	15750	15877	2048	2048	FALSE	Q2
3066	devstral-small-2-24b-instruct-2512-b200	GA	Q2_GA	3	99	1862	2534	5182	507	634	570	1037	1296	1166	1544	1930	1736	16384	config	15750	15877	2048	2048	FALSE	Q2
3067	devstral-small-2-24b-instruct-2512-b200	GA	Q3_GA	1	101	1901	2575	5110	515	644	580	1022	1278	1150	1537	1922	1730	16384	config	15740	15869	2048	2048	FALSE	Q3
3068	devstral-small-2-24b-instruct-2512-b200	GA	Q3_GA	2	101	1901	2575	2736	515	644	580	548	684	616	1063	1328	1196	16384	config	15740	15869	2048	2048	FALSE	Q3
3069	devstral-small-2-24b-instruct-2512-b200	GA	Q3_GA	3	101	1901	2575	2736	515	644	580	548	684	616	1063	1328	1196	16384	config	15740	15869	2048	2048	FALSE	Q3
3070	devstral-small-2-24b-instruct-2512-b200	GA	Q4_GA	1	98	1843	2514	5130	503	629	566	1026	1283	1154	1529	1912	1720	16384	config	15755	15881	2048	2048	FALSE	Q4
3071	devstral-small-2-24b-instruct-2512-b200	GA	Q4_GA	2	98	1843	2514	1587	503	629	566	318	397	358	821	1026	924	16384	config	15755	15881	2048	2048	FALSE	Q4
3072	devstral-small-2-24b-instruct-2512-b200	GA	Q4_GA	3	98	1843	2514	1587	503	629	566	318	397	358	821	1026	924	16384	config	15755	15881	2048	2048	FALSE	Q4
3073	devstral-small-2-24b-instruct-2512-b200	GA	Q5_GA	1	129	1824	2526	5277	506	632	569	1056	1320	1188	1562	1952	1757	16384	config	15752	15878	2048	2048	FALSE	Q5
3074	devstral-small-2-24b-instruct-2512-b200	GA	Q5_GA	2	129	1824	2526	5277	506	632	569	1056	1320	1188	1562	1952	1757	16384	config	15752	15878	2048	2048	FALSE	Q5
3075	devstral-small-2-24b-instruct-2512-b200	GA	Q5_GA	3	129	1824	2526	5277	506	632	569	1056	1320	1188	1562	1952	1757	16384	config	15752	15878	2048	2048	FALSE	Q5
3076	devstral-small-2-24b-instruct-2512-b200	IT	Q1_IT	1	126	1887	2586	1823	518	647	582	365	456	410	883	1103	992	16384	config	15737	15866	2048	2048	FALSE	Q1
3077	devstral-small-2-24b-instruct-2512-b200	IT	Q1_IT	2	126	1887	2586	1805	518	647	582	361	452	406	879	1099	988	16384	config	15737	15866	2048	2048	FALSE	Q1
3078	devstral-small-2-24b-instruct-2512-b200	IT	Q1_IT	3	126	1887	2586	1805	518	647	582	361	452	406	879	1099	988	16384	config	15737	15866	2048	2048	FALSE	Q1
3079	devstral-small-2-24b-instruct-2512-b200	IT	Q2_IT	1	94	1862	2529	2223	506	633	570	445	556	500	951	1189	1070	16384	config	15751	15878	2048	2048	FALSE	Q2
3080	devstral-small-2-24b-instruct-2512-b200	IT	Q2_IT	2	94	1862	2529	2349	506	633	570	470	588	529	976	1221	1099	16384	config	15751	15878	2048	2048	FALSE	Q2
3081	devstral-small-2-24b-instruct-2512-b200	IT	Q2_IT	3	94	1862	2529	2349	506	633	570	470	588	529	976	1221	1099	16384	config	15751	15878	2048	2048	FALSE	Q2
3082	devstral-small-2-24b-instruct-2512-b200	IT	Q3_IT	1	107	1901	2581	2304	517	646	582	461	576	518	978	1222	1100	16384	config	15738	15867	2048	2048	FALSE	Q3
3083	devstral-small-2-24b-instruct-2512-b200	IT	Q3_IT	2	107	1901	2581	2205	517	646	582	441	552	496	958	1198	1078	16384	config	15738	15867	2048	2048	FALSE	Q3
3084	devstral-small-2-24b-instruct-2512-b200	IT	Q3_IT	3	107	1901	2581	2205	517	646	582	441	552	496	958	1198	1078	16384	config	15738	15867	2048	2048	FALSE	Q3
3085	devstral-small-2-24b-instruct-2512-b200	IT	Q4_IT	1	122	1843	2538	2450	508	635	572	490	613	552	998	1248	1124	16384	config	15749	15876	2048	2048	FALSE	Q4
3086	devstral-small-2-24b-instruct-2512-b200	IT	Q4_IT	2	122	1843	2538	2251	508	635	572	451	563	507	959	1198	1079	16384	config	15749	15876	2048	2048	FALSE	Q4
3087	devstral-small-2-24b-instruct-2512-b200	IT	Q4_IT	3	122	1843	2538	2251	508	635	572	451	563	507	959	1198	1079	16384	config	15749	15876	2048	2048	FALSE	Q4
3088	devstral-small-2-24b-instruct-2512-b200	IT	Q5_IT	1	103	1824	2500	2123	500	625	562	425	531	478	925	1156	1040	16384	config	15759	15884	2048	2048	FALSE	Q5
3089	devstral-small-2-24b-instruct-2512-b200	IT	Q5_IT	2	103	1824	2500	1872	500	625	562	375	468	422	875	1093	984	16384	config	15759	15884	2048	2048	FALSE	Q5
3090	devstral-small-2-24b-instruct-2512-b200	IT	Q5_IT	3	103	1824	2500	1872	500	625	562	375	468	422	875	1093	984	16384	config	15759	15884	2048	2048	FALSE	Q5
3091	devstral-small-2-24b-instruct-2512-b200	LV	Q1_LV	1	116	1887	2576	2677	516	644	580	536	670	603	1052	1314	1183	16384	config	15740	15868	2048	2048	FALSE	Q1
3092	devstral-small-2-24b-instruct-2512-b200	LV	Q1_LV	2	116	1887	2576	2716	516	644	580	544	679	612	1060	1323	1192	16384	config	15740	15868	2048	2048	FALSE	Q1
3093	devstral-small-2-24b-instruct-2512-b200	LV	Q1_LV	3	116	1887	2576	2716	516	644	580	544	679	612	1060	1323	1192	16384	config	15740	15868	2048	2048	FALSE	Q1
3094	devstral-small-2-24b-instruct-2512-b200	LV	Q2_LV	1	92	1862	2527	2096	506	632	569	420	524	472	926	1156	1041	16384	config	15752	15878	2048	2048	FALSE	Q2
3095	devstral-small-2-24b-instruct-2512-b200	LV	Q2_LV	2	92	1862	2527	3002	506	632	569	601	751	676	1107	1383	1245	16384	config	15752	15878	2048	2048	FALSE	Q2
3096	devstral-small-2-24b-instruct-2512-b200	LV	Q2_LV	3	92	1862	2527	3002	506	632	569	601	751	676	1107	1383	1245	16384	config	15752	15878	2048	2048	FALSE	Q2
3097	devstral-small-2-24b-instruct-2512-b200	LV	Q3_LV	1	96	1901	2570	2086	514	643	578	418	522	470	932	1165	1048	16384	config	15741	15870	2048	2048	FALSE	Q3
3098	devstral-small-2-24b-instruct-2512-b200	LV	Q3_LV	2	96	1901	2570	2345	514	643	578	469	587	528	983	1230	1106	16384	config	15741	15870	2048	2048	FALSE	Q3
3099	devstral-small-2-24b-instruct-2512-b200	LV	Q3_LV	3	96	1901	2570	2345	514	643	578	469	587	528	983	1230	1106	16384	config	15741	15870	2048	2048	FALSE	Q3
3100	devstral-small-2-24b-instruct-2512-b200	LV	Q4_LV	1	106	1843	2522	1931	505	631	568	387	483	435	892	1114	1003	16384	config	15753	15879	2048	2048	FALSE	Q4
3101	devstral-small-2-24b-instruct-2512-b200	LV	Q4_LV	2	106	1843	2522	1931	505	631	568	387	483	435	892	1114	1003	16384	config	15753	15879	2048	2048	FALSE	Q4
3102	devstral-small-2-24b-instruct-2512-b200	LV	Q4_LV	3	106	1843	2522	1931	505	631	568	387	483	435	892	1114	1003	16384	config	15753	15879	2048	2048	FALSE	Q4
3103	devstral-small-2-24b-instruct-2512-b200	LV	Q5_LV	1	103	1824	2500	2471	500	625	562	495	618	556	995	1243	1118	16384	config	15759	15884	2048	2048	FALSE	Q5
3104	devstral-small-2-24b-instruct-2512-b200	LV	Q5_LV	2	103	1824	2500	1992	500	625	562	399	498	448	899	1123	1010	16384	config	15759	15884	2048	2048	FALSE	Q5
3105	devstral-small-2-24b-instruct-2512-b200	LV	Q5_LV	3	103	1824	2500	1992	500	625	562	399	498	448	899	1123	1010	16384	config	15759	15884	2048	2048	FALSE	Q5
3106	devstral-small-2-24b-instruct-2512-b200	LT	Q1_LT	1	128	1887	2588	2272	518	647	582	455	568	512	973	1215	1094	16384	config	15737	15866	2048	2048	FALSE	Q1
3107	devstral-small-2-24b-instruct-2512-b200	LT	Q1_LT	2	128	1887	2588	2272	518	647	582	455	568	512	973	1215	1094	16384	config	15737	15866	2048	2048	FALSE	Q1
3108	devstral-small-2-24b-instruct-2512-b200	LT	Q1_LT	3	128	1887	2588	2272	518	647	582	455	568	512	973	1215	1094	16384	config	15737	15866	2048	2048	FALSE	Q1
3109	devstral-small-2-24b-instruct-2512-b200	LT	Q2_LT	1	91	1862	2526	1782	506	632	569	357	446	402	863	1078	971	16384	config	15752	15878	2048	2048	FALSE	Q2
3110	devstral-small-2-24b-instruct-2512-b200	LT	Q2_LT	2	91	1862	2526	1782	506	632	569	357	446	402	863	1078	971	16384	config	15752	15878	2048	2048	FALSE	Q2
3111	devstral-small-2-24b-instruct-2512-b200	LT	Q2_LT	3	91	1862	2526	1782	506	632	569	357	446	402	863	1078	971	16384	config	15752	15878	2048	2048	FALSE	Q2
3112	devstral-small-2-24b-instruct-2512-b200	LT	Q3_LT	1	98	1901	2572	2223	515	643	579	445	556	500	960	1199	1079	16384	config	15741	15869	2048	2048	FALSE	Q3
3113	devstral-small-2-24b-instruct-2512-b200	LT	Q3_LT	2	98	1901	2572	2223	515	643	579	445	556	500	960	1199	1079	16384	config	15741	15869	2048	2048	FALSE	Q3
3114	devstral-small-2-24b-instruct-2512-b200	LT	Q3_LT	3	98	1901	2572	2223	515	643	579	445	556	500	960	1199	1079	16384	config	15741	15869	2048	2048	FALSE	Q3
3115	devstral-small-2-24b-instruct-2512-b200	LT	Q4_LT	1	103	1843	2519	1742	504	630	567	349	436	392	853	1066	959	16384	config	15754	15880	2048	2048	FALSE	Q4
3116	devstral-small-2-24b-instruct-2512-b200	LT	Q4_LT	2	103	1843	2519	1895	504	630	567	379	474	426	883	1104	993	16384	config	15754	15880	2048	2048	FALSE	Q4
3117	devstral-small-2-24b-instruct-2512-b200	LT	Q4_LT	3	103	1843	2519	1895	504	630	567	379	474	426	883	1104	993	16384	config	15754	15880	2048	2048	FALSE	Q4
3118	devstral-small-2-24b-instruct-2512-b200	LT	Q5_LT	1	103	1824	2500	2110	500	625	562	422	528	475	922	1153	1037	16384	config	15759	15884	2048	2048	FALSE	Q5
3119	devstral-small-2-24b-instruct-2512-b200	LT	Q5_LT	2	103	1824	2500	1738	500	625	562	348	435	392	848	1060	954	16384	config	15759	15884	2048	2048	FALSE	Q5
3120	devstral-small-2-24b-instruct-2512-b200	LT	Q5_LT	3	103	1824	2500	1738	500	625	562	348	435	392	848	1060	954	16384	config	15759	15884	2048	2048	FALSE	Q5
3121	devstral-small-2-24b-instruct-2512-b200	MT	Q1_MT	1	132	1887	2592	2887	519	648	584	578	722	650	1097	1370	1234	16384	config	15736	15865	2048	2048	FALSE	Q1
3122	devstral-small-2-24b-instruct-2512-b200	MT	Q1_MT	2	132	1887	2592	2887	519	648	584	578	722	650	1097	1370	1234	16384	config	15736	15865	2048	2048	FALSE	Q1
3123	devstral-small-2-24b-instruct-2512-b200	MT	Q1_MT	3	132	1887	2592	2887	519	648	584	578	722	650	1097	1370	1234	16384	config	15736	15865	2048	2048	FALSE	Q1
3124	devstral-small-2-24b-instruct-2512-b200	MT	Q2_MT	1	88	1862	2523	1913	505	631	568	383	479	431	888	1110	999	16384	config	15753	15879	2048	2048	FALSE	Q2
3125	devstral-small-2-24b-instruct-2512-b200	MT	Q2_MT	2	88	1862	2523	4108	505	631	568	822	1027	924	1327	1658	1492	16384	config	15753	15879	2048	2048	FALSE	Q2
3126	devstral-small-2-24b-instruct-2512-b200	MT	Q2_MT	3	88	1862	2523	4108	505	631	568	822	1027	924	1327	1658	1492	16384	config	15753	15879	2048	2048	FALSE	Q2
3127	devstral-small-2-24b-instruct-2512-b200	MT	Q3_MT	1	109	1901	2583	3656	517	646	582	732	914	823	1249	1560	1405	16384	config	15738	15867	2048	2048	FALSE	Q3
3128	devstral-small-2-24b-instruct-2512-b200	MT	Q3_MT	2	109	1901	2583	4058	517	646	582	812	1015	914	1329	1661	1496	16384	config	15738	15867	2048	2048	FALSE	Q3
3129	devstral-small-2-24b-instruct-2512-b200	MT	Q3_MT	3	109	1901	2583	4058	517	646	582	812	1015	914	1329	1661	1496	16384	config	15738	15867	2048	2048	FALSE	Q3
3130	devstral-small-2-24b-instruct-2512-b200	MT	Q4_MT	1	112	1843	2528	2145	506	632	569	429	537	483	935	1169	1052	16384	config	15752	15878	2048	2048	FALSE	Q4
3131	devstral-small-2-24b-instruct-2512-b200	MT	Q4_MT	2	112	1843	2528	2145	506	632	569	429	537	483	935	1169	1052	16384	config	15752	15878	2048	2048	FALSE	Q4
3132	devstral-small-2-24b-instruct-2512-b200	MT	Q4_MT	3	112	1843	2528	2145	506	632	569	429	537	483	935	1169	1052	16384	config	15752	15878	2048	2048	FALSE	Q4
3133	devstral-small-2-24b-instruct-2512-b200	MT	Q5_MT	1	121	1824	2518	2487	504	630	567	498	622	560	1002	1252	1127	16384	config	15754	15880	2048	2048	FALSE	Q5
3134	devstral-small-2-24b-instruct-2512-b200	MT	Q5_MT	2	121	1824	2518	1839	504	630	567	368	460	414	872	1090	981	16384	config	15754	15880	2048	2048	FALSE	Q5
3135	devstral-small-2-24b-instruct-2512-b200	MT	Q5_MT	3	121	1824	2518	1839	504	630	567	368	460	414	872	1090	981	16384	config	15754	15880	2048	2048	FALSE	Q5
3136	devstral-small-2-24b-instruct-2512-b200	PL	Q1_PL	1	119	1887	2579	2596	516	645	580	520	649	584	1036	1294	1164	16384	config	15739	15868	2048	2048	FALSE	Q1
3137	devstral-small-2-24b-instruct-2512-b200	PL	Q1_PL	2	119	1887	2579	2596	516	645	580	520	649	584	1036	1294	1164	16384	config	15739	15868	2048	2048	FALSE	Q1
3138	devstral-small-2-24b-instruct-2512-b200	PL	Q1_PL	3	119	1887	2579	2596	516	645	580	520	649	584	1036	1294	1164	16384	config	15739	15868	2048	2048	FALSE	Q1
3139	devstral-small-2-24b-instruct-2512-b200	PL	Q2_PL	1	79	1862	2514	1711	503	629	566	343	428	386	846	1057	952	16384	config	15755	15881	2048	2048	FALSE	Q2
3140	devstral-small-2-24b-instruct-2512-b200	PL	Q2_PL	2	79	1862	2514	1775	503	629	566	355	444	400	858	1073	966	16384	config	15755	15881	2048	2048	FALSE	Q2
3141	devstral-small-2-24b-instruct-2512-b200	PL	Q2_PL	3	79	1862	2514	1775	503	629	566	355	444	400	858	1073	966	16384	config	15755	15881	2048	2048	FALSE	Q2
3142	devstral-small-2-24b-instruct-2512-b200	PL	Q3_PL	1	119	1901	2593	2008	519	649	584	402	502	452	921	1151	1036	16384	config	15735	15865	2048	2048	FALSE	Q3
3143	devstral-small-2-24b-instruct-2512-b200	PL	Q3_PL	2	119	1901	2593	2008	519	649	584	402	502	452	921	1151	1036	16384	config	15735	15865	2048	2048	FALSE	Q3
3144	devstral-small-2-24b-instruct-2512-b200	PL	Q3_PL	3	119	1901	2593	2008	519	649	584	402	502	452	921	1151	1036	16384	config	15735	15865	2048	2048	FALSE	Q3
3145	devstral-small-2-24b-instruct-2512-b200	PL	Q4_PL	1	101	1843	2517	2668	504	630	567	534	667	600	1038	1297	1167	16384	config	15754	15880	2048	2048	FALSE	Q4
3146	devstral-small-2-24b-instruct-2512-b200	PL	Q4_PL	2	101	1843	2517	2504	504	630	567	501	626	564	1005	1256	1131	16384	config	15754	15880	2048	2048	FALSE	Q4
3147	devstral-small-2-24b-instruct-2512-b200	PL	Q4_PL	3	101	1843	2517	2504	504	630	567	501	626	564	1005	1256	1131	16384	config	15754	15880	2048	2048	FALSE	Q4
3148	devstral-small-2-24b-instruct-2512-b200	PL	Q5_PL	1	121	1824	2518	1881	504	630	567	377	471	424	881	1101	991	16384	config	15754	15880	2048	2048	FALSE	Q5
3149	devstral-small-2-24b-instruct-2512-b200	PL	Q5_PL	2	121	1824	2518	1681	504	630	567	337	421	379	841	1051	946	16384	config	15754	15880	2048	2048	FALSE	Q5
3150	devstral-small-2-24b-instruct-2512-b200	PL	Q5_PL	3	121	1824	2518	1681	504	630	567	337	421	379	841	1051	946	16384	config	15754	15880	2048	2048	FALSE	Q5
3151	devstral-small-2-24b-instruct-2512-b200	PT	Q1_PT	1	147	1887	2607	2012	522	652	587	403	503	453	925	1155	1040	16384	config	15732	15862	2048	2048	FALSE	Q1
3152	devstral-small-2-24b-instruct-2512-b200	PT	Q1_PT	2	147	1887	2607	2006	522	652	587	402	502	452	924	1154	1039	16384	config	15732	15862	2048	2048	FALSE	Q1
3153	devstral-small-2-24b-instruct-2512-b200	PT	Q1_PT	3	147	1887	2607	2006	522	652	587	402	502	452	924	1154	1039	16384	config	15732	15862	2048	2048	FALSE	Q1
3154	devstral-small-2-24b-instruct-2512-b200	PT	Q2_PT	1	84	1862	2519	1623	504	630	567	325	406	366	829	1036	933	16384	config	15754	15880	2048	2048	FALSE	Q2
3155	devstral-small-2-24b-instruct-2512-b200	PT	Q2_PT	2	84	1862	2519	1623	504	630	567	325	406	366	829	1036	933	16384	config	15754	15880	2048	2048	FALSE	Q2
3156	devstral-small-2-24b-instruct-2512-b200	PT	Q2_PT	3	84	1862	2519	1623	504	630	567	325	406	366	829	1036	933	16384	config	15754	15880	2048	2048	FALSE	Q2
3157	devstral-small-2-24b-instruct-2512-b200	PT	Q3_PT	1	107	1901	2581	2339	517	646	582	468	585	526	985	1231	1108	16384	config	15738	15867	2048	2048	FALSE	Q3
3158	devstral-small-2-24b-instruct-2512-b200	PT	Q3_PT	2	107	1901	2581	2423	517	646	582	485	606	546	1002	1252	1128	16384	config	15738	15867	2048	2048	FALSE	Q3
3159	devstral-small-2-24b-instruct-2512-b200	PT	Q3_PT	3	107	1901	2581	2423	517	646	582	485	606	546	1002	1252	1128	16384	config	15738	15867	2048	2048	FALSE	Q3
3160	devstral-small-2-24b-instruct-2512-b200	PT	Q4_PT	1	132	1843	2548	2340	510	637	574	468	585	526	978	1222	1100	16384	config	15747	15874	2048	2048	FALSE	Q4
3161	devstral-small-2-24b-instruct-2512-b200	PT	Q4_PT	2	132	1843	2548	1997	510	637	574	400	500	450	910	1137	1024	16384	config	15747	15874	2048	2048	FALSE	Q4
3162	devstral-small-2-24b-instruct-2512-b200	PT	Q4_PT	3	132	1843	2548	1997	510	637	574	400	500	450	910	1137	1024	16384	config	15747	15874	2048	2048	FALSE	Q4
3163	devstral-small-2-24b-instruct-2512-b200	PT	Q5_PT	1	106	1824	2503	2510	501	626	564	502	628	565	1003	1254	1129	16384	config	15758	15883	2048	2048	FALSE	Q5
3164	devstral-small-2-24b-instruct-2512-b200	PT	Q5_PT	2	106	1824	2503	2082	501	626	564	417	521	469	918	1147	1033	16384	config	15758	15883	2048	2048	FALSE	Q5
3165	devstral-small-2-24b-instruct-2512-b200	PT	Q5_PT	3	106	1824	2503	2082	501	626	564	417	521	469	918	1147	1033	16384	config	15758	15883	2048	2048	FALSE	Q5
3166	devstral-small-2-24b-instruct-2512-b200	RO	Q1_RO	1	136	1887	2596	2670	520	649	584	534	668	601	1054	1317	1185	16384	config	15735	15864	2048	2048	FALSE	Q1
3167	devstral-small-2-24b-instruct-2512-b200	RO	Q1_RO	2	136	1887	2596	2088	520	649	584	418	522	470	938	1171	1054	16384	config	15735	15864	2048	2048	FALSE	Q1
3168	devstral-small-2-24b-instruct-2512-b200	RO	Q1_RO	3	136	1887	2596	2088	520	649	584	418	522	470	938	1171	1054	16384	config	15735	15864	2048	2048	FALSE	Q1
3169	devstral-small-2-24b-instruct-2512-b200	RO	Q2_RO	1	85	1862	2520	1813	504	630	567	363	454	408	867	1084	975	16384	config	15754	15880	2048	2048	FALSE	Q2
3170	devstral-small-2-24b-instruct-2512-b200	RO	Q2_RO	2	85	1862	2520	1809	504	630	567	362	453	408	866	1083	975	16384	config	15754	15880	2048	2048	FALSE	Q2
3171	devstral-small-2-24b-instruct-2512-b200	RO	Q2_RO	3	85	1862	2520	1809	504	630	567	362	453	408	866	1083	975	16384	config	15754	15880	2048	2048	FALSE	Q2
3172	devstral-small-2-24b-instruct-2512-b200	RO	Q3_RO	1	115	1901	2589	2204	518	648	583	441	551	496	959	1199	1079	16384	config	15736	15866	2048	2048	FALSE	Q3
3173	devstral-small-2-24b-instruct-2512-b200	RO	Q3_RO	2	115	1901	2589	2204	518	648	583	441	551	496	959	1199	1079	16384	config	15736	15866	2048	2048	FALSE	Q3
3174	devstral-small-2-24b-instruct-2512-b200	RO	Q3_RO	3	115	1901	2589	2204	518	648	583	441	551	496	959	1199	1079	16384	config	15736	15866	2048	2048	FALSE	Q3
3175	devstral-small-2-24b-instruct-2512-b200	RO	Q4_RO	1	111	1843	2527	2182	506	632	569	437	546	492	943	1178	1061	16384	config	15752	15878	2048	2048	FALSE	Q4
3176	devstral-small-2-24b-instruct-2512-b200	RO	Q4_RO	2	111	1843	2527	2183	506	632	569	437	546	492	943	1178	1061	16384	config	15752	15878	2048	2048	FALSE	Q4
3177	devstral-small-2-24b-instruct-2512-b200	RO	Q4_RO	3	111	1843	2527	2183	506	632	569	437	546	492	943	1178	1061	16384	config	15752	15878	2048	2048	FALSE	Q4
3178	devstral-small-2-24b-instruct-2512-b200	RO	Q5_RO	1	111	1824	2508	2759	502	627	564	552	690	621	1054	1317	1185	16384	config	15757	15882	2048	2048	FALSE	Q5
3179	devstral-small-2-24b-instruct-2512-b200	RO	Q5_RO	2	111	1824	2508	2759	502	627	564	552	690	621	1054	1317	1185	16384	config	15757	15882	2048	2048	FALSE	Q5
3180	devstral-small-2-24b-instruct-2512-b200	RO	Q5_RO	3	111	1824	2508	2759	502	627	564	552	690	621	1054	1317	1185	16384	config	15757	15882	2048	2048	FALSE	Q5
3181	devstral-small-2-24b-instruct-2512-b200	SK	Q1_SK	1	110	1887	2570	1821	514	643	578	365	456	410	879	1099	988	16384	config	15741	15870	2048	2048	FALSE	Q1
3182	devstral-small-2-24b-instruct-2512-b200	SK	Q1_SK	2	110	1887	2570	1821	514	643	578	365	456	410	879	1099	988	16384	config	15741	15870	2048	2048	FALSE	Q1
3183	devstral-small-2-24b-instruct-2512-b200	SK	Q1_SK	3	110	1887	2570	1821	514	643	578	365	456	410	879	1099	988	16384	config	15741	15870	2048	2048	FALSE	Q1
3184	devstral-small-2-24b-instruct-2512-b200	SK	Q2_SK	1	93	1862	2528	2337	506	632	569	468	585	526	974	1217	1095	16384	config	15752	15878	2048	2048	FALSE	Q2
3185	devstral-small-2-24b-instruct-2512-b200	SK	Q2_SK	2	93	1862	2528	2037	506	632	569	408	510	459	914	1142	1028	16384	config	15752	15878	2048	2048	FALSE	Q2
3186	devstral-small-2-24b-instruct-2512-b200	SK	Q2_SK	3	93	1862	2528	2037	506	632	569	408	510	459	914	1142	1028	16384	config	15752	15878	2048	2048	FALSE	Q2
3187	devstral-small-2-24b-instruct-2512-b200	SK	Q3_SK	1	97	1901	2571	2445	515	643	579	489	612	550	1004	1255	1129	16384	config	15741	15869	2048	2048	FALSE	Q3
3188	devstral-small-2-24b-instruct-2512-b200	SK	Q3_SK	2	97	1901	2571	2518	515	643	579	504	630	567	1019	1273	1146	16384	config	15741	15869	2048	2048	FALSE	Q3
3189	devstral-small-2-24b-instruct-2512-b200	SK	Q3_SK	3	97	1901	2571	2518	515	643	579	504	630	567	1019	1273	1146	16384	config	15741	15869	2048	2048	FALSE	Q3
3190	devstral-small-2-24b-instruct-2512-b200	SK	Q4_SK	1	118	1843	2534	1833	507	634	570	367	459	413	874	1093	983	16384	config	15750	15877	2048	2048	FALSE	Q4
3191	devstral-small-2-24b-instruct-2512-b200	SK	Q4_SK	2	118	1843	2534	1739	507	634	570	348	435	392	855	1069	962	16384	config	15750	15877	2048	2048	FALSE	Q4
3192	devstral-small-2-24b-instruct-2512-b200	SK	Q4_SK	3	118	1843	2534	1739	507	634	570	348	435	392	855	1069	962	16384	config	15750	15877	2048	2048	FALSE	Q4
3193	devstral-small-2-24b-instruct-2512-b200	SK	Q5_SK	1	113	1824	2510	2113	502	628	565	423	529	476	925	1157	1041	16384	config	15756	15882	2048	2048	FALSE	Q5
3194	devstral-small-2-24b-instruct-2512-b200	SK	Q5_SK	2	113	1824	2510	2043	502	628	565	409	511	460	911	1139	1025	16384	config	15756	15882	2048	2048	FALSE	Q5
3195	devstral-small-2-24b-instruct-2512-b200	SK	Q5_SK	3	113	1824	2510	2043	502	628	565	409	511	460	911	1139	1025	16384	config	15756	15882	2048	2048	FALSE	Q5
3196	devstral-small-2-24b-instruct-2512-b200	SL	Q1_SL	1	108	1887	2568	2093	514	642	578	419	524	472	933	1166	1050	16384	config	15742	15870	2048	2048	FALSE	Q1
3197	devstral-small-2-24b-instruct-2512-b200	SL	Q1_SL	2	108	1887	2568	1807	514	642	578	362	452	407	876	1094	985	16384	config	15742	15870	2048	2048	FALSE	Q1
3198	devstral-small-2-24b-instruct-2512-b200	SL	Q1_SL	3	108	1887	2568	1807	514	642	578	362	452	407	876	1094	985	16384	config	15742	15870	2048	2048	FALSE	Q1
3199	devstral-small-2-24b-instruct-2512-b200	SL	Q2_SL	1	86	1862	2521	1995	505	631	568	399	499	449	904	1130	1017	16384	config	15753	15879	2048	2048	FALSE	Q2
3200	devstral-small-2-24b-instruct-2512-b200	SL	Q2_SL	2	86	1862	2521	2362	505	631	568	473	591	532	978	1222	1100	16384	config	15753	15879	2048	2048	FALSE	Q2
3201	devstral-small-2-24b-instruct-2512-b200	SL	Q2_SL	3	86	1862	2521	2362	505	631	568	473	591	532	978	1222	1100	16384	config	15753	15879	2048	2048	FALSE	Q2
3202	devstral-small-2-24b-instruct-2512-b200	SL	Q3_SL	1	105	1901	2579	2602	516	645	580	521	651	586	1037	1296	1166	16384	config	15739	15868	2048	2048	FALSE	Q3
3203	devstral-small-2-24b-instruct-2512-b200	SL	Q3_SL	2	105	1901	2579	2357	516	645	580	472	590	531	988	1235	1111	16384	config	15739	15868	2048	2048	FALSE	Q3
3204	devstral-small-2-24b-instruct-2512-b200	SL	Q3_SL	3	105	1901	2579	2357	516	645	580	472	590	531	988	1235	1111	16384	config	15739	15868	2048	2048	FALSE	Q3
3205	devstral-small-2-24b-instruct-2512-b200	SL	Q4_SL	1	94	1843	2510	1968	502	628	565	394	492	443	896	1120	1008	16384	config	15756	15882	2048	2048	FALSE	Q4
3206	devstral-small-2-24b-instruct-2512-b200	SL	Q4_SL	2	94	1843	2510	2027	502	628	565	406	507	456	908	1135	1021	16384	config	15756	15882	2048	2048	FALSE	Q4
3207	devstral-small-2-24b-instruct-2512-b200	SL	Q4_SL	3	94	1843	2510	2027	502	628	565	406	507	456	908	1135	1021	16384	config	15756	15882	2048	2048	FALSE	Q4
3208	devstral-small-2-24b-instruct-2512-b200	SL	Q5_SL	1	107	1824	2504	1462	501	626	564	293	366	330	794	992	894	16384	config	15758	15883	2048	2048	FALSE	Q5
3209	devstral-small-2-24b-instruct-2512-b200	SL	Q5_SL	2	107	1824	2504	1652	501	626	564	331	413	372	832	1039	936	16384	config	15758	15883	2048	2048	FALSE	Q5
3210	devstral-small-2-24b-instruct-2512-b200	SL	Q5_SL	3	107	1824	2504	1652	501	626	564	331	413	372	832	1039	936	16384	config	15758	15883	2048	2048	FALSE	Q5
3211	devstral-small-2-24b-instruct-2512-b200	ES	Q1_ES	1	138	1887	2598	1859	520	650	585	372	465	418	892	1115	1003	16384	config	15734	15864	2048	2048	FALSE	Q1
3212	devstral-small-2-24b-instruct-2512-b200	ES	Q1_ES	2	138	1887	2598	2297	520	650	585	460	575	518	980	1225	1103	16384	config	15734	15864	2048	2048	FALSE	Q1
3213	devstral-small-2-24b-instruct-2512-b200	ES	Q1_ES	3	138	1887	2598	2297	520	650	585	460	575	518	980	1225	1103	16384	config	15734	15864	2048	2048	FALSE	Q1
3214	devstral-small-2-24b-instruct-2512-b200	ES	Q2_ES	1	93	1862	2528	1804	506	632	569	361	451	406	867	1083	975	16384	config	15752	15878	2048	2048	FALSE	Q2
3215	devstral-small-2-24b-instruct-2512-b200	ES	Q2_ES	2	93	1862	2528	1730	506	632	569	346	433	390	852	1065	959	16384	config	15752	15878	2048	2048	FALSE	Q2
3216	devstral-small-2-24b-instruct-2512-b200	ES	Q2_ES	3	93	1862	2528	1730	506	632	569	346	433	390	852	1065	959	16384	config	15752	15878	2048	2048	FALSE	Q2
3217	devstral-small-2-24b-instruct-2512-b200	ES	Q3_ES	1	103	1901	2577	1802	516	645	580	361	451	406	877	1096	986	16384	config	15739	15868	2048	2048	FALSE	Q3
3218	devstral-small-2-24b-instruct-2512-b200	ES	Q3_ES	2	103	1901	2577	1978	516	645	580	396	495	446	912	1140	1026	16384	config	15739	15868	2048	2048	FALSE	Q3
3219	devstral-small-2-24b-instruct-2512-b200	ES	Q3_ES	3	103	1901	2577	1978	516	645	580	396	495	446	912	1140	1026	16384	config	15739	15868	2048	2048	FALSE	Q3
3220	devstral-small-2-24b-instruct-2512-b200	ES	Q4_ES	1	134	1843	2550	2069	510	638	574	414	518	466	924	1156	1040	16384	config	15746	15874	2048	2048	FALSE	Q4
3221	devstral-small-2-24b-instruct-2512-b200	ES	Q4_ES	2	134	1843	2550	1716	510	638	574	344	429	386	854	1067	960	16384	config	15746	15874	2048	2048	FALSE	Q4
3222	devstral-small-2-24b-instruct-2512-b200	ES	Q4_ES	3	134	1843	2550	1716	510	638	574	344	429	386	854	1067	960	16384	config	15746	15874	2048	2048	FALSE	Q4
3223	devstral-small-2-24b-instruct-2512-b200	ES	Q5_ES	1	110	1824	2507	2185	502	627	564	437	547	492	939	1174	1056	16384	config	15757	15882	2048	2048	FALSE	Q5
3224	devstral-small-2-24b-instruct-2512-b200	ES	Q5_ES	2	110	1824	2507	1991	502	627	564	399	498	448	901	1125	1012	16384	config	15757	15882	2048	2048	FALSE	Q5
3225	devstral-small-2-24b-instruct-2512-b200	ES	Q5_ES	3	110	1824	2507	1991	502	627	564	399	498	448	901	1125	1012	16384	config	15757	15882	2048	2048	FALSE	Q5
3226	devstral-small-2-24b-instruct-2512-b200	SV	Q1_SV	1	137	1887	2597	1712	520	650	585	343	428	386	863	1078	971	16384	config	15734	15864	2048	2048	FALSE	Q1
3227	devstral-small-2-24b-instruct-2512-b200	SV	Q1_SV	2	137	1887	2597	1712	520	650	585	343	428	386	863	1078	971	16384	config	15734	15864	2048	2048	FALSE	Q1
3228	devstral-small-2-24b-instruct-2512-b200	SV	Q1_SV	3	137	1887	2597	1712	520	650	585	343	428	386	863	1078	971	16384	config	15734	15864	2048	2048	FALSE	Q1
3229	devstral-small-2-24b-instruct-2512-b200	SV	Q2_SV	1	82	1862	2517	1580	504	630	567	316	395	356	820	1025	923	16384	config	15754	15880	2048	2048	FALSE	Q2
3230	devstral-small-2-24b-instruct-2512-b200	SV	Q2_SV	2	82	1862	2517	1599	504	630	567	320	400	360	824	1030	927	16384	config	15754	15880	2048	2048	FALSE	Q2
3231	devstral-small-2-24b-instruct-2512-b200	SV	Q2_SV	3	82	1862	2517	1599	504	630	567	320	400	360	824	1030	927	16384	config	15754	15880	2048	2048	FALSE	Q2
3232	devstral-small-2-24b-instruct-2512-b200	SV	Q3_SV	1	98	1901	2572	1746	515	643	579	350	437	394	865	1080	973	16384	config	15741	15869	2048	2048	FALSE	Q3
3233	devstral-small-2-24b-instruct-2512-b200	SV	Q3_SV	2	98	1901	2572	1746	515	643	579	350	437	394	865	1080	973	16384	config	15741	15869	2048	2048	FALSE	Q3
3234	devstral-small-2-24b-instruct-2512-b200	SV	Q3_SV	3	98	1901	2572	1746	515	643	579	350	437	394	865	1080	973	16384	config	15741	15869	2048	2048	FALSE	Q3
3235	devstral-small-2-24b-instruct-2512-b200	SV	Q4_SV	1	103	1843	2519	1990	504	630	567	398	498	448	902	1128	1015	16384	config	15754	15880	2048	2048	FALSE	Q4
3236	devstral-small-2-24b-instruct-2512-b200	SV	Q4_SV	2	103	1843	2519	1950	504	630	567	390	488	439	894	1118	1006	16384	config	15754	15880	2048	2048	FALSE	Q4
3237	devstral-small-2-24b-instruct-2512-b200	SV	Q4_SV	3	103	1843	2519	1950	504	630	567	390	488	439	894	1118	1006	16384	config	15754	15880	2048	2048	FALSE	Q4
3238	devstral-small-2-24b-instruct-2512-b200	SV	Q5_SV	1	109	1824	2506	1548	502	627	564	310	387	348	812	1014	912	16384	config	15757	15882	2048	2048	FALSE	Q5
3239	devstral-small-2-24b-instruct-2512-b200	SV	Q5_SV	2	109	1824	2506	1548	502	627	564	310	387	348	812	1014	912	16384	config	15757	15882	2048	2048	FALSE	Q5
3240	devstral-small-2-24b-instruct-2512-b200	SV	Q5_SV	3	109	1824	2506	1548	502	627	564	310	387	348	812	1014	912	16384	config	15757	15882	2048	2048	FALSE	Q5
