timestamp,gpu_index,util_gpu_pct,util_mem_pct,mem_total_mb,mem_used_mb,mem_free_mb,temp_c,power_w,cpu_util_pct,ram_total_mb,ram_used_mb,ram_free_mb
2026/02/28 07:02:38.980,0,0,0,81920,0,81152,33,66.09,0.00,2051942,225122,1826820
2026/02/28 07:02:40.015,0,0,0,81920,0,81152,33,66.41,17.00,2051942,225369,1826572
2026/02/28 07:02:41.046,0,0,0,81920,0,81152,33,66.41,14.66,2051942,225705,1826236
2026/02/28 07:02:42.078,0,0,0,81920,0,81152,33,66.41,15.45,2051942,225545,1826396
2026/02/28 07:02:43.117,0,0,0,81920,0,81152,33,66.41,14.03,2051942,225640,1826301
2026/02/28 07:02:44.148,0,0,0,81920,0,81152,33,66.41,18.59,2051942,225655,1826286
2026/02/28 07:02:45.177,0,0,0,81920,0,81152,33,66.48,15.99,2051942,225365,1826576
2026/02/28 07:02:46.213,0,0,0,81920,0,81152,33,66.41,16.14,2051942,225728,1826213
2026/02/28 07:02:47.242,0,0,0,81920,0,81152,33,66.41,10.74,2051942,225516,1826425
2026/02/28 07:02:48.270,0,0,0,81920,0,81152,33,66.09,14.99,2051942,225902,1826039
2026/02/28 07:02:49.300,0,0,0,81920,0,81152,33,66.09,14.78,2051942,225909,1826032
2026/02/28 07:02:50.333,0,0,0,81920,0,81152,33,66.09,14.75,2051942,225835,1826107
2026/02/28 07:02:51.363,0,0,0,81920,0,81152,33,66.48,15.79,2051942,225960,1825981
2026/02/28 07:02:52.393,0,0,0,81920,0,81152,33,66.16,15.47,2051942,225861,1826081
2026/02/28 07:02:53.421,0,0,0,81920,0,81152,33,66.41,16.16,2051942,225847,1826094
2026/02/28 07:02:54.452,0,0,0,81920,0,81152,33,66.41,14.04,2051942,225936,1826005
2026/02/28 07:02:55.483,0,0,0,81920,0,81152,33,66.41,15.73,2051942,225954,1825987
2026/02/28 07:02:56.517,0,0,0,81920,0,81152,33,66.09,14.69,2051942,225992,1825949
2026/02/28 07:02:57.546,0,0,0,81920,0,81152,33,66.41,16.83,2051942,226174,1825767
2026/02/28 07:02:58.575,0,0,0,81920,0,81152,33,66.09,14.80,2051942,226036,1825905
2026/02/28 07:02:59.611,0,0,0,81920,0,81152,33,66.41,15.56,2051942,225954,1825987
2026/02/28 07:03:00.642,0,0,0,81920,0,81152,33,66.09,19.59,2051942,226032,1825909
2026/02/28 07:03:01.671,0,0,0,81920,0,81152,33,66.09,15.93,2051942,226066,1825875
2026/02/28 07:03:02.701,0,0,0,81920,0,81152,33,66.09,15.80,2051942,226074,1825867
2026/02/28 07:03:03.734,0,0,0,81920,0,81152,33,66.41,16.14,2051942,226063,1825878
2026/02/28 07:03:04.765,0,0,0,81920,0,81152,33,66.09,15.34,2051942,226023,1825918
2026/02/28 07:03:05.796,0,0,0,81920,0,81152,33,66.09,16.69,2051942,226214,1825728
2026/02/28 07:03:06.830,0,0,0,81920,0,81152,33,66.48,14.16,2051942,226071,1825870
2026/02/28 07:03:07.859,0,0,0,81920,0,81152,33,66.68,16.40,2051942,226064,1825877
2026/02/28 07:03:08.891,0,0,0,81920,0,81152,33,66.09,15.47,2051942,226028,1825913
2026/02/28 07:03:09.922,0,0,0,81920,0,81152,33,66.41,16.00,2051942,226165,1825776
2026/02/28 07:03:10.952,0,0,0,81920,0,81152,33,66.68,18.21,2051942,226460,1825481
2026/02/28 07:03:11.985,0,0,0,81920,0,81152,34,66.16,16.12,2051942,226336,1825605
2026/02/28 07:03:13.016,0,0,0,81920,0,81152,34,66.68,15.32,2051942,226172,1825769
2026/02/28 07:03:14.045,0,0,0,81920,0,81152,34,66.09,15.40,2051942,225991,1825950
2026/02/28 07:03:15.073,0,0,0,81920,0,81152,34,66.41,16.56,2051942,226232,1825709
2026/02/28 07:03:16.113,0,0,0,81920,0,81152,34,66.68,16.39,2051942,226387,1825554
2026/02/28 07:03:17.142,0,0,0,81920,0,81152,34,66.16,10.27,2051942,226235,1825706
2026/02/28 07:03:18.172,0,0,0,81920,0,81152,34,66.16,7.44,2051942,217896,1834045
2026/02/28 07:03:19.201,0,0,0,81920,0,81152,34,66.68,7.09,2051942,210822,1841119
2026/02/28 07:03:20.236,0,0,0,81920,0,81152,34,66.16,8.94,2051942,206143,1845798
2026/02/28 07:03:21.265,0,0,0,81920,0,81152,34,66.48,8.59,2051942,193719,1858222
2026/02/28 07:03:22.297,0,0,0,81920,0,81152,34,66.09,10.45,2051942,181248,1870694
2026/02/28 07:03:23.329,0,0,0,81920,0,81152,34,66.68,7.96,2051942,168767,1883174
2026/02/28 07:03:24.359,0,0,0,81920,0,81152,34,66.75,9.12,2051942,156510,1895432
2026/02/28 07:03:25.415,0,0,0,81920,0,81152,34,66.68,7.03,2051942,147184,1904757
2026/02/28 07:03:26.568,0,0,0,81920,0,81152,34,66.16,9.60,2051942,135191,1916750
2026/02/28 07:03:27.599,0,0,0,81920,0,81152,33,66.09,8.15,2051942,134523,1917418
2026/02/28 07:03:28.631,0,0,0,81920,0,81152,33,66.09,7.12,2051942,134092,1917850
2026/02/28 07:03:29.661,0,0,0,81920,0,81152,33,66.41,7.42,2051942,133924,1918017
2026/02/28 07:03:30.693,0,0,0,81920,0,81152,33,66.16,8.99,2051942,133585,1918356
2026/02/28 07:03:31.726,0,0,0,81920,0,81152,33,66.09,6.18,2051942,133278,1918664
2026/02/28 07:03:32.760,0,0,0,81920,0,81152,33,66.68,7.02,2051942,132547,1919394
2026/02/28 07:03:33.792,0,0,0,81920,0,81152,33,66.48,8.10,2051942,132442,1919499
2026/02/28 07:03:34.824,0,0,0,81920,0,81152,33,66.16,9.63,2051942,132533,1919408
2026/02/28 07:03:35.854,0,0,0,81920,0,81152,33,66.48,9.80,2051942,132402,1919539
2026/02/28 07:03:36.884,0,0,0,81920,0,81152,33,66.09,6.06,2051942,132293,1919648
2026/02/28 07:03:37.917,0,0,0,81920,0,81152,33,66.09,7.12,2051942,132213,1919728
2026/02/28 07:03:38.946,0,0,0,81920,0,81152,33,66.48,8.24,2051942,132157,1919785
2026/02/28 07:03:39.976,0,0,0,81920,0,81152,33,66.41,8.63,2051942,132147,1919794
2026/02/28 07:03:41.009,0,0,0,81920,0,81152,33,66.41,6.07,2051942,132100,1919841
2026/02/28 07:03:42.041,0,0,0,81920,0,81152,33,66.41,7.05,2051942,132070,1919872
2026/02/28 07:03:43.071,0,0,0,81920,0,81152,33,65.81,8.04,2051942,131887,1920054
2026/02/28 07:03:44.105,0,0,0,81920,0,81152,33,65.81,6.20,2051942,131864,1920077
2026/02/28 07:03:45.136,0,0,0,81920,0,81152,33,66.09,7.92,2051942,131850,1920091
2026/02/28 07:03:46.169,0,0,0,81920,0,81152,33,65.88,8.62,2051942,131869,1920072
2026/02/28 07:03:47.202,0,0,0,81920,0,81152,32,66.09,7.61,2051942,131944,1919997
2026/02/28 07:03:48.301,0,0,0,81920,0,81152,32,66.09,9.10,2051942,131841,1920100
2026/02/28 07:03:49.333,0,0,0,81920,0,81152,32,65.81,8.02,2051942,131913,1920029
2026/02/28 07:03:50.362,0,0,0,81920,0,81152,32,66.09,7.23,2051942,131932,1920009
2026/02/28 07:03:51.391,0,0,0,81920,0,81152,32,65.61,7.63,2051942,131946,1919995
2026/02/28 07:03:52.426,0,0,0,81920,0,81152,32,66.09,7.33,2051942,131944,1919998
2026/02/28 07:03:53.459,0,0,0,81920,0,81152,32,65.61,6.86,2051942,131964,1919977
2026/02/28 07:03:54.491,0,0,0,81920,0,81152,32,66.09,8.30,2051942,131988,1919954
2026/02/28 07:03:55.527,0,5,0,81920,503,80649,33,88.37,8.18,2051942,132104,1919837
2026/02/28 07:03:56.554,0,0,0,81920,501,80651,33,88.37,7.11,2051942,132059,1919882
2026/02/28 07:03:57.585,0,1,0,81920,1457,79695,33,88.64,13.63,2051942,132243,1919699
2026/02/28 07:03:58.613,0,0,0,81920,1457,79695,33,88.37,8.39,2051942,132434,1919507
2026/02/28 07:03:59.646,0,0,0,81920,1457,79695,33,88.37,7.18,2051942,132482,1919459
2026/02/28 07:04:00.685,0,0,0,81920,1457,79695,33,88.46,6.49,2051942,132478,1919463
2026/02/28 07:04:01.716,0,0,0,81920,1457,79695,33,88.37,7.10,2051942,132558,1919384
2026/02/28 07:04:02.755,0,0,0,81920,1457,79695,33,88.37,6.01,2051942,132528,1919413
2026/02/28 07:04:03.786,0,0,0,81920,1457,79695,33,88.37,7.12,2051942,132530,1919411
2026/02/28 07:04:04.817,0,0,0,81920,1457,79695,33,88.37,6.98,2051942,132540,1919401
2026/02/28 07:04:05.847,0,0,0,81920,1457,79695,33,88.37,7.40,2051942,132566,1919376
2026/02/28 07:04:06.877,0,0,0,81920,1457,79695,33,88.37,7.84,2051942,132581,1919360
2026/02/28 07:04:07.907,0,0,0,81920,1457,79695,33,88.37,6.64,2051942,132643,1919298
2026/02/28 07:04:08.936,0,0,0,81920,1457,79695,33,88.37,8.53,2051942,132812,1919129
2026/02/28 07:04:09.967,0,0,0,81920,1457,79695,33,88.37,7.07,2051942,132948,1918993
2026/02/28 07:04:10.997,0,0,0,81920,1457,79695,33,88.37,7.24,2051942,132941,1919000
2026/02/28 07:04:12.029,0,0,0,81920,1457,79695,33,88.37,8.11,2051942,133043,1918898
2026/02/28 07:04:13.060,0,0,0,81920,1457,79695,33,88.37,5.41,2051942,133083,1918858
2026/02/28 07:04:14.090,0,0,0,81920,1457,79695,33,88.04,7.75,2051942,133193,1918748
2026/02/28 07:04:15.119,0,0,0,81920,1457,79695,33,88.37,9.93,2051942,133338,1918603
2026/02/28 07:04:16.149,0,0,0,81920,1457,79695,33,88.04,10.06,2051942,133529,1918412
2026/02/28 07:04:17.180,0,0,0,81920,1457,79695,33,88.37,7.01,2051942,133769,1918172
2026/02/28 07:04:18.209,0,0,0,81920,1457,79695,33,88.04,6.42,2051942,133730,1918211
2026/02/28 07:04:19.243,0,0,0,81920,1457,79695,33,88.04,6.62,2051942,133731,1918210
2026/02/28 07:04:20.275,0,0,0,81920,1457,79695,33,88.04,7.48,2051942,133754,1918187
2026/02/28 07:04:21.305,0,0,0,81920,1457,79695,33,88.04,8.24,2051942,133689,1918252
2026/02/28 07:04:22.338,0,0,0,81920,1457,79695,33,88.04,7.92,2051942,133665,1918276
2026/02/28 07:04:23.367,0,0,0,81920,1457,79695,33,88.04,8.65,2051942,133687,1918254
2026/02/28 07:04:24.397,0,0,0,81920,1457,79695,33,88.04,7.52,2051942,132363,1919578
2026/02/28 07:04:25.429,0,0,0,81920,1457,79695,33,88.14,8.02,2051942,132370,1919571
2026/02/28 07:04:26.463,0,0,0,81920,1457,79695,33,88.23,6.61,2051942,132363,1919578
2026/02/28 07:04:27.492,0,2,0,81920,16733,64419,33,88.23,6.13,2051942,132412,1919529
2026/02/28 07:04:28.521,0,8,0,81920,16733,64419,33,88.55,4.90,2051942,132403,1919538
2026/02/28 07:04:29.551,0,9,0,81920,16733,64419,33,88.55,4.83,2051942,132389,1919552
2026/02/28 07:04:30.581,0,0,0,81920,16733,64419,32,88.23,4.98,2051942,132408,1919534
2026/02/28 07:04:31.610,0,9,0,81920,16733,64419,32,88.55,5.06,2051942,132382,1919559
2026/02/28 07:04:32.642,0,10,0,81920,16733,64419,32,88.55,5.24,2051942,132356,1919585
2026/02/28 07:04:33.672,0,9,0,81920,16733,64419,32,88.37,6.26,2051942,132333,1919608
2026/02/28 07:04:34.703,0,9,0,81920,16733,64419,33,88.46,6.16,2051942,132306,1919635
2026/02/28 07:04:35.735,0,0,0,81920,16733,64419,33,88.04,6.88,2051942,132296,1919645
2026/02/28 07:04:36.770,0,1,0,81920,16733,64419,33,88.14,7.04,2051942,132243,1919699
2026/02/28 07:04:37.802,0,2,0,81920,16733,64419,33,88.04,8.31,2051942,132252,1919689
2026/02/28 07:04:38.837,0,9,0,81920,16733,64419,33,88.46,8.91,2051942,132270,1919671
2026/02/28 07:04:39.866,0,9,0,81920,16733,64419,33,88.46,9.58,2051942,132242,1919700
2026/02/28 07:04:40.897,0,0,0,81920,16733,64419,33,88.04,8.85,2051942,132159,1919782
2026/02/28 07:04:41.929,0,2,0,81920,16733,64419,33,88.46,7.18,2051942,132259,1919682
2026/02/28 07:04:42.960,0,0,0,81920,16733,64419,33,88.37,7.98,2051942,132131,1919810
2026/02/28 07:04:43.992,0,1,0,81920,16733,64419,33,88.46,5.59,2051942,132151,1919790
2026/02/28 07:04:45.023,0,0,0,81920,16733,64419,33,88.37,7.43,2051942,132126,1919816
2026/02/28 07:04:46.057,0,5,0,81920,16733,64419,33,88.64,7.63,2051942,132145,1919796
2026/02/28 07:04:47.088,0,9,0,81920,16733,64419,33,88.73,7.18,2051942,132119,1919822
2026/02/28 07:04:48.122,0,19,0,81920,16733,64419,33,88.64,6.56,2051942,132103,1919838
2026/02/28 07:04:49.155,0,20,1,81920,17117,64035,33,94.08,7.46,2051942,132107,1919835
2026/02/28 07:04:50.193,0,27,1,81920,17117,64035,33,93.81,8.28,2051942,132047,1919895
2026/02/28 07:04:51.229,0,0,0,81920,16757,64395,33,88.46,7.63,2051942,132038,1919903
2026/02/28 07:04:52.260,0,0,0,81920,16757,64395,33,88.37,8.70,2051942,132036,1919905
2026/02/28 07:04:53.293,0,0,0,81920,16757,64395,33,88.37,7.52,2051942,132054,1919888
2026/02/28 07:04:54.329,0,0,0,81920,16757,64395,33,88.37,6.34,2051942,132047,1919894
2026/02/28 07:04:55.360,0,0,0,81920,16757,64395,33,88.46,8.80,2051942,132005,1919936
2026/02/28 07:04:56.391,0,0,0,81920,16757,64395,33,88.37,8.30,2051942,132090,1919852
2026/02/28 07:04:57.420,0,0,0,81920,16757,64395,33,88.46,7.56,2051942,132075,1919867
2026/02/28 07:04:58.459,0,0,0,81920,16757,64395,33,88.46,8.13,2051942,132036,1919905
2026/02/28 07:04:59.489,0,0,0,81920,16757,64395,33,88.37,8.15,2051942,132045,1919896
2026/02/28 07:05:00.520,0,0,0,81920,16757,64395,33,88.46,8.20,2051942,132103,1919839
2026/02/28 07:05:01.553,0,0,0,81920,16757,64395,33,88.46,6.87,2051942,131218,1920723
2026/02/28 07:05:02.581,0,0,0,81920,16757,64395,33,88.46,7.35,2051942,131154,1920787
2026/02/28 07:05:03.610,0,0,0,81920,16757,64395,33,88.14,6.41,2051942,131219,1920722
2026/02/28 07:05:04.638,0,0,0,81920,16757,64395,33,88.37,9.14,2051942,131398,1920543
2026/02/28 07:05:05.670,0,0,0,81920,16757,64395,33,88.14,7.02,2051942,131768,1920173
2026/02/28 07:05:06.700,0,0,0,81920,16757,64395,33,88.37,6.20,2051942,131930,1920012
2026/02/28 07:05:07.733,0,0,0,81920,16757,64395,33,88.37,7.03,2051942,131912,1920029
2026/02/28 07:05:08.769,0,0,0,81920,16757,64395,33,88.37,6.38,2051942,131891,1920050
2026/02/28 07:05:09.801,0,0,0,81920,16757,64395,33,88.37,8.24,2051942,131857,1920085
2026/02/28 07:05:10.835,0,0,0,81920,16757,64395,33,88.14,7.38,2051942,131834,1920107
2026/02/28 07:05:11.865,0,0,0,81920,16757,64395,33,88.37,6.33,2051942,131827,1920114
2026/02/28 07:05:12.897,0,0,0,81920,16757,64395,33,88.14,6.85,2051942,131842,1920099
2026/02/28 07:05:13.930,0,0,0,81920,16757,64395,33,88.37,7.75,2051942,131788,1920153
2026/02/28 07:05:14.961,0,0,0,81920,16757,64395,33,88.04,9.81,2051942,131780,1920161
2026/02/28 07:05:15.991,0,21,16,81920,16757,64395,33,87.44,7.36,2051942,131826,1920115
2026/02/28 07:05:17.022,0,0,0,81920,16821,64331,33,115.07,7.58,2051942,131735,1920206
2026/02/28 07:05:18.054,0,17,14,81920,16861,64291,33,87.86,8.96,2051942,131730,1920211
2026/02/28 07:05:19.086,0,0,0,81920,16861,64291,33,87.44,8.51,2051942,131721,1920220
2026/02/28 07:05:20.118,0,0,0,81920,17455,63697,33,87.44,7.38,2051942,131690,1920252
2026/02/28 07:05:21.156,0,0,0,81920,17455,63697,33,87.44,6.21,2051942,131694,1920247
2026/02/28 07:05:22.194,0,0,0,81920,17469,63683,33,101.72,6.39,2051942,131724,1920217
2026/02/28 07:05:23.231,0,2,0,81920,17473,63679,33,103.79,8.48,2051942,131938,1920003
2026/02/28 07:05:24.265,0,2,0,81920,17473,63679,33,99.05,15.26,2051942,132004,1919937
2026/02/28 07:05:25.297,0,2,0,81920,17473,63679,33,107.66,19.17,2051942,132105,1919836
2026/02/28 07:05:26.330,0,3,1,81920,17473,63679,33,88.37,8.12,2051942,132157,1919784
2026/02/28 07:05:27.364,0,2,1,81920,18517,62635,33,88.64,7.21,2051942,132329,1919612
2026/02/28 07:05:28.399,0,0,0,81920,52169,28983,33,110.32,8.15,2051942,132315,1919626
2026/02/28 07:05:29.431,0,34,4,81920,52391,28761,34,146.78,7.51,2051942,132368,1919573
2026/02/28 07:05:30.463,0,24,2,81920,52477,28675,36,186.96,6.46,2051942,132418,1919523
2026/02/28 07:05:31.493,0,22,3,81920,52605,28547,34,90.12,8.96,2051942,132466,1919475
2026/02/28 07:05:32.527,0,16,2,81920,52729,28423,33,88.73,8.07,2051942,132530,1919412
2026/02/28 07:05:33.562,0,30,2,81920,52829,28323,34,145.90,7.58,2051942,132625,1919317
2026/02/28 07:05:34.597,0,22,2,81920,52963,28189,34,134.63,7.36,2051942,132690,1919252
2026/02/28 07:05:35.629,0,15,1,81920,53045,28107,33,88.64,6.33,2051942,132803,1919138
2026/02/28 07:05:36.666,0,0,0,81920,54427,26725,33,180.01,7.42,2051942,132879,1919063
2026/02/28 07:05:37.698,0,0,0,81920,54427,26725,33,85.70,7.65,2051942,132948,1918994
2026/02/28 07:05:38.728,0,0,0,81920,54427,26725,32,85.70,10.43,2051942,133036,1918905
2026/02/28 07:05:39.760,0,100,24,81920,54427,26725,36,193.76,7.43,2051942,133068,1918873
2026/02/28 07:05:40.793,0,100,24,81920,54427,26725,37,197.83,8.63,2051942,133104,1918837
2026/02/28 07:05:41.828,0,99,24,81920,54427,26725,38,204.43,8.45,2051942,133090,1918851
2026/02/28 07:05:42.865,0,100,24,81920,54427,26725,38,198.50,7.15,2051942,133297,1918644
2026/02/28 07:05:43.898,0,100,25,81920,54427,26725,38,200.29,9.66,2051942,133258,1918684
2026/02/28 07:05:44.931,0,100,25,81920,54427,26725,38,198.37,7.50,2051942,133237,1918704
2026/02/28 07:05:45.963,0,100,24,81920,54427,26725,39,194.95,7.73,2051942,133221,1918720
2026/02/28 07:05:46.996,0,100,24,81920,54427,26725,39,207.09,8.75,2051942,133205,1918737
2026/02/28 07:05:48.028,0,100,25,81920,54427,26725,39,201.16,9.06,2051942,133189,1918752
2026/02/28 07:05:49.061,0,100,25,81920,54427,26725,39,195.83,9.19,2051942,133185,1918756
2026/02/28 07:05:50.093,0,100,25,81920,54427,26725,39,198.50,8.53,2051942,133230,1918712
2026/02/28 07:05:51.125,0,99,24,81920,54427,26725,39,195.23,8.19,2051942,133206,1918735
2026/02/28 07:05:52.162,0,100,24,81920,54427,26725,39,206.11,6.66,2051942,133177,1918765
2026/02/28 07:05:53.195,0,100,24,81920,54427,26725,39,195.83,7.87,2051942,133190,1918751
2026/02/28 07:05:54.231,0,100,25,81920,54427,26725,40,197.02,7.87,2051942,133236,1918705
2026/02/28 07:05:55.264,0,100,25,81920,54427,26725,40,198.77,6.39,2051942,133228,1918713
2026/02/28 07:05:56.297,0,100,25,81920,54427,26725,40,202.96,7.53,2051942,133215,1918726
2026/02/28 07:05:57.329,0,100,24,81920,54427,26725,40,200.29,6.78,2051942,133201,1918741
2026/02/28 07:05:58.366,0,100,24,81920,54427,26725,40,199.36,6.93,2051942,133184,1918757
2026/02/28 07:05:59.400,0,100,24,81920,54427,26725,40,197.89,7.77,2051942,133167,1918774
2026/02/28 07:06:00.439,0,100,25,81920,54427,26725,40,209.76,7.44,2051942,133159,1918782
2026/02/28 07:06:01.473,0,100,24,81920,54427,26725,40,200.84,8.24,2051942,133145,1918796
2026/02/28 07:06:02.507,0,100,24,81920,54427,26725,40,199.57,6.42,2051942,133113,1918828
2026/02/28 07:06:03.543,0,100,24,81920,54427,26725,40,199.09,6.96,2051942,133095,1918846
2026/02/28 07:06:04.577,0,100,25,81920,54427,26725,40,206.49,8.05,2051942,133070,1918871
2026/02/28 07:06:05.608,0,100,24,81920,54427,26725,40,195.50,8.83,2051942,133064,1918877
2026/02/28 07:06:06.640,0,100,24,81920,54427,26725,40,208.51,6.92,2051942,133055,1918886
2026/02/28 07:06:07.673,0,100,24,81920,54427,26725,41,199.36,6.59,2051942,133047,1918894
2026/02/28 07:06:08.708,0,100,25,81920,54427,26725,41,207.09,9.06,2051942,133036,1918905
2026/02/28 07:06:09.742,0,100,24,81920,54427,26725,41,196.43,5.69,2051942,133033,1918908
2026/02/28 07:06:10.779,0,100,24,81920,54427,26725,41,205.30,6.66,2051942,133012,1918929
2026/02/28 07:06:11.814,0,100,24,81920,54427,26725,41,197.62,7.55,2051942,133019,1918922
2026/02/28 07:06:12.852,0,100,25,81920,54427,26725,41,197.02,9.41,2051942,133024,1918917
2026/02/28 07:06:13.885,0,90,23,81920,54427,26725,41,196.03,7.60,2051942,133002,1918939
2026/02/28 07:06:14.917,0,100,24,81920,54427,26725,41,203.50,9.98,2051942,132983,1918958
2026/02/28 07:06:15.949,0,100,24,81920,54427,26725,41,198.77,6.89,2051942,132962,1918980
2026/02/28 07:06:16.983,0,100,25,81920,54427,26725,41,210.96,6.55,2051942,132957,1918984
2026/02/28 07:06:18.016,0,100,25,81920,54427,26725,41,178.03,8.55,2051942,132890,1919051
2026/02/28 07:06:19.048,0,100,24,81920,54427,26725,41,208.51,6.59,2051942,132878,1919063
2026/02/28 07:06:20.082,0,100,24,81920,54427,26725,41,197.29,7.34,2051942,132873,1919068
2026/02/28 07:06:21.117,0,100,25,81920,54427,26725,41,209.76,6.00,2051942,132870,1919072
2026/02/28 07:06:22.150,0,95,23,81920,54427,26725,43,344.81,8.31,2051942,132856,1919085
2026/02/28 07:06:23.183,0,100,24,81920,54427,26725,41,202.96,8.41,2051942,132848,1919094
2026/02/28 07:06:24.216,0,100,24,81920,54427,26725,41,206.71,7.12,2051942,132865,1919076
2026/02/28 07:06:25.251,0,100,25,81920,54427,26725,41,198.16,7.86,2051942,132876,1919065
2026/02/28 07:06:26.285,0,91,22,81920,54427,26725,41,205.24,7.66,2051942,132860,1919081
2026/02/28 07:06:27.319,0,100,24,81920,54427,26725,41,202.36,9.45,2051942,132885,1919056
2026/02/28 07:06:28.355,0,100,24,81920,54427,26725,41,198.50,6.81,2051942,132890,1919051
2026/02/28 07:06:29.389,0,100,24,81920,54427,26725,41,204.64,6.07,2051942,132894,1919047
2026/02/28 07:06:30.428,0,100,24,81920,54427,26725,41,197.29,7.92,2051942,133029,1918912
2026/02/28 07:06:31.468,0,100,24,81920,54427,26725,41,198.50,7.08,2051942,132883,1919058
2026/02/28 07:06:32.504,0,100,24,81920,54427,26725,41,205.03,6.95,2051942,132942,1918999
2026/02/28 07:06:33.546,0,100,25,81920,54427,26725,41,197.83,8.71,2051942,132952,1918989
2026/02/28 07:06:34.585,0,100,24,81920,54427,26725,41,207.09,7.84,2051942,132947,1918994
2026/02/28 07:06:35.619,0,100,24,81920,54427,26725,41,202.96,9.09,2051942,132931,1919010
2026/02/28 07:06:36.651,0,100,24,81920,54427,26725,41,199.36,8.70,2051942,132928,1919013
2026/02/28 07:06:37.686,0,100,25,81920,54427,26725,41,210.63,9.54,2051942,132929,1919013
2026/02/28 07:06:38.719,0,100,25,81920,54427,26725,42,197.29,8.63,2051942,132956,1918985
2026/02/28 07:06:39.752,0,100,24,81920,54427,26725,41,197.29,8.22,2051942,132958,1918983
2026/02/28 07:06:40.789,0,100,24,81920,54427,26725,42,197.02,6.88,2051942,132962,1918980
2026/02/28 07:06:41.826,0,100,24,81920,54427,26725,42,197.62,9.20,2051942,132951,1918990
2026/02/28 07:06:42.864,0,100,25,81920,54427,26725,42,197.62,9.28,2051942,132961,1918980
2026/02/28 07:06:43.895,0,100,25,81920,54427,26725,41,199.36,7.93,2051942,132950,1918991
2026/02/28 07:06:44.927,0,100,24,81920,54427,26725,42,196.43,7.58,2051942,132956,1918985
2026/02/28 07:06:45.960,0,100,24,81920,54427,26725,42,209.16,8.84,2051942,132935,1919006
2026/02/28 07:06:46.991,0,100,24,81920,54427,26725,42,209.76,6.63,2051942,132909,1919032
2026/02/28 07:06:48.023,0,100,25,81920,54427,26725,42,204.04,7.02,2051942,132901,1919040
2026/02/28 07:06:49.057,0,93,23,81920,54427,26725,42,207.69,10.07,2051942,132894,1919048
2026/02/28 07:06:50.086,0,100,24,81920,54427,26725,42,198.16,9.36,2051942,132889,1919053
2026/02/28 07:06:51.116,0,100,24,81920,54427,26725,42,208.83,7.59,2051942,132879,1919062
2026/02/28 07:06:52.149,0,100,25,81920,54427,26725,42,205.89,7.12,2051942,132851,1919090
2026/02/28 07:06:53.180,0,100,25,81920,54427,26725,42,209.98,6.61,2051942,132837,1919105
2026/02/28 07:06:54.212,0,100,24,81920,54427,26725,42,207.09,7.09,2051942,132826,1919115
2026/02/28 07:06:55.245,0,100,24,81920,54427,26725,42,199.69,5.47,2051942,132807,1919134
2026/02/28 07:06:56.279,0,100,25,81920,54427,26725,42,204.43,8.07,2051942,132793,1919148
2026/02/28 07:06:57.313,0,100,25,81920,54427,26725,42,211.23,8.45,2051942,132784,1919157
2026/02/28 07:06:58.345,0,100,24,81920,54427,26725,42,200.56,6.81,2051942,132786,1919155
2026/02/28 07:06:59.380,0,100,24,81920,54427,26725,42,198.77,8.04,2051942,132792,1919149
2026/02/28 07:07:00.417,0,100,24,81920,54427,26725,42,199.36,7.42,2051942,132812,1919129
2026/02/28 07:07:01.452,0,100,25,81920,54427,26725,42,205.03,7.91,2051942,132800,1919142
2026/02/28 07:07:02.490,0,100,25,81920,54427,26725,42,208.29,8.92,2051942,132770,1919171
2026/02/28 07:07:03.521,0,100,24,81920,54427,26725,42,196.70,7.35,2051942,132768,1919173
2026/02/28 07:07:04.551,0,100,24,81920,54427,26725,42,205.89,8.60,2051942,132754,1919187
2026/02/28 07:07:05.584,0,100,24,81920,54427,26725,42,200.84,7.30,2051942,132758,1919183
2026/02/28 07:07:06.618,0,100,25,81920,54427,26725,42,207.09,8.91,2051942,132759,1919182
2026/02/28 07:07:07.670,0,100,24,81920,54427,26725,42,204.64,7.68,2051942,132759,1919183
2026/02/28 07:07:08.702,0,100,24,81920,54427,26725,42,197.89,7.64,2051942,132756,1919186
2026/02/28 07:07:09.736,0,100,24,81920,54427,26725,42,201.16,7.13,2051942,132736,1919205
2026/02/28 07:07:10.771,0,100,25,81920,54427,26725,42,203.82,6.21,2051942,132723,1919218
2026/02/28 07:07:11.805,0,100,24,81920,54427,26725,42,199.09,8.40,2051942,132720,1919222
2026/02/28 07:07:12.844,0,100,24,81920,54427,26725,42,204.10,7.09,2051942,132711,1919231
2026/02/28 07:07:13.876,0,100,24,81920,54427,26725,42,203.23,7.66,2051942,132706,1919236
2026/02/28 07:07:14.909,0,91,24,81920,54427,26725,42,196.63,10.70,2051942,132704,1919237
2026/02/28 07:07:15.945,0,100,24,81920,54427,26725,42,202.03,9.06,2051942,132743,1919198
2026/02/28 07:07:16.977,0,100,24,81920,54427,26725,42,197.62,6.44,2051942,132675,1919266
2026/02/28 07:07:18.008,0,100,25,81920,54427,26725,42,206.38,7.49,2051942,132669,1919272
2026/02/28 07:07:19.038,0,91,23,81920,54427,26725,42,195.83,7.32,2051942,132663,1919278
2026/02/28 07:07:20.069,0,100,24,81920,54427,26725,42,204.43,7.08,2051942,132657,1919284
2026/02/28 07:07:21.100,0,100,24,81920,54427,26725,42,206.17,7.99,2051942,132670,1919271
2026/02/28 07:07:22.132,0,100,25,81920,54427,26725,42,198.50,7.94,2051942,132653,1919288
2026/02/28 07:07:23.168,0,100,24,81920,54427,26725,42,206.71,8.16,2051942,132672,1919269
2026/02/28 07:07:24.200,0,100,24,81920,54427,26725,42,203.71,7.93,2051942,132655,1919286
2026/02/28 07:07:25.234,0,100,24,81920,54427,26725,42,205.84,7.59,2051942,132744,1919197
2026/02/28 07:07:26.270,0,100,25,81920,54427,26725,42,200.29,7.51,2051942,132801,1919140
2026/02/28 07:07:27.302,0,100,24,81920,54427,26725,42,198.70,7.79,2051942,132657,1919284
2026/02/28 07:07:28.334,0,100,24,81920,54427,26725,42,205.62,8.57,2051942,132883,1919058
2026/02/28 07:07:29.368,0,100,25,81920,54427,26725,42,199.36,7.36,2051942,132895,1919047
2026/02/28 07:07:30.402,0,90,23,81920,54427,26725,42,197.62,8.79,2051942,132911,1919030
2026/02/28 07:07:31.433,0,100,24,81920,54427,26725,42,204.70,7.78,2051942,132897,1919044
2026/02/28 07:07:32.472,0,100,24,81920,54427,26725,42,211.50,7.20,2051942,132888,1919054
2026/02/28 07:07:33.504,0,100,25,81920,54427,26725,42,201.64,8.58,2051942,132996,1918945
2026/02/28 07:07:34.535,0,100,24,81920,54427,26725,42,198.50,7.92,2051942,132999,1918942
2026/02/28 07:07:35.570,0,100,24,81920,54427,26725,42,197.02,8.69,2051942,132998,1918943
2026/02/28 07:07:36.606,0,100,24,81920,54427,26725,42,202.03,7.40,2051942,132918,1919023
2026/02/28 07:07:37.638,0,100,24,81920,54427,26725,42,200.56,7.41,2051942,132912,1919029
2026/02/28 07:07:38.672,0,100,25,81920,54427,26725,43,198.50,8.50,2051942,132902,1919039
2026/02/28 07:07:39.704,0,100,24,81920,54427,26725,43,200.84,8.96,2051942,132895,1919046
2026/02/28 07:07:40.738,0,100,24,81920,54427,26725,43,203.50,8.39,2051942,132886,1919055
2026/02/28 07:07:41.772,0,100,25,81920,54427,26725,43,198.37,7.11,2051942,132869,1919073
2026/02/28 07:07:42.806,0,100,24,81920,54427,26725,43,200.29,6.76,2051942,132862,1919079
2026/02/28 07:07:43.841,0,100,24,81920,54427,26725,43,200.56,7.12,2051942,132886,1919055
2026/02/28 07:07:44.877,0,100,24,81920,54427,26725,43,203.50,7.07,2051942,132878,1919064
2026/02/28 07:07:45.911,0,90,23,81920,54427,26725,43,205.03,6.96,2051942,132852,1919089
2026/02/28 07:07:46.947,0,100,24,81920,54427,26725,43,200.17,7.34,2051942,132867,1919074
2026/02/28 07:07:47.978,0,100,24,81920,54427,26725,43,205.89,10.08,2051942,132869,1919073
2026/02/28 07:07:49.012,0,100,25,81920,54427,26725,43,200.29,6.34,2051942,132831,1919111
2026/02/28 07:07:50.047,0,100,24,81920,54427,26725,43,210.85,6.87,2051942,132815,1919126
2026/02/28 07:07:51.080,0,100,24,81920,54427,26725,43,206.17,7.65,2051942,132793,1919148
2026/02/28 07:07:52.114,0,100,24,81920,54427,26725,43,206.17,7.96,2051942,132771,1919170
2026/02/28 07:07:53.148,0,100,25,81920,54427,26725,43,201.43,7.52,2051942,132765,1919176
2026/02/28 07:07:54.189,0,100,25,81920,54427,26725,43,206.11,7.50,2051942,132756,1919185
2026/02/28 07:07:55.224,0,100,24,81920,54427,26725,43,205.89,6.78,2051942,132751,1919190
2026/02/28 07:07:56.263,0,100,24,81920,54427,26725,43,206.49,6.95,2051942,132772,1919169
2026/02/28 07:07:57.298,0,100,25,81920,54427,26725,43,203.23,8.80,2051942,132767,1919174
2026/02/28 07:07:58.332,0,100,25,81920,54427,26725,43,202.36,7.71,2051942,132765,1919176
2026/02/28 07:07:59.371,0,100,24,81920,54427,26725,43,201.76,6.14,2051942,132747,1919194
2026/02/28 07:08:00.407,0,100,24,81920,54427,26725,43,201.16,8.19,2051942,132769,1919172
2026/02/28 07:08:01.443,0,100,24,81920,54427,26725,43,208.78,9.19,2051942,132774,1919167
2026/02/28 07:08:02.480,0,100,25,81920,54427,26725,43,210.63,7.94,2051942,132754,1919187
2026/02/28 07:08:03.513,0,90,24,81920,54427,26725,43,205.30,10.12,2051942,132747,1919194
2026/02/28 07:08:04.548,0,100,24,81920,54427,26725,43,207.37,6.85,2051942,132768,1919173
2026/02/28 07:08:05.581,0,100,24,81920,54427,26725,43,203.50,7.83,2051942,132761,1919180
2026/02/28 07:08:06.616,0,100,25,81920,54427,26725,43,207.96,6.16,2051942,132759,1919183
2026/02/28 07:08:07.652,0,100,25,81920,54427,26725,43,209.76,8.57,2051942,132777,1919164
2026/02/28 07:08:08.685,0,100,25,81920,54427,26725,43,203.50,6.92,2051942,132778,1919163
2026/02/28 07:08:09.718,0,100,24,81920,54427,26725,43,198.77,8.86,2051942,132795,1919146
2026/02/28 07:08:10.753,0,100,24,81920,54427,26725,43,202.03,6.32,2051942,132785,1919156
2026/02/28 07:08:11.786,0,100,25,81920,54427,26725,43,199.09,8.24,2051942,132724,1919217
2026/02/28 07:08:12.821,0,100,25,81920,54427,26725,43,202.36,8.55,2051942,132728,1919213
2026/02/28 07:08:13.853,0,89,22,81920,54427,26725,43,201.76,7.51,2051942,132729,1919212
2026/02/28 07:08:14.885,0,100,24,81920,54427,26725,43,206.76,10.81,2051942,132705,1919236
2026/02/28 07:08:15.917,0,100,24,81920,54427,26725,43,206.38,7.45,2051942,132723,1919218
2026/02/28 07:08:16.951,0,100,25,81920,54427,26725,43,208.29,7.50,2051942,132770,1919171
2026/02/28 07:08:17.984,0,100,25,81920,54427,26725,43,199.96,8.13,2051942,132756,1919185
2026/02/28 07:08:19.018,0,100,24,81920,54427,26725,43,201.16,7.94,2051942,132764,1919177
2026/02/28 07:08:20.050,0,100,24,81920,54427,26725,43,202.63,7.41,2051942,132766,1919176
2026/02/28 07:08:21.082,0,100,24,81920,54427,26725,43,202.24,7.53,2051942,132697,1919244
2026/02/28 07:08:22.114,0,100,25,81920,54427,26725,43,199.36,7.47,2051942,132684,1919257
2026/02/28 07:08:23.151,0,100,24,81920,54427,26725,43,197.09,7.07,2051942,132685,1919256
2026/02/28 07:08:24.187,0,100,24,81920,54427,26725,43,209.44,7.60,2051942,132681,1919260
2026/02/28 07:08:25.224,0,100,25,81920,54427,26725,43,206.17,7.11,2051942,132675,1919267
2026/02/28 07:08:26.259,0,100,24,81920,54427,26725,43,199.96,9.17,2051942,132675,1919266
2026/02/28 07:08:27.294,0,100,24,81920,54427,26725,43,209.76,8.15,2051942,132673,1919268
2026/02/28 07:08:28.326,0,100,25,81920,54427,26725,43,208.56,8.56,2051942,132716,1919225
2026/02/28 07:08:29.359,0,100,24,81920,54427,26725,43,203.82,7.64,2051942,132775,1919166
2026/02/28 07:08:30.392,0,100,24,81920,54427,26725,43,197.89,9.34,2051942,132779,1919162
2026/02/28 07:08:31.424,0,100,24,81920,54427,26725,43,210.35,7.46,2051942,132777,1919164
2026/02/28 07:08:32.458,0,100,25,81920,54427,26725,43,208.29,7.61,2051942,132755,1919186
2026/02/28 07:08:33.489,0,100,25,81920,54427,26725,43,203.82,6.75,2051942,132749,1919192
2026/02/28 07:08:34.519,0,100,24,81920,54427,26725,43,205.03,8.30,2051942,132737,1919204
2026/02/28 07:08:35.552,0,100,24,81920,54427,26725,43,202.63,8.08,2051942,132752,1919189
2026/02/28 07:08:36.586,0,100,24,81920,54427,26725,43,203.23,6.90,2051942,132752,1919189
2026/02/28 07:08:37.619,0,100,25,81920,54427,26725,43,199.09,8.13,2051942,132746,1919196
2026/02/28 07:08:38.652,0,100,25,81920,54427,26725,43,203.23,6.94,2051942,132747,1919194
2026/02/28 07:08:39.685,0,100,24,81920,54427,26725,43,196.43,9.01,2051942,132757,1919184
2026/02/28 07:08:40.719,0,100,24,81920,54427,26725,43,205.24,6.73,2051942,132767,1919174
2026/02/28 07:08:41.753,0,100,24,81920,54427,26725,43,198.77,7.31,2051942,132778,1919163
2026/02/28 07:08:42.789,0,100,25,81920,54427,26725,43,206.98,6.93,2051942,132780,1919161
2026/02/28 07:08:43.822,0,100,25,81920,54427,26725,43,202.36,8.65,2051942,132773,1919168
2026/02/28 07:08:44.856,0,100,24,81920,54427,26725,43,202.03,9.33,2051942,132811,1919130
2026/02/28 07:08:45.887,0,100,24,81920,54427,26725,42,202.96,8.16,2051942,132814,1919127
2026/02/28 07:08:46.920,0,100,24,81920,54427,26725,42,204.70,7.68,2051942,132803,1919138
2026/02/28 07:08:47.953,0,91,22,81920,54427,26725,42,204.91,7.45,2051942,133078,1918863
2026/02/28 07:08:48.986,0,100,24,81920,54427,26725,42,207.37,7.05,2051942,131857,1920084
2026/02/28 07:08:50.019,0,100,24,81920,54427,26725,42,200.56,8.14,2051942,131831,1920110
2026/02/28 07:08:51.052,0,100,25,81920,54427,26725,42,199.09,8.90,2051942,131890,1920051
2026/02/28 07:08:52.083,0,100,24,81920,54427,26725,42,209.76,11.62,2051942,132256,1919685
2026/02/28 07:08:53.113,0,100,24,81920,54427,26725,42,205.89,7.46,2051942,132477,1919464
2026/02/28 07:08:54.144,0,100,24,81920,54427,26725,42,197.89,7.22,2051942,132641,1919301
2026/02/28 07:08:55.177,0,90,23,81920,54427,26725,42,197.89,8.34,2051942,132647,1919295
2026/02/28 07:08:56.209,0,100,24,81920,54427,26725,42,199.96,8.29,2051942,132624,1919317
2026/02/28 07:08:57.241,0,100,24,81920,54427,26725,42,201.16,8.13,2051942,132613,1919329
2026/02/28 07:08:58.276,0,100,24,81920,54427,26725,42,197.62,6.68,2051942,132606,1919335
2026/02/28 07:08:59.309,0,100,24,81920,54427,26725,42,197.89,9.41,2051942,132588,1919353
2026/02/28 07:09:00.342,0,100,24,81920,54427,26725,42,196.63,6.95,2051942,132594,1919347
2026/02/28 07:09:01.379,0,100,24,81920,54427,26725,42,203.82,8.45,2051942,132583,1919358
2026/02/28 07:09:02.413,0,100,24,81920,54427,26725,42,205.89,7.22,2051942,132550,1919391
2026/02/28 07:09:03.446,0,100,24,81920,54427,26725,42,205.30,7.87,2051942,132558,1919383
2026/02/28 07:09:04.480,0,100,24,81920,54427,26725,42,209.16,6.83,2051942,132573,1919368
2026/02/28 07:09:05.513,0,100,24,81920,54427,26725,42,197.62,7.85,2051942,132553,1919388
2026/02/28 07:09:06.548,0,100,24,81920,54427,26725,42,200.84,6.88,2051942,132516,1919425
2026/02/28 07:09:07.582,0,100,24,81920,54427,26725,42,205.89,7.87,2051942,132514,1919427
2026/02/28 07:09:08.618,0,100,24,81920,54427,26725,42,197.89,7.59,2051942,132496,1919445
2026/02/28 07:09:09.671,0,100,24,81920,54427,26725,42,204.70,6.94,2051942,132483,1919458
2026/02/28 07:09:10.705,0,100,24,81920,54427,26725,42,198.77,7.98,2051942,132474,1919467
2026/02/28 07:09:11.739,0,100,24,81920,54427,26725,42,202.03,5.72,2051942,132461,1919480
2026/02/28 07:09:12.778,0,100,24,81920,54427,26725,42,207.91,8.22,2051942,132449,1919493
2026/02/28 07:09:13.813,0,100,24,81920,54427,26725,42,209.76,7.01,2051942,132449,1919492
2026/02/28 07:09:14.853,0,100,24,81920,54427,26725,42,203.82,9.55,2051942,132441,1919500
2026/02/28 07:09:15.887,0,100,24,81920,54427,26725,42,197.02,7.61,2051942,132432,1919509
2026/02/28 07:09:16.919,0,100,24,81920,54427,26725,42,199.90,6.00,2051942,132432,1919509
2026/02/28 07:09:17.955,0,100,24,81920,54427,26725,42,198.77,8.97,2051942,132418,1919523
2026/02/28 07:09:18.989,0,100,24,81920,54427,26725,42,197.89,8.00,2051942,132393,1919548
2026/02/28 07:09:20.022,0,100,24,81920,54427,26725,42,197.83,6.38,2051942,132393,1919548
2026/02/28 07:09:21.056,0,100,25,81920,54427,26725,42,199.96,8.53,2051942,132301,1919640
2026/02/28 07:09:22.088,0,100,24,81920,54427,26725,42,207.96,5.84,2051942,132396,1919546
2026/02/28 07:09:23.120,0,100,24,81920,54427,26725,42,197.29,9.85,2051942,132617,1919324
2026/02/28 07:09:24.156,0,100,24,81920,54427,26725,42,204.70,8.50,2051942,132603,1919338
2026/02/28 07:09:25.189,0,90,23,81920,54427,26725,42,203.23,6.13,2051942,132610,1919332
2026/02/28 07:09:26.222,0,100,24,81920,54427,26725,42,198.16,7.46,2051942,132601,1919340
2026/02/28 07:09:27.255,0,100,24,81920,54427,26725,42,200.29,8.81,2051942,132583,1919358
2026/02/28 07:09:28.290,0,100,24,81920,54427,26725,42,200.29,7.15,2051942,132566,1919375
2026/02/28 07:09:29.322,0,100,24,81920,54427,26725,42,197.89,7.25,2051942,132558,1919383
2026/02/28 07:09:30.356,0,100,24,81920,54427,26725,42,197.89,7.31,2051942,132567,1919374
2026/02/28 07:09:31.391,0,100,24,81920,54427,26725,42,202.63,8.09,2051942,132549,1919392
2026/02/28 07:09:32.427,0,100,24,81920,54427,26725,42,204.04,6.80,2051942,132526,1919415
2026/02/28 07:09:33.461,0,100,25,81920,54427,26725,42,196.70,8.28,2051942,132515,1919426
2026/02/28 07:09:34.497,0,100,24,81920,54427,26725,42,198.50,7.96,2051942,132515,1919426
2026/02/28 07:09:35.530,0,100,24,81920,54427,26725,42,207.37,8.31,2051942,132540,1919401
2026/02/28 07:09:36.563,0,100,24,81920,54427,26725,42,199.57,8.06,2051942,132529,1919412
2026/02/28 07:09:37.598,0,90,23,81920,54427,26725,42,199.96,7.77,2051942,132532,1919410
2026/02/28 07:09:38.631,0,100,24,81920,54427,26725,42,199.36,8.93,2051942,132525,1919416
2026/02/28 07:09:39.664,0,100,24,81920,54427,26725,42,205.03,8.63,2051942,132530,1919411
2026/02/28 07:09:40.696,0,100,25,81920,54427,26725,42,205.30,10.25,2051942,132530,1919411
2026/02/28 07:09:41.730,0,100,25,81920,54427,26725,42,205.89,6.51,2051942,132521,1919420
2026/02/28 07:09:42.766,0,100,24,81920,54427,26725,42,203.50,8.85,2051942,132569,1919372
2026/02/28 07:09:43.800,0,100,24,81920,54427,26725,42,199.57,8.02,2051942,132572,1919369
2026/02/28 07:09:44.835,0,100,24,81920,54427,26725,42,204.10,7.25,2051942,132582,1919359
2026/02/28 07:09:45.869,0,100,24,81920,54427,26725,42,207.96,6.93,2051942,132574,1919368
2026/02/28 07:09:46.903,0,100,24,81920,54427,26725,42,200.49,7.36,2051942,132586,1919355
2026/02/28 07:09:47.934,0,100,24,81920,54427,26725,42,141.76,7.35,2051942,132601,1919340
2026/02/28 07:09:48.970,0,100,24,81920,54427,26725,42,207.30,7.01,2051942,132592,1919350
2026/02/28 07:09:50.002,0,100,24,81920,54427,26725,42,197.89,10.50,2051942,132621,1919320
2026/02/28 07:09:51.035,0,90,23,81920,54427,26725,42,199.96,7.75,2051942,132446,1919496
2026/02/28 07:09:52.070,0,100,24,81920,54427,26725,42,206.17,10.41,2051942,132451,1919491
2026/02/28 07:09:53.105,0,100,24,81920,54427,26725,42,208.83,6.79,2051942,132387,1919554
2026/02/28 07:09:54.140,0,100,24,81920,54427,26725,42,208.83,8.43,2051942,132378,1919563
2026/02/28 07:09:55.177,0,100,24,81920,54427,26725,42,203.50,8.77,2051942,132391,1919550
2026/02/28 07:09:56.210,0,100,24,81920,54427,26725,42,211.23,7.02,2051942,132356,1919585
2026/02/28 07:09:57.241,0,100,25,81920,54427,26725,42,210.96,8.29,2051942,132335,1919606
2026/02/28 07:09:58.277,0,100,25,81920,54427,26725,42,199.09,6.75,2051942,132345,1919596
2026/02/28 07:09:59.310,0,100,24,81920,54427,26725,42,198.50,6.73,2051942,132363,1919578
2026/02/28 07:10:00.343,0,100,24,81920,54427,26725,42,200.84,8.04,2051942,132343,1919599
2026/02/28 07:10:01.380,0,100,24,81920,54427,26725,42,203.23,6.84,2051942,132357,1919584
2026/02/28 07:10:02.417,0,100,24,81920,54427,26725,42,203.50,8.14,2051942,132330,1919611
2026/02/28 07:10:03.451,0,100,24,81920,54427,26725,42,199.57,6.84,2051942,132318,1919623
2026/02/28 07:10:04.485,0,100,24,81920,54427,26725,42,200.17,8.30,2051942,132310,1919631
2026/02/28 07:10:05.519,0,100,24,81920,54427,26725,42,203.17,6.04,2051942,132303,1919639
2026/02/28 07:10:06.551,0,100,24,81920,54427,26725,42,198.77,7.97,2051942,132303,1919638
2026/02/28 07:10:07.588,0,100,24,81920,54427,26725,42,198.50,7.87,2051942,132315,1919626
2026/02/28 07:10:08.624,0,100,25,81920,54427,26725,42,209.16,7.00,2051942,132254,1919687
2026/02/28 07:10:09.658,0,100,24,81920,54427,26725,42,198.16,7.00,2051942,132391,1919550
2026/02/28 07:10:10.690,0,100,24,81920,54427,26725,42,201.76,8.01,2051942,132388,1919553
2026/02/28 07:10:11.724,0,100,24,81920,54427,26725,41,197.02,9.14,2051942,132379,1919562
2026/02/28 07:10:12.760,0,100,24,81920,54427,26725,42,199.96,7.50,2051942,132373,1919568
2026/02/28 07:10:13.793,0,100,24,81920,54427,26725,42,209.44,7.63,2051942,132360,1919582
2026/02/28 07:10:14.828,0,100,24,81920,54427,26725,42,202.96,9.41,2051942,132353,1919588
2026/02/28 07:10:15.861,0,100,24,81920,54427,26725,42,197.62,7.29,2051942,132282,1919659
2026/02/28 07:10:16.894,0,100,24,81920,54427,26725,42,197.29,9.61,2051942,132281,1919660
2026/02/28 07:10:17.927,0,100,24,81920,54427,26725,42,204.64,7.46,2051942,132276,1919666
2026/02/28 07:10:18.960,0,100,24,81920,54427,26725,42,197.89,7.55,2051942,132282,1919659
2026/02/28 07:10:19.992,0,100,24,81920,54427,26725,42,207.37,7.70,2051942,132274,1919668
2026/02/28 07:10:21.025,0,100,24,81920,54427,26725,42,205.30,6.73,2051942,132258,1919683
2026/02/28 07:10:22.061,0,90,23,81920,54427,26725,42,205.03,7.46,2051942,132254,1919687
2026/02/28 07:10:23.093,0,100,24,81920,54427,26725,42,209.38,6.95,2051942,132250,1919691
2026/02/28 07:10:24.129,0,100,24,81920,54427,26725,42,209.44,9.42,2051942,132242,1919700
2026/02/28 07:10:25.163,0,100,24,81920,54427,26725,42,197.02,7.79,2051942,132270,1919671
2026/02/28 07:10:26.198,0,100,24,81920,54427,26725,42,209.44,7.20,2051942,132292,1919649
2026/02/28 07:10:27.230,0,100,24,81920,54427,26725,42,207.37,9.87,2051942,132352,1919589
2026/02/28 07:10:28.262,0,100,24,81920,54427,26725,42,202.03,7.00,2051942,132378,1919563
2026/02/28 07:10:29.292,0,100,24,81920,54427,26725,42,199.09,7.48,2051942,132367,1919574
2026/02/28 07:10:30.328,0,100,24,81920,54427,26725,42,197.83,7.36,2051942,132370,1919571
2026/02/28 07:10:31.361,0,90,22,81920,54427,26725,42,198.77,6.61,2051942,132377,1919564
2026/02/28 07:10:32.397,0,100,24,81920,54427,26725,42,200.29,6.54,2051942,132353,1919588
2026/02/28 07:10:33.430,0,100,24,81920,54427,26725,42,208.83,8.40,2051942,132368,1919573
2026/02/28 07:10:34.464,0,100,24,81920,54427,26725,42,202.63,8.41,2051942,132359,1919582
2026/02/28 07:10:35.496,0,100,24,81920,54427,26725,42,207.37,7.76,2051942,132379,1919562
2026/02/28 07:10:36.527,0,100,24,81920,54427,26725,42,197.02,7.25,2051942,132395,1919546
2026/02/28 07:10:37.561,0,100,24,81920,54427,26725,42,198.97,8.11,2051942,132385,1919557
2026/02/28 07:10:38.593,0,98,24,81920,54427,26725,42,205.62,8.93,2051942,132415,1919526
2026/02/28 07:10:39.624,0,100,24,81920,54427,26725,42,207.37,8.49,2051942,132433,1919509
2026/02/28 07:10:40.658,0,100,24,81920,54427,26725,42,197.62,9.38,2051942,132434,1919507
2026/02/28 07:10:41.690,0,100,24,81920,54427,26725,42,197.62,7.99,2051942,132441,1919500
2026/02/28 07:10:42.724,0,100,24,81920,54427,26725,42,197.02,8.05,2051942,132425,1919516
2026/02/28 07:10:43.760,0,100,24,81920,54427,26725,42,252.43,9.08,2051942,132419,1919522
2026/02/28 07:10:44.794,0,100,24,81920,54427,26725,42,206.38,6.67,2051942,132404,1919537
2026/02/28 07:10:45.828,0,100,24,81920,54427,26725,42,201.76,8.56,2051942,132401,1919540
2026/02/28 07:10:46.866,0,100,24,81920,54427,26725,42,205.89,6.69,2051942,132412,1919529
2026/02/28 07:10:47.898,0,100,24,81920,54427,26725,42,204.10,6.11,2051942,132401,1919540
2026/02/28 07:10:48.931,0,91,23,81920,54427,26725,42,197.29,8.14,2051942,132383,1919558
2026/02/28 07:10:49.963,0,100,24,81920,54427,26725,42,204.31,7.83,2051942,132405,1919536
2026/02/28 07:10:50.996,0,100,24,81920,54427,26725,42,206.76,7.96,2051942,132385,1919557
2026/02/28 07:10:52.030,0,100,24,81920,54427,26725,42,197.62,7.59,2051942,132374,1919567
2026/02/28 07:10:53.061,0,100,24,81920,54427,26725,42,210.63,6.90,2051942,132371,1919571
2026/02/28 07:10:54.092,0,87,22,81920,54427,26725,42,196.70,8.70,2051942,132349,1919592
2026/02/28 07:10:55.123,0,100,24,81920,54427,26725,42,207.91,8.25,2051942,132336,1919605
2026/02/28 07:10:56.154,0,100,24,81920,54427,26725,42,197.23,8.59,2051942,132344,1919598
2026/02/28 07:10:57.188,0,100,24,81920,54427,26725,42,201.76,6.97,2051942,132341,1919600
2026/02/28 07:10:58.220,0,100,24,81920,54427,26725,42,204.70,7.16,2051942,132359,1919583
2026/02/28 07:10:59.256,0,98,25,81920,54427,26725,42,206.76,8.04,2051942,132332,1919609
2026/02/28 07:11:00.291,0,100,24,81920,54427,26725,42,209.16,8.85,2051942,132331,1919610
2026/02/28 07:11:01.324,0,100,24,81920,54427,26725,42,203.50,7.75,2051942,132320,1919621
2026/02/28 07:11:02.361,0,100,24,81920,54427,26725,42,200.56,6.94,2051942,132306,1919635
2026/02/28 07:11:03.394,0,100,25,81920,54427,26725,42,208.51,6.58,2051942,132301,1919640
2026/02/28 07:11:04.430,0,100,25,81920,54427,26725,42,207.96,8.81,2051942,132223,1919718
2026/02/28 07:11:05.463,0,100,25,81920,54427,26725,42,201.43,7.10,2051942,132220,1919721
2026/02/28 07:11:06.499,0,100,25,81920,54427,26725,42,203.23,6.93,2051942,132147,1919794
2026/02/28 07:11:07.533,0,100,25,81920,54427,26725,42,205.03,7.13,2051942,132214,1919727
2026/02/28 07:11:08.566,0,100,25,81920,54427,26725,42,205.03,9.21,2051942,132577,1919364
2026/02/28 07:11:09.601,0,100,25,81920,54427,26725,42,208.56,7.84,2051942,132561,1919380
2026/02/28 07:11:10.632,0,100,25,81920,54427,26725,42,206.76,7.53,2051942,132560,1919382
2026/02/28 07:11:11.689,0,100,24,81920,54427,26725,42,205.89,6.09,2051942,132565,1919376
2026/02/28 07:11:12.721,0,100,24,81920,54427,26725,42,198.16,7.02,2051942,132578,1919363
2026/02/28 07:11:13.759,0,100,25,81920,54427,26725,42,199.36,7.03,2051942,132577,1919364
2026/02/28 07:11:14.793,0,100,24,81920,54427,26725,42,202.96,9.91,2051942,132577,1919364
2026/02/28 07:11:15.826,0,100,24,81920,54427,26725,42,205.30,8.53,2051942,132586,1919355
2026/02/28 07:11:16.862,0,100,24,81920,54427,26725,42,206.17,8.13,2051942,132573,1919368
2026/02/28 07:11:17.896,0,100,25,81920,54427,26725,42,205.89,6.76,2051942,132569,1919373
2026/02/28 07:11:18.929,0,100,24,81920,54427,26725,42,201.76,7.58,2051942,132554,1919387
2026/02/28 07:11:19.964,0,100,24,81920,54427,26725,42,198.50,6.57,2051942,132556,1919386
2026/02/28 07:11:20.995,0,100,24,81920,54427,26725,42,200.29,9.26,2051942,132549,1919392
2026/02/28 07:11:22.027,0,100,24,81920,54427,26725,42,198.16,8.75,2051942,132542,1919399
2026/02/28 07:11:23.062,0,100,25,81920,54427,26725,42,205.03,8.08,2051942,132553,1919388
2026/02/28 07:11:24.096,0,100,25,81920,54427,26725,42,200.29,8.08,2051942,132663,1919278
2026/02/28 07:11:25.131,0,100,25,81920,54427,26725,42,206.49,6.05,2051942,132668,1919274
2026/02/28 07:11:26.164,0,100,25,81920,54427,26725,42,203.82,7.13,2051942,132588,1919353
2026/02/28 07:11:27.198,0,100,25,81920,54427,26725,42,203.82,8.84,2051942,132607,1919334
2026/02/28 07:11:28.232,0,100,25,81920,54427,26725,42,204.43,9.16,2051942,132594,1919347
2026/02/28 07:11:29.265,0,100,25,81920,54427,26725,42,207.69,6.10,2051942,132589,1919352
2026/02/28 07:11:30.301,0,100,24,81920,54427,26725,42,207.96,8.76,2051942,132591,1919350
2026/02/28 07:11:31.333,0,100,24,81920,54427,26725,42,206.11,10.28,2051942,132577,1919364
2026/02/28 07:11:32.366,0,100,24,81920,54427,26725,42,206.49,6.76,2051942,132590,1919351
2026/02/28 07:11:33.401,0,100,24,81920,54427,26725,42,210.03,7.08,2051942,132563,1919378
2026/02/28 07:11:34.438,0,100,25,81920,54427,26725,42,201.76,9.01,2051942,132562,1919380
2026/02/28 07:11:35.470,0,100,25,81920,54427,26725,42,205.89,8.44,2051942,132562,1919379
2026/02/28 07:11:36.506,0,100,25,81920,54427,26725,42,204.43,6.99,2051942,132527,1919414
2026/02/28 07:11:37.539,0,100,25,81920,54427,26725,42,201.43,7.69,2051942,132523,1919418
2026/02/28 07:11:38.572,0,100,25,81920,54427,26725,42,204.82,7.68,2051942,132544,1919398
2026/02/28 07:11:39.604,0,100,25,81920,54427,26725,42,203.23,8.88,2051942,132562,1919379
2026/02/28 07:11:40.637,0,100,25,81920,54427,26725,42,205.30,8.27,2051942,132563,1919378
2026/02/28 07:11:41.667,0,100,25,81920,54427,26725,42,201.76,7.93,2051942,132577,1919364
2026/02/28 07:11:42.698,0,100,24,81920,54427,26725,42,205.03,8.17,2051942,132574,1919367
2026/02/28 07:11:43.732,0,100,24,81920,54427,26725,42,207.69,7.46,2051942,132578,1919363
2026/02/28 07:11:44.764,0,100,24,81920,54427,26725,42,204.43,8.78,2051942,132566,1919376
2026/02/28 07:11:45.796,0,100,25,81920,54427,26725,42,207.09,5.36,2051942,132562,1919379
2026/02/28 07:11:46.832,0,100,25,81920,54427,26725,42,202.63,7.39,2051942,132544,1919397
2026/02/28 07:11:47.866,0,100,25,81920,54427,26725,42,205.30,8.11,2051942,132542,1919399
2026/02/28 07:11:48.901,0,100,25,81920,54427,26725,42,203.23,8.48,2051942,132556,1919385
2026/02/28 07:11:49.933,0,100,25,81920,54427,26725,42,202.36,6.21,2051942,132561,1919380
2026/02/28 07:11:50.966,0,100,25,81920,54427,26725,42,204.70,7.70,2051942,132557,1919384
2026/02/28 07:11:52.000,0,100,25,81920,54427,26725,42,207.96,7.96,2051942,132551,1919391
2026/02/28 07:11:53.033,0,100,25,81920,54427,26725,42,207.37,8.26,2051942,132555,1919386
2026/02/28 07:11:54.066,0,100,24,81920,54427,26725,42,197.02,8.43,2051942,132539,1919402
2026/02/28 07:11:55.098,0,100,24,81920,54427,26725,42,210.96,8.99,2051942,132550,1919391
2026/02/28 07:11:56.136,0,100,24,81920,54427,26725,42,199.36,6.99,2051942,132544,1919397
2026/02/28 07:11:57.171,0,100,25,81920,54427,26725,42,207.96,8.20,2051942,132550,1919391
2026/02/28 07:11:58.205,0,100,25,81920,54427,26725,42,200.17,6.96,2051942,132536,1919405
2026/02/28 07:11:59.239,0,100,25,81920,54427,26725,42,202.63,8.57,2051942,132535,1919406
2026/02/28 07:12:00.274,0,100,25,81920,54427,26725,42,202.36,7.05,2051942,132516,1919425
2026/02/28 07:12:01.308,0,100,25,81920,54427,26725,42,207.69,8.75,2051942,132535,1919407
2026/02/28 07:12:02.344,0,100,25,81920,54427,26725,42,206.49,8.23,2051942,132525,1919416
2026/02/28 07:12:03.380,0,100,25,81920,54427,26725,42,207.09,6.30,2051942,132533,1919409
2026/02/28 07:12:04.415,0,100,25,81920,54427,26725,42,204.43,8.46,2051942,132520,1919422
2026/02/28 07:12:05.448,0,100,24,81920,54427,26725,42,200.56,6.09,2051942,132504,1919437
2026/02/28 07:12:06.484,0,100,24,81920,54427,26725,42,197.02,7.54,2051942,132478,1919463
2026/02/28 07:12:07.519,0,100,24,81920,54427,26725,42,198.77,7.93,2051942,132472,1919469
2026/02/28 07:12:08.552,0,100,24,81920,54427,26725,42,204.10,6.68,2051942,132469,1919472
2026/02/28 07:12:09.591,0,100,24,81920,54427,26725,42,199.36,6.86,2051942,132479,1919462
2026/02/28 07:12:10.635,0,100,24,81920,54427,26725,42,209.76,7.04,2051942,132489,1919452
2026/02/28 07:12:11.668,0,100,24,81920,54427,26725,42,208.29,8.23,2051942,132502,1919439
2026/02/28 07:12:12.700,0,100,25,81920,54427,26725,42,200.11,7.56,2051942,132519,1919422
2026/02/28 07:12:13.733,0,100,25,81920,54427,26725,42,200.56,8.38,2051942,132510,1919431
2026/02/28 07:12:14.769,0,100,25,81920,54427,26725,42,202.63,9.35,2051942,132528,1919413
2026/02/28 07:12:15.803,0,100,25,81920,54427,26725,42,202.96,8.66,2051942,132553,1919388
2026/02/28 07:12:16.838,0,100,25,81920,54427,26725,42,204.10,8.75,2051942,132560,1919381
2026/02/28 07:12:17.871,0,100,25,81920,54427,26725,42,202.63,8.64,2051942,132573,1919368
2026/02/28 07:12:18.905,0,100,25,81920,54427,26725,42,205.84,8.49,2051942,132569,1919372
2026/02/28 07:12:19.938,0,100,25,81920,54427,26725,42,203.82,7.31,2051942,132577,1919365
2026/02/28 07:12:20.971,0,87,24,81920,54427,26725,43,201.76,6.76,2051942,132580,1919361
2026/02/28 07:12:22.004,0,100,24,81920,54427,26725,42,203.50,10.49,2051942,132581,1919360
2026/02/28 07:12:23.036,0,100,24,81920,54427,26725,42,197.23,7.33,2051942,132601,1919340
2026/02/28 07:12:24.071,0,100,25,81920,54427,26725,42,206.49,8.88,2051942,132592,1919349
2026/02/28 07:12:25.105,0,100,24,81920,54427,26725,42,202.96,6.75,2051942,132595,1919346
2026/02/28 07:12:26.139,0,100,24,81920,54427,26725,42,202.36,7.97,2051942,132645,1919296
2026/02/28 07:12:27.171,0,100,24,81920,54427,26725,42,199.90,7.01,2051942,132643,1919298
2026/02/28 07:12:28.204,0,100,25,81920,54427,26725,43,202.03,8.07,2051942,132637,1919304
2026/02/28 07:12:29.240,0,100,24,81920,54427,26725,42,201.76,9.29,2051942,132709,1919232
2026/02/28 07:12:30.273,0,100,24,81920,54427,26725,42,203.82,9.23,2051942,132721,1919220
2026/02/28 07:12:31.307,0,100,24,81920,54427,26725,43,199.96,7.65,2051942,132712,1919230
2026/02/28 07:12:32.341,0,100,25,81920,54427,26725,43,201.43,8.41,2051942,132736,1919205
2026/02/28 07:12:33.373,0,91,24,81920,54427,26725,43,207.69,8.36,2051942,132750,1919191
2026/02/28 07:12:34.407,0,100,24,81920,54427,26725,43,201.37,7.87,2051942,132737,1919204
2026/02/28 07:12:35.440,0,100,24,81920,54427,26725,43,201.16,8.34,2051942,132747,1919194
2026/02/28 07:12:36.473,0,100,24,81920,54427,26725,43,206.17,7.92,2051942,132745,1919196
2026/02/28 07:12:37.504,0,100,24,81920,54427,26725,43,210.63,7.89,2051942,132744,1919197
2026/02/28 07:12:38.534,0,100,24,81920,54427,26725,43,198.77,8.51,2051942,132713,1919229
2026/02/28 07:12:39.569,0,100,25,81920,54427,26725,43,206.17,8.29,2051942,132673,1919269
2026/02/28 07:12:40.600,0,100,25,81920,54427,26725,43,206.17,7.68,2051942,132671,1919270
2026/02/28 07:12:41.631,0,100,25,81920,54427,26725,43,199.96,6.75,2051942,132656,1919285
2026/02/28 07:12:42.664,0,100,25,81920,54427,26725,43,208.56,6.78,2051942,132660,1919281
2026/02/28 07:12:43.694,0,100,25,81920,54427,26725,43,209.65,9.94,2051942,132653,1919288
2026/02/28 07:12:44.728,0,100,25,81920,54427,26725,43,202.63,7.09,2051942,132637,1919304
2026/02/28 07:12:45.770,0,100,25,81920,54427,26725,43,207.96,8.68,2051942,132524,1919418
2026/02/28 07:12:46.804,0,100,25,81920,54427,26725,43,208.18,6.52,2051942,131554,1920387
2026/02/28 07:12:47.837,0,100,25,81920,54427,26725,43,203.82,6.50,2051942,131539,1920403
2026/02/28 07:12:48.876,0,100,24,81920,54427,26725,43,198.37,7.15,2051942,131586,1920355
2026/02/28 07:12:49.909,0,100,24,81920,54427,26725,43,198.16,9.04,2051942,132180,1919761
2026/02/28 07:12:50.942,0,100,24,81920,54427,26725,43,202.36,7.41,2051942,132239,1919702
2026/02/28 07:12:51.975,0,100,25,81920,54427,26725,43,205.30,8.15,2051942,132381,1919560
2026/02/28 07:12:53.007,0,100,25,81920,54427,26725,43,207.69,7.00,2051942,132366,1919576
2026/02/28 07:12:54.039,0,100,25,81920,54427,26725,43,202.03,7.94,2051942,132373,1919568
2026/02/28 07:12:55.073,0,100,25,81920,54427,26725,43,200.84,7.74,2051942,132353,1919588
2026/02/28 07:12:56.106,0,100,25,81920,54427,26725,43,207.96,7.71,2051942,132336,1919605
2026/02/28 07:12:57.137,0,100,25,81920,54427,26725,43,202.96,6.29,2051942,132327,1919614
2026/02/28 07:12:58.170,0,100,25,81920,54427,26725,43,205.03,7.51,2051942,132308,1919633
2026/02/28 07:12:59.203,0,100,25,81920,54427,26725,43,210.03,6.13,2051942,132294,1919647
2026/02/28 07:13:00.236,0,100,24,81920,54427,26725,43,198.50,7.35,2051942,132313,1919628
2026/02/28 07:13:01.271,0,100,24,81920,54427,26725,43,208.18,7.60,2051942,132294,1919647
2026/02/28 07:13:02.306,0,100,24,81920,54427,26725,43,200.84,8.07,2051942,132283,1919659
2026/02/28 07:13:03.338,0,100,25,81920,54427,26725,43,208.56,9.36,2051942,132296,1919645
2026/02/28 07:13:04.371,0,100,25,81920,54427,26725,43,209.44,8.79,2051942,132311,1919631
2026/02/28 07:13:05.404,0,100,24,81920,54427,26725,43,207.69,8.20,2051942,132288,1919653
2026/02/28 07:13:06.441,0,100,24,81920,54427,26725,43,200.84,6.68,2051942,132290,1919651
2026/02/28 07:13:07.472,0,100,24,81920,54427,26725,43,204.70,6.62,2051942,132270,1919672
2026/02/28 07:13:08.506,0,100,25,81920,54427,26725,43,210.35,8.07,2051942,132265,1919676
2026/02/28 07:13:09.540,0,100,25,81920,54427,26725,43,201.43,8.95,2051942,132301,1919640
2026/02/28 07:13:10.575,0,100,25,81920,54427,26725,43,208.29,7.33,2051942,132275,1919666
2026/02/28 07:13:11.610,0,100,25,81920,54427,26725,43,209.44,7.64,2051942,132262,1919680
2026/02/28 07:13:12.642,0,100,25,81920,54427,26725,43,206.49,7.19,2051942,132244,1919697
2026/02/28 07:13:13.695,0,100,25,81920,54427,26725,43,207.58,8.58,2051942,132261,1919681
2026/02/28 07:13:14.728,0,100,25,81920,54427,26725,43,204.10,9.67,2051942,132251,1919691
2026/02/28 07:13:15.760,0,100,25,81920,54427,26725,43,204.70,10.04,2051942,132252,1919689
2026/02/28 07:13:16.794,0,100,24,81920,54427,26725,43,202.03,6.74,2051942,132282,1919659
2026/02/28 07:13:17.826,0,100,24,81920,54427,26725,43,207.09,7.25,2051942,132272,1919669
2026/02/28 07:13:18.861,0,100,24,81920,54427,26725,43,206.17,7.93,2051942,132284,1919657
2026/02/28 07:13:19.895,0,100,25,81920,54427,26725,43,200.29,10.32,2051942,132293,1919648
2026/02/28 07:13:20.928,0,100,25,81920,54427,26725,43,200.29,6.86,2051942,132431,1919510
2026/02/28 07:13:21.962,0,100,25,81920,54427,26725,43,200.29,8.34,2051942,132430,1919511
2026/02/28 07:13:22.997,0,100,25,81920,54427,26725,43,208.56,7.60,2051942,132436,1919505
2026/02/28 07:13:24.031,0,100,25,81920,54427,26725,43,204.70,6.57,2051942,132432,1919510
2026/02/28 07:13:25.064,0,100,25,81920,54427,26725,43,203.50,7.06,2051942,132429,1919512
2026/02/28 07:13:26.097,0,100,25,81920,54427,26725,43,205.30,6.92,2051942,132448,1919494
2026/02/28 07:13:27.128,0,100,25,81920,54427,26725,43,204.43,9.02,2051942,132455,1919487
2026/02/28 07:13:28.161,0,87,24,81920,54427,26725,43,221.90,7.40,2051942,132448,1919493
2026/02/28 07:13:29.197,0,100,24,81920,54427,26725,43,205.03,7.14,2051942,132437,1919504
2026/02/28 07:13:30.230,0,100,24,81920,54427,26725,43,201.76,8.72,2051942,132446,1919495
2026/02/28 07:13:31.264,0,100,24,81920,54427,26725,43,205.62,6.34,2051942,132431,1919510
2026/02/28 07:13:32.301,0,100,25,81920,54427,26725,42,154.95,7.59,2051942,132408,1919533
2026/02/28 07:13:33.332,0,100,24,81920,54427,26725,42,202.96,7.68,2051942,132403,1919539
2026/02/28 07:13:34.364,0,100,24,81920,54427,26725,43,209.44,7.93,2051942,132407,1919535
2026/02/28 07:13:35.400,0,100,25,81920,54427,26725,43,208.83,7.65,2051942,132405,1919536
2026/02/28 07:13:36.438,0,100,25,81920,54427,26725,43,201.76,6.36,2051942,132401,1919540
2026/02/28 07:13:37.472,0,100,24,81920,54427,26725,42,198.16,7.81,2051942,132395,1919546
2026/02/28 07:13:38.506,0,100,24,81920,54427,26725,42,199.36,8.93,2051942,132390,1919551
2026/02/28 07:13:39.537,0,100,24,81920,54427,26725,42,199.96,8.06,2051942,132388,1919554
2026/02/28 07:13:40.571,0,100,25,81920,54427,26725,42,198.70,7.87,2051942,132391,1919550
2026/02/28 07:13:41.604,0,100,25,81920,54427,26725,43,200.84,8.05,2051942,132396,1919545
2026/02/28 07:13:42.636,0,100,24,81920,54427,26725,42,210.03,7.44,2051942,132393,1919548
2026/02/28 07:13:43.671,0,100,24,81920,54427,26725,42,200.29,8.51,2051942,132390,1919551
2026/02/28 07:13:44.702,0,100,24,81920,54427,26725,42,200.56,7.10,2051942,132392,1919549
2026/02/28 07:13:45.733,0,100,25,81920,54427,26725,42,200.29,9.36,2051942,132395,1919546
2026/02/28 07:13:46.771,0,100,24,81920,54427,26725,42,197.89,9.25,2051942,132387,1919554
2026/02/28 07:13:47.808,0,100,24,81920,54427,26725,42,210.25,7.27,2051942,132382,1919559
2026/02/28 07:13:48.845,0,100,25,81920,54427,26725,42,199.96,6.99,2051942,132370,1919571
2026/02/28 07:13:49.878,0,100,25,81920,54427,26725,42,205.03,7.37,2051942,132357,1919585
2026/02/28 07:13:50.912,0,100,24,81920,54427,26725,42,202.03,8.47,2051942,132350,1919591
2026/02/28 07:13:51.945,0,100,24,81920,54427,26725,42,199.09,8.55,2051942,132354,1919587
2026/02/28 07:13:52.979,0,100,25,81920,54427,26725,42,207.37,6.32,2051942,132342,1919599
2026/02/28 07:13:54.011,0,100,25,81920,54427,26725,42,205.30,7.45,2051942,132343,1919598
2026/02/28 07:13:55.044,0,100,24,81920,54427,26725,42,205.24,7.87,2051942,132335,1919606
2026/02/28 07:13:56.077,0,100,24,81920,54427,26725,42,200.56,7.90,2051942,132372,1919570
2026/02/28 07:13:57.109,0,100,24,81920,54427,26725,42,204.70,6.87,2051942,132372,1919569
2026/02/28 07:13:58.140,0,100,25,81920,54427,26725,42,199.96,6.86,2051942,132376,1919565
2026/02/28 07:13:59.174,0,100,25,81920,54427,26725,42,211.50,9.79,2051942,132392,1919549
2026/02/28 07:14:00.203,0,100,24,81920,54427,26725,42,196.63,7.66,2051942,132387,1919555
2026/02/28 07:14:01.236,0,100,24,81920,54427,26725,42,205.62,7.36,2051942,132401,1919541
2026/02/28 07:14:02.267,0,100,24,81920,54427,26725,42,207.69,8.45,2051942,132405,1919536
2026/02/28 07:14:03.300,0,100,24,81920,54427,26725,42,210.03,9.37,2051942,132405,1919536
2026/02/28 07:14:04.334,0,100,24,81920,54427,26725,42,204.43,9.56,2051942,132417,1919524
2026/02/28 07:14:05.366,0,100,24,81920,54427,26725,42,206.17,7.30,2051942,132421,1919520
2026/02/28 07:14:06.401,0,100,25,81920,54427,26725,42,205.30,9.06,2051942,132419,1919522
2026/02/28 07:14:07.435,0,100,25,81920,54427,26725,42,207.37,7.31,2051942,132433,1919509
2026/02/28 07:14:08.473,0,100,24,81920,54427,26725,42,197.89,8.27,2051942,132433,1919509
2026/02/28 07:14:09.507,0,100,24,81920,54427,26725,42,197.89,7.95,2051942,132522,1919419
2026/02/28 07:14:10.541,0,100,24,81920,54427,26725,42,199.96,7.74,2051942,132512,1919429
2026/02/28 07:14:11.575,0,91,23,81920,54427,26725,42,198.77,7.90,2051942,132496,1919445
2026/02/28 07:14:12.612,0,100,24,81920,54427,26725,42,204.70,7.70,2051942,132483,1919458
2026/02/28 07:14:13.645,0,100,24,81920,54427,26725,42,200.29,8.24,2051942,132462,1919480
2026/02/28 07:14:14.679,0,100,24,81920,54427,26725,42,210.57,8.94,2051942,132463,1919479
2026/02/28 07:14:15.712,0,100,25,81920,54427,26725,42,205.03,7.72,2051942,132458,1919483
2026/02/28 07:14:16.748,0,100,25,81920,54427,26725,42,207.09,6.63,2051942,132448,1919493
2026/02/28 07:14:17.780,0,100,25,81920,54427,26725,42,208.56,6.87,2051942,132445,1919496
2026/02/28 07:14:18.813,0,100,25,81920,54427,26725,42,207.09,9.74,2051942,132457,1919484
2026/02/28 07:14:19.847,0,100,25,81920,54427,26725,42,201.43,6.06,2051942,132448,1919493
2026/02/28 07:14:20.882,0,100,25,81920,54427,26725,42,205.62,7.89,2051942,132438,1919503
2026/02/28 07:14:21.916,0,100,25,81920,54427,26725,42,203.50,6.21,2051942,132457,1919484
2026/02/28 07:14:22.949,0,100,25,81920,54427,26725,42,205.62,6.55,2051942,132458,1919483
2026/02/28 07:14:23.983,0,100,24,81920,54427,26725,42,197.62,8.66,2051942,132492,1919449
2026/02/28 07:14:25.013,0,100,24,81920,54427,26725,42,204.70,6.67,2051942,132503,1919438
2026/02/28 07:14:26.047,0,100,24,81920,54427,26725,42,200.29,8.69,2051942,132434,1919507
2026/02/28 07:14:27.077,0,100,25,81920,54427,26725,42,200.49,6.77,2051942,132441,1919501
2026/02/28 07:14:28.110,0,100,25,81920,54427,26725,42,212.10,8.28,2051942,132448,1919494
2026/02/28 07:14:29.147,0,100,25,81920,54427,26725,42,206.49,7.82,2051942,132422,1919519
2026/02/28 07:14:30.182,0,100,25,81920,54427,26725,42,202.96,6.59,2051942,132412,1919529
2026/02/28 07:14:31.216,0,100,25,81920,54427,26725,42,201.16,8.81,2051942,132396,1919545
2026/02/28 07:14:32.252,0,100,25,81920,54427,26725,42,205.30,7.71,2051942,132381,1919560
2026/02/28 07:14:33.284,0,100,25,81920,54427,26725,42,204.70,8.80,2051942,132399,1919543
2026/02/28 07:14:34.319,0,100,25,81920,54427,26725,42,205.03,6.19,2051942,132376,1919565
2026/02/28 07:14:35.352,0,100,24,81920,54427,26725,42,206.71,9.01,2051942,132368,1919573
2026/02/28 07:14:36.383,0,100,24,81920,54427,26725,42,199.36,8.90,2051942,132385,1919556
2026/02/28 07:14:37.416,0,100,24,81920,54427,26725,42,201.43,5.27,2051942,132378,1919563
2026/02/28 07:14:38.452,0,100,24,81920,54427,26725,42,200.84,7.73,2051942,132392,1919549
2026/02/28 07:14:39.485,0,100,24,81920,54427,26725,42,207.09,8.45,2051942,132418,1919523
2026/02/28 07:14:40.524,0,92,23,81920,54427,26725,42,201.16,10.23,2051942,132443,1919498
2026/02/28 07:14:41.557,0,100,24,81920,54427,26725,42,202.36,7.88,2051942,132449,1919492
2026/02/28 07:14:42.595,0,100,24,81920,54427,26725,42,197.89,7.53,2051942,132430,1919511
2026/02/28 07:14:43.628,0,100,24,81920,54427,26725,42,207.09,9.86,2051942,132429,1919512
2026/02/28 07:14:44.661,0,100,24,81920,54427,26725,42,200.56,5.87,2051942,132430,1919511
2026/02/28 07:14:45.699,0,100,24,81920,54427,26725,42,204.43,8.51,2051942,132437,1919504
2026/02/28 07:14:46.732,0,100,24,81920,54427,26725,42,207.69,6.76,2051942,132454,1919487
2026/02/28 07:14:47.763,0,100,24,81920,54427,26725,42,199.96,8.42,2051942,132447,1919494
2026/02/28 07:14:48.801,0,100,25,81920,54427,26725,42,205.03,5.76,2051942,132446,1919495
2026/02/28 07:14:49.833,0,100,24,81920,54427,26725,42,197.62,8.77,2051942,132460,1919481
2026/02/28 07:14:50.869,0,100,24,81920,54427,26725,42,204.70,9.24,2051942,132439,1919502
2026/02/28 07:14:51.900,0,100,24,81920,54427,26725,42,200.84,7.91,2051942,132426,1919515
2026/02/28 07:14:52.932,0,100,24,81920,54427,26725,42,199.09,7.92,2051942,132447,1919494
2026/02/28 07:14:53.963,0,100,24,81920,54427,26725,42,203.71,8.96,2051942,132456,1919485
2026/02/28 07:14:55.002,0,100,24,81920,54427,26725,42,202.96,6.95,2051942,132438,1919503
2026/02/28 07:14:56.035,0,100,25,81920,54427,26725,42,200.29,6.84,2051942,132449,1919492
2026/02/28 07:14:57.067,0,100,24,81920,54427,26725,42,199.96,8.83,2051942,132439,1919502
2026/02/28 07:14:58.104,0,100,24,81920,54427,26725,42,197.29,8.07,2051942,132420,1919521
2026/02/28 07:14:59.136,0,100,24,81920,54427,26725,42,197.29,7.01,2051942,132425,1919516
2026/02/28 07:15:00.171,0,100,24,81920,54427,26725,42,199.09,9.63,2051942,132419,1919522
2026/02/28 07:15:01.204,0,100,25,81920,54427,26725,42,275.52,7.06,2051942,132411,1919530
2026/02/28 07:15:02.240,0,100,24,81920,54427,26725,42,206.17,8.20,2051942,132393,1919549
2026/02/28 07:15:03.274,0,100,24,81920,54427,26725,42,201.16,8.35,2051942,132385,1919556
2026/02/28 07:15:04.310,0,100,24,81920,54427,26725,42,199.36,6.81,2051942,132369,1919572
2026/02/28 07:15:05.342,0,100,24,81920,54427,26725,42,199.09,9.28,2051942,132361,1919580
2026/02/28 07:15:06.377,0,100,24,81920,54427,26725,42,208.56,6.43,2051942,132395,1919546
2026/02/28 07:15:07.410,0,100,24,81920,54427,26725,42,202.36,6.80,2051942,132388,1919553
2026/02/28 07:15:08.445,0,100,24,81920,54427,26725,42,197.02,5.61,2051942,132287,1919654
2026/02/28 07:15:09.480,0,100,24,81920,54427,26725,42,200.84,8.33,2051942,132330,1919611
2026/02/28 07:15:10.519,0,100,24,81920,54427,26725,42,203.23,9.18,2051942,132670,1919271
2026/02/28 07:15:11.551,0,100,24,81920,54427,26725,42,199.69,9.40,2051942,132663,1919278
2026/02/28 07:15:12.585,0,100,24,81920,54427,26725,42,199.69,8.09,2051942,132628,1919313
2026/02/28 07:15:13.618,0,100,24,81920,54427,26725,42,196.43,7.71,2051942,132635,1919307
2026/02/28 07:15:14.648,0,100,24,81920,54427,26725,42,202.03,8.79,2051942,132655,1919287
2026/02/28 07:15:15.679,0,100,24,81920,54427,26725,42,200.29,7.29,2051942,132636,1919305
2026/02/28 07:15:16.715,0,100,24,81920,54427,26725,42,197.29,6.54,2051942,132632,1919309
2026/02/28 07:15:17.749,0,100,24,81920,54427,26725,42,204.70,6.75,2051942,132618,1919323
2026/02/28 07:15:18.783,0,100,24,81920,54427,26725,42,205.30,7.96,2051942,132609,1919332
2026/02/28 07:15:19.817,0,100,24,81920,54427,26725,42,197.02,7.34,2051942,132591,1919350
2026/02/28 07:15:20.854,0,100,25,81920,54427,26725,42,209.76,7.14,2051942,132568,1919373
2026/02/28 07:15:21.889,0,100,24,81920,54427,26725,42,202.36,7.38,2051942,132561,1919380
2026/02/28 07:15:22.922,0,100,24,81920,54427,26725,42,205.62,9.48,2051942,132547,1919395
2026/02/28 07:15:23.954,0,100,24,81920,54427,26725,42,199.09,5.82,2051942,132560,1919381
2026/02/28 07:15:24.989,0,100,25,81920,54427,26725,42,199.36,7.13,2051942,132557,1919384
2026/02/28 07:15:26.027,0,100,24,81920,54427,26725,42,200.49,5.57,2051942,132558,1919383
2026/02/28 07:15:27.060,0,100,24,81920,54427,26725,42,205.30,7.96,2051942,132560,1919381
2026/02/28 07:15:28.098,0,100,24,81920,54427,26725,42,199.57,7.38,2051942,132555,1919386
2026/02/28 07:15:29.130,0,100,25,81920,54427,26725,42,203.23,7.67,2051942,132564,1919377
2026/02/28 07:15:30.162,0,100,24,81920,54427,26725,42,196.70,7.19,2051942,132562,1919379
2026/02/28 07:15:31.198,0,100,24,81920,54427,26725,42,199.09,6.75,2051942,132549,1919392
2026/02/28 07:15:32.231,0,100,24,81920,54427,26725,42,206.76,7.74,2051942,132529,1919413
2026/02/28 07:15:33.260,0,88,22,81920,54427,26725,42,205.30,6.31,2051942,132533,1919408
2026/02/28 07:15:34.299,0,100,24,81920,54427,26725,42,205.03,9.34,2051942,132561,1919380
2026/02/28 07:15:35.331,0,100,24,81920,54427,26725,42,200.84,7.16,2051942,132562,1919379
2026/02/28 07:15:36.363,0,100,24,81920,54427,26725,42,204.43,8.06,2051942,132572,1919370
2026/02/28 07:15:37.398,0,99,25,81920,54427,26725,42,197.02,9.55,2051942,132551,1919390
2026/02/28 07:15:38.433,0,100,24,81920,54427,26725,42,198.16,8.82,2051942,132549,1919392
2026/02/28 07:15:39.469,0,100,24,81920,54427,26725,42,197.02,9.65,2051942,132564,1919377
2026/02/28 07:15:40.505,0,100,25,81920,54427,26725,42,202.63,8.19,2051942,132571,1919370
2026/02/28 07:15:41.536,0,100,25,81920,54427,26725,42,205.51,6.91,2051942,132565,1919376
2026/02/28 07:15:42.568,0,100,24,81920,54427,26725,42,206.98,6.44,2051942,132556,1919385
2026/02/28 07:15:43.604,0,100,24,81920,54427,26725,42,198.30,7.13,2051942,132553,1919388
2026/02/28 07:15:44.638,0,100,25,81920,54427,26725,42,201.58,6.08,2051942,132551,1919390
2026/02/28 07:15:45.670,0,100,25,81920,54427,26725,42,205.45,5.34,2051942,132556,1919385
2026/02/28 07:15:46.702,0,100,24,81920,54427,26725,42,204.64,5.21,2051942,132548,1919393
2026/02/28 07:15:47.736,0,100,24,81920,54427,26725,42,199.30,5.26,2051942,132550,1919392
2026/02/28 07:15:48.771,0,100,24,81920,54427,26725,42,202.96,6.04,2051942,132569,1919372
2026/02/28 07:15:49.805,0,100,24,81920,54427,26725,42,197.62,5.98,2051942,132580,1919361
2026/02/28 07:15:50.841,0,100,24,81920,54427,26725,42,200.84,5.96,2051942,132579,1919362
2026/02/28 07:15:51.876,0,100,25,81920,54427,26725,42,208.29,7.80,2051942,132559,1919382
2026/02/28 07:15:52.912,0,100,25,81920,54427,26725,42,202.63,8.93,2051942,132559,1919382
2026/02/28 07:15:53.943,0,100,24,81920,54427,26725,42,202.96,8.76,2051942,132558,1919383
2026/02/28 07:15:54.980,0,100,24,81920,54427,26725,42,206.76,8.26,2051942,132546,1919395
2026/02/28 07:15:56.016,0,100,24,81920,54427,26725,42,210.96,8.22,2051942,132539,1919402
2026/02/28 07:15:57.047,0,100,24,81920,54427,26725,43,206.76,7.64,2051942,132545,1919396
2026/02/28 07:15:58.080,0,100,24,81920,54427,26725,43,198.77,6.94,2051942,132551,1919390
2026/02/28 07:15:59.114,0,100,24,81920,54427,26725,43,209.16,6.97,2051942,132560,1919381
2026/02/28 07:16:00.145,0,100,24,81920,54427,26725,43,202.96,8.76,2051942,132620,1919321
2026/02/28 07:16:01.182,0,100,24,81920,54427,26725,43,205.89,7.44,2051942,132651,1919290
2026/02/28 07:16:02.217,0,100,24,81920,54427,26725,43,201.43,7.04,2051942,132625,1919316
2026/02/28 07:16:03.251,0,100,24,81920,54427,26725,43,203.82,7.63,2051942,132611,1919330
2026/02/28 07:16:04.286,0,100,24,81920,54427,26725,43,202.96,8.22,2051942,132608,1919334
2026/02/28 07:16:05.322,0,100,24,81920,54427,26725,43,203.82,7.70,2051942,132604,1919337
2026/02/28 07:16:06.357,0,100,24,81920,54427,26725,43,201.76,7.93,2051942,132612,1919329
2026/02/28 07:16:07.392,0,100,24,81920,54427,26725,43,204.10,8.31,2051942,132616,1919325
2026/02/28 07:16:08.430,0,100,24,81920,54427,26725,43,197.50,8.23,2051942,132605,1919336
2026/02/28 07:16:09.463,0,100,24,81920,54427,26725,43,204.70,6.79,2051942,132607,1919334
2026/02/28 07:16:10.501,0,100,24,81920,54427,26725,43,203.82,6.71,2051942,132603,1919338
2026/02/28 07:16:11.533,0,100,25,81920,54427,26725,43,201.43,6.82,2051942,132609,1919332
2026/02/28 07:16:12.566,0,100,24,81920,54427,26725,43,202.96,8.46,2051942,132637,1919305
2026/02/28 07:16:13.602,0,100,24,81920,54427,26725,44,208.56,8.36,2051942,132633,1919308
2026/02/28 07:16:14.637,0,100,24,81920,54427,26725,44,202.36,8.79,2051942,132630,1919311
2026/02/28 07:16:15.671,0,100,24,81920,54427,26725,44,199.30,9.06,2051942,132601,1919340
2026/02/28 07:16:16.712,0,100,24,81920,54427,26725,44,211.18,8.64,2051942,132600,1919341
2026/02/28 07:16:17.745,0,100,25,81920,54427,26725,44,210.03,7.65,2051942,132591,1919350
2026/02/28 07:16:18.783,0,100,25,81920,54427,26725,44,200.56,5.94,2051942,132602,1919339
2026/02/28 07:16:19.815,0,100,25,81920,54427,26725,44,209.44,8.57,2051942,132597,1919344
2026/02/28 07:16:20.851,0,100,25,81920,54427,26725,44,207.37,8.05,2051942,132605,1919336
2026/02/28 07:16:21.884,0,100,25,81920,54427,26725,44,204.43,5.91,2051942,132602,1919339
2026/02/28 07:16:22.918,0,100,25,81920,54427,26725,44,207.69,7.92,2051942,132590,1919351
2026/02/28 07:16:23.949,0,100,24,81920,54427,26725,43,204.43,8.82,2051942,132592,1919349
2026/02/28 07:16:24.985,0,100,24,81920,54427,26725,43,205.30,6.98,2051942,132582,1919359
2026/02/28 07:16:26.020,0,100,25,81920,54427,26725,43,204.10,7.45,2051942,132581,1919360
2026/02/28 07:16:27.052,0,100,25,81920,54427,26725,43,207.09,7.10,2051942,132555,1919386
2026/02/28 07:16:28.085,0,100,25,81920,54427,26725,44,203.71,6.20,2051942,132565,1919376
2026/02/28 07:16:29.117,0,100,25,81920,54427,26725,44,203.50,7.92,2051942,132562,1919379
2026/02/28 07:16:30.150,0,100,25,81920,54427,26725,44,201.64,9.26,2051942,132569,1919372
2026/02/28 07:16:31.184,0,100,24,81920,54427,26725,43,207.37,7.19,2051942,132580,1919361
2026/02/28 07:16:32.219,0,100,24,81920,54427,26725,43,201.16,8.20,2051942,132581,1919360
2026/02/28 07:16:33.254,0,100,25,81920,54427,26725,43,204.43,6.95,2051942,132587,1919354
2026/02/28 07:16:34.288,0,100,25,81920,54427,26725,43,200.56,8.68,2051942,132436,1919505
2026/02/28 07:16:35.321,0,100,25,81920,54427,26725,43,208.56,7.38,2051942,132446,1919495
2026/02/28 07:16:36.355,0,100,25,81920,54427,26725,43,208.78,6.37,2051942,132454,1919488
2026/02/28 07:16:37.387,0,100,24,81920,54427,26725,44,206.98,7.01,2051942,132464,1919477
2026/02/28 07:16:38.422,0,100,24,81920,54427,26725,43,210.20,7.27,2051942,132763,1919178
2026/02/28 07:16:39.455,0,100,24,81920,54427,26725,43,206.92,6.95,2051942,131599,1920342
2026/02/28 07:16:40.488,0,100,25,81920,54427,26725,43,204.25,6.46,2051942,131598,1920343
2026/02/28 07:16:41.519,0,100,25,81920,54427,26725,43,206.32,5.31,2051942,131655,1920286
2026/02/28 07:16:42.549,0,100,25,81920,54427,26725,44,200.49,7.31,2051942,132290,1919651
2026/02/28 07:16:43.585,0,100,25,81920,54427,26725,44,206.49,6.14,2051942,132468,1919473
2026/02/28 07:16:44.621,0,100,25,81920,54427,26725,44,208.83,7.26,2051942,132462,1919479
2026/02/28 07:16:45.653,0,100,25,81920,54427,26725,44,203.50,6.86,2051942,132452,1919489
2026/02/28 07:16:46.686,0,100,25,81920,54427,26725,44,209.05,7.37,2051942,132474,1919467
2026/02/28 07:16:47.718,0,100,25,81920,54427,26725,44,205.30,9.79,2051942,132444,1919498
2026/02/28 07:16:48.752,0,100,26,81920,54427,26725,44,210.63,7.05,2051942,132423,1919518
2026/02/28 07:16:49.786,0,100,24,81920,54427,26725,44,204.10,7.05,2051942,132431,1919510
2026/02/28 07:16:50.820,0,100,24,81920,54427,26725,44,200.17,6.71,2051942,132431,1919510
2026/02/28 07:16:51.854,0,100,24,81920,54427,26725,44,208.83,7.73,2051942,132402,1919539
2026/02/28 07:16:52.888,0,100,25,81920,54427,26725,44,203.50,10.77,2051942,132369,1919572
2026/02/28 07:16:53.920,0,100,25,81920,54427,26725,44,208.83,7.54,2051942,132344,1919597
2026/02/28 07:16:54.953,0,100,25,81920,54427,26725,44,204.10,7.49,2051942,132325,1919616
2026/02/28 07:16:55.987,0,100,25,81920,54427,26725,44,208.56,6.15,2051942,132331,1919611
2026/02/28 07:16:57.018,0,100,25,81920,54427,26725,44,206.17,7.60,2051942,132319,1919622
2026/02/28 07:16:58.050,0,100,25,81920,54427,26725,44,206.49,5.93,2051942,132310,1919631
2026/02/28 07:16:59.085,0,100,25,81920,54427,26725,44,211.23,7.68,2051942,132286,1919655
2026/02/28 07:17:00.120,0,100,24,81920,54427,26725,44,204.10,7.89,2051942,132258,1919683
2026/02/28 07:17:01.152,0,100,24,81920,54427,26725,44,199.96,8.47,2051942,132246,1919695
2026/02/28 07:17:02.186,0,100,24,81920,54427,26725,44,201.43,6.88,2051942,132209,1919732
2026/02/28 07:17:03.220,0,100,25,81920,54427,26725,44,208.29,7.22,2051942,132209,1919733
2026/02/28 07:17:04.252,0,100,25,81920,54427,26725,44,203.82,7.73,2051942,132209,1919732
2026/02/28 07:17:05.287,0,100,25,81920,54427,26725,44,205.03,7.04,2051942,132198,1919743
2026/02/28 07:17:06.344,0,100,25,81920,54427,26725,44,203.82,7.88,2051942,132184,1919757
2026/02/28 07:17:07.375,0,100,25,81920,54427,26725,44,206.17,7.79,2051942,132166,1919775
2026/02/28 07:17:08.411,0,100,25,81920,54427,26725,44,204.70,6.20,2051942,132159,1919782
2026/02/28 07:17:09.441,0,100,25,81920,54427,26725,44,206.49,8.46,2051942,132148,1919793
2026/02/28 07:17:10.475,0,94,24,81920,54427,26725,44,210.85,7.25,2051942,132134,1919807
2026/02/28 07:17:11.509,0,100,24,81920,54427,26725,44,200.49,7.53,2051942,132146,1919795
2026/02/28 07:17:12.542,0,100,25,81920,54427,26725,44,201.16,7.50,2051942,132133,1919808
2026/02/28 07:17:13.574,0,100,25,81920,54427,26725,44,200.56,7.19,2051942,132208,1919733
2026/02/28 07:17:14.618,0,100,25,81920,54427,26725,44,204.70,10.01,2051942,132273,1919668
2026/02/28 07:17:15.650,0,100,25,81920,54427,26725,44,201.43,8.62,2051942,132480,1919461
2026/02/28 07:17:16.681,0,100,25,81920,54427,26725,44,208.29,8.46,2051942,132488,1919453
2026/02/28 07:17:17.718,0,100,25,81920,54427,26725,44,203.50,7.34,2051942,132518,1919423
2026/02/28 07:17:18.753,0,100,25,81920,54427,26725,44,207.09,9.51,2051942,132506,1919435
2026/02/28 07:17:19.788,0,90,23,81920,54427,26725,44,199.09,6.59,2051942,132502,1919439
2026/02/28 07:17:20.823,0,100,24,81920,54427,26725,44,209.44,7.03,2051942,132510,1919431
2026/02/28 07:17:21.858,0,100,24,81920,54427,26725,44,206.76,8.52,2051942,132454,1919487
2026/02/28 07:17:22.888,0,100,25,81920,54427,26725,44,200.29,6.64,2051942,132513,1919428
2026/02/28 07:17:23.920,0,100,25,81920,54427,26725,44,200.29,8.75,2051942,132504,1919437
2026/02/28 07:17:24.950,0,100,25,81920,54427,26725,44,205.62,7.71,2051942,132503,1919438
2026/02/28 07:17:25.981,0,100,25,81920,54427,26725,44,209.76,8.52,2051942,132515,1919426
2026/02/28 07:17:27.012,0,100,25,81920,54427,26725,44,206.76,7.58,2051942,132517,1919424
2026/02/28 07:17:28.043,0,100,24,81920,54427,26725,43,198.77,6.94,2051942,132497,1919444
2026/02/28 07:17:29.073,0,100,24,81920,54427,26725,43,201.43,8.04,2051942,132478,1919463
2026/02/28 07:17:30.106,0,100,25,81920,54427,26725,43,202.57,8.17,2051942,132472,1919469
2026/02/28 07:17:31.136,0,100,25,81920,54427,26725,43,205.03,8.26,2051942,132461,1919480
2026/02/28 07:17:32.169,0,100,25,81920,54427,26725,43,201.76,9.60,2051942,132466,1919475
2026/02/28 07:17:33.205,0,100,25,81920,54427,26725,43,207.37,9.12,2051942,132457,1919484
2026/02/28 07:17:34.242,0,100,25,81920,54427,26725,43,205.62,9.21,2051942,132426,1919516
2026/02/28 07:17:35.274,0,100,24,81920,54427,26725,43,206.49,6.64,2051942,132412,1919529
2026/02/28 07:17:36.316,0,100,24,81920,54427,26725,43,203.23,8.45,2051942,132419,1919522
2026/02/28 07:17:37.349,0,100,24,81920,54427,26725,43,198.97,8.99,2051942,132349,1919592
2026/02/28 07:17:38.381,0,100,25,81920,54427,26725,43,203.23,8.83,2051942,132356,1919585
2026/02/28 07:17:39.414,0,100,25,81920,54427,26725,43,205.03,7.72,2051942,132354,1919587
2026/02/28 07:17:40.451,0,100,25,81920,54427,26725,43,208.83,8.50,2051942,132368,1919574
2026/02/28 07:17:41.486,0,100,25,81920,54427,26725,43,203.82,7.10,2051942,132356,1919585
2026/02/28 07:17:42.520,0,100,25,81920,54427,26725,43,205.89,7.92,2051942,132346,1919595
2026/02/28 07:17:43.552,0,100,25,81920,54427,26725,43,204.70,8.10,2051942,132326,1919615
2026/02/28 07:17:44.590,0,100,25,81920,54427,26725,43,207.37,8.73,2051942,132312,1919630
2026/02/28 07:17:45.622,0,100,24,81920,54427,26725,43,197.62,7.76,2051942,132300,1919641
2026/02/28 07:17:46.654,0,100,24,81920,54427,26725,43,204.43,7.98,2051942,132278,1919663
2026/02/28 07:17:47.688,0,100,25,81920,54427,26725,43,199.69,7.47,2051942,132270,1919671
2026/02/28 07:17:48.722,0,100,25,81920,54427,26725,43,201.76,8.14,2051942,132249,1919692
2026/02/28 07:17:49.755,0,100,25,81920,54427,26725,43,207.58,6.09,2051942,132238,1919703
2026/02/28 07:17:50.790,0,100,25,81920,54427,26725,43,200.77,6.91,2051942,132233,1919708
2026/02/28 07:17:51.831,0,100,25,81920,54427,26725,43,204.10,6.96,2051942,132229,1919712
2026/02/28 07:17:52.866,0,100,25,81920,54427,26725,43,203.82,8.85,2051942,132225,1919716
2026/02/28 07:17:53.900,0,100,25,81920,54427,26725,43,194.63,8.14,2051942,132225,1919716
2026/02/28 07:17:54.930,0,100,24,81920,54427,26725,43,202.03,6.41,2051942,132263,1919678
2026/02/28 07:17:55.963,0,100,24,81920,54427,26725,43,197.89,7.87,2051942,132265,1919676
2026/02/28 07:17:56.996,0,100,25,81920,54427,26725,43,202.84,6.64,2051942,132280,1919661
2026/02/28 07:17:58.027,0,100,25,81920,54427,26725,43,211.18,7.07,2051942,132292,1919649
2026/02/28 07:17:59.060,0,100,25,81920,54427,26725,43,203.71,6.84,2051942,132395,1919546
2026/02/28 07:18:00.091,0,100,25,81920,54427,26725,43,203.17,5.65,2051942,132234,1919707
2026/02/28 07:18:01.124,0,100,25,81920,54427,26725,43,206.32,5.74,2051942,132443,1919498
2026/02/28 07:18:02.156,0,100,25,81920,54427,26725,43,207.52,5.05,2051942,132425,1919516
2026/02/28 07:18:03.190,0,100,24,81920,54427,26725,43,203.92,4.90,2051942,132425,1919516
2026/02/28 07:18:04.223,0,100,24,81920,54427,26725,43,211.18,5.22,2051942,132410,1919532
2026/02/28 07:18:05.255,0,100,24,81920,54427,26725,43,208.51,5.46,2051942,132418,1919524
2026/02/28 07:18:06.290,0,100,25,81920,54427,26725,43,208.51,5.24,2051942,132406,1919535
2026/02/28 07:18:07.324,0,100,25,81920,54427,26725,43,207.19,5.08,2051942,132389,1919552
2026/02/28 07:18:08.357,0,100,25,81920,54427,26725,43,202.18,5.08,2051942,132377,1919565
2026/02/28 07:18:09.392,0,100,25,81920,54427,26725,43,205.12,5.08,2051942,132353,1919588
2026/02/28 07:18:10.431,0,100,25,81920,54427,26725,43,204.31,5.60,2051942,132342,1919599
2026/02/28 07:18:11.464,0,100,25,81920,54427,26725,43,205.89,6.75,2051942,132348,1919593
2026/02/28 07:18:12.498,0,100,25,81920,54427,26725,43,206.49,6.69,2051942,132355,1919586
2026/02/28 07:18:13.531,0,100,24,81920,54427,26725,43,199.69,7.72,2051942,132353,1919588
2026/02/28 07:18:14.564,0,100,24,81920,54427,26725,43,200.29,10.31,2051942,132362,1919579
2026/02/28 07:18:15.597,0,100,25,81920,54427,26725,43,201.43,8.77,2051942,132395,1919546
2026/02/28 07:18:16.631,0,100,25,81920,54427,26725,43,200.84,8.54,2051942,132376,1919565
2026/02/28 07:18:17.663,0,100,25,81920,54427,26725,43,202.84,6.73,2051942,132379,1919562
2026/02/28 07:18:18.704,0,100,25,81920,54427,26725,43,202.96,8.71,2051942,132397,1919544
2026/02/28 07:18:19.740,0,100,25,81920,54427,26725,43,206.49,6.84,2051942,132367,1919574
2026/02/28 07:18:20.776,0,100,25,81920,54427,26725,43,208.56,9.37,2051942,132374,1919567
2026/02/28 07:18:21.809,0,100,25,81920,54427,26725,43,204.10,9.57,2051942,132392,1919549
2026/02/28 07:18:22.847,0,100,24,81920,54427,26725,43,209.16,7.53,2051942,132342,1919599
2026/02/28 07:18:23.880,0,100,24,81920,54427,26725,43,199.36,7.95,2051942,132348,1919593
2026/02/28 07:18:24.913,0,100,24,81920,54427,26725,43,200.29,7.11,2051942,132360,1919581
2026/02/28 07:18:25.947,0,100,25,81920,54427,26725,44,209.44,7.89,2051942,132355,1919586
2026/02/28 07:18:26.979,0,100,25,81920,54427,26725,44,201.43,8.27,2051942,132350,1919591
2026/02/28 07:18:28.017,0,100,25,81920,54427,26725,44,201.76,8.26,2051942,132357,1919584
2026/02/28 07:18:29.049,0,100,25,81920,54427,26725,44,203.50,9.84,2051942,132355,1919586
2026/02/28 07:18:30.082,0,100,25,81920,54427,26725,44,205.62,7.35,2051942,132368,1919574
2026/02/28 07:18:31.118,0,100,25,81920,54427,26725,44,205.30,8.25,2051942,132361,1919580
2026/02/28 07:18:32.152,0,100,25,81920,54427,26725,44,209.38,7.21,2051942,132330,1919611
2026/02/28 07:18:33.184,0,100,24,81920,54427,26725,44,202.96,5.56,2051942,132326,1919615
2026/02/28 07:18:34.218,0,100,24,81920,54427,26725,44,201.43,8.11,2051942,132318,1919623
2026/02/28 07:18:35.250,0,100,25,81920,54427,26725,44,200.56,9.19,2051942,132343,1919598
2026/02/28 07:18:36.281,0,100,25,81920,54427,26725,44,201.16,8.04,2051942,132352,1919589
2026/02/28 07:18:37.316,0,100,25,81920,54427,26725,44,207.91,7.30,2051942,132347,1919594
2026/02/28 07:18:38.349,0,100,24,81920,54427,26725,44,200.29,8.62,2051942,132351,1919590
2026/02/28 07:18:39.381,0,100,24,81920,54427,26725,44,208.56,8.37,2051942,132352,1919589
2026/02/28 07:18:40.421,0,100,24,81920,54427,26725,44,207.37,10.60,2051942,132350,1919592
2026/02/28 07:18:41.455,0,100,25,81920,54427,26725,44,200.84,10.28,2051942,132345,1919596
2026/02/28 07:18:42.492,0,100,24,81920,54427,26725,44,206.76,6.78,2051942,132331,1919610
2026/02/28 07:18:43.525,0,100,24,81920,54427,26725,44,205.84,7.91,2051942,132333,1919608
2026/02/28 07:18:44.559,0,100,24,81920,54427,26725,44,201.97,9.30,2051942,132328,1919613
2026/02/28 07:18:45.593,0,100,25,81920,54427,26725,44,202.36,7.44,2051942,132339,1919602
2026/02/28 07:18:46.636,0,100,25,81920,54427,26725,44,205.62,7.16,2051942,132329,1919612
2026/02/28 07:18:47.671,0,100,24,81920,54427,26725,44,199.69,7.42,2051942,132319,1919622
2026/02/28 07:18:48.703,0,100,24,81920,54427,26725,44,202.63,7.71,2051942,132326,1919615
2026/02/28 07:18:49.736,0,100,24,81920,54427,26725,44,203.50,6.56,2051942,132305,1919636
2026/02/28 07:18:50.770,0,100,25,81920,54427,26725,44,203.82,8.70,2051942,132317,1919624
2026/02/28 07:18:51.802,0,100,24,81920,54427,26725,44,209.05,7.95,2051942,132308,1919633
2026/02/28 07:18:52.833,0,100,24,81920,54427,26725,44,202.63,6.41,2051942,132318,1919623
2026/02/28 07:18:53.864,0,100,25,81920,54427,26725,44,203.23,9.03,2051942,132321,1919620
2026/02/28 07:18:54.899,0,100,25,81920,54427,26725,44,201.16,6.14,2051942,132317,1919624
2026/02/28 07:18:55.931,0,100,24,81920,54427,26725,44,205.30,6.95,2051942,132314,1919627
2026/02/28 07:18:56.961,0,100,24,81920,54427,26725,44,207.37,6.66,2051942,132319,1919622
2026/02/28 07:18:57.994,0,100,24,81920,54427,26725,44,200.56,8.12,2051942,132302,1919639
2026/02/28 07:18:59.024,0,100,25,81920,54427,26725,44,207.96,6.84,2051942,132306,1919635
2026/02/28 07:19:00.055,0,100,24,81920,54427,26725,44,205.51,7.69,2051942,132295,1919646
2026/02/28 07:19:01.086,0,100,24,81920,54427,26725,44,201.43,8.48,2051942,132304,1919638
2026/02/28 07:19:02.120,0,100,24,81920,54427,26725,44,199.36,8.49,2051942,132565,1919376
2026/02/28 07:19:03.153,0,100,25,81920,54427,26725,44,201.43,8.98,2051942,132585,1919356
2026/02/28 07:19:04.185,0,100,24,81920,54427,26725,44,207.96,7.59,2051942,132605,1919337
2026/02/28 07:19:05.218,0,100,24,81920,54427,26725,44,208.83,6.93,2051942,132623,1919318
2026/02/28 07:19:06.255,0,100,25,81920,54427,26725,44,199.36,8.27,2051942,132630,1919311
2026/02/28 07:19:07.290,0,100,25,81920,54427,26725,44,209.76,7.83,2051942,132637,1919304
2026/02/28 07:19:08.327,0,100,25,81920,54427,26725,44,206.76,8.08,2051942,132647,1919294
2026/02/28 07:19:09.359,0,92,23,81920,54427,26725,44,199.69,8.30,2051942,132653,1919288
2026/02/28 07:19:10.395,0,100,24,81920,54427,26725,44,208.83,9.69,2051942,132631,1919310
2026/02/28 07:19:11.429,0,100,24,81920,54427,26725,44,199.30,6.04,2051942,132635,1919307
2026/02/28 07:19:12.467,0,100,25,81920,54427,26725,44,201.43,7.09,2051942,132643,1919298
2026/02/28 07:19:13.501,0,100,25,81920,54427,26725,44,203.82,7.58,2051942,132699,1919242
2026/02/28 07:19:14.539,0,100,25,81920,54427,26725,44,201.16,8.72,2051942,132707,1919234
2026/02/28 07:19:15.572,0,100,24,81920,54427,26725,44,205.62,10.45,2051942,132660,1919281
2026/02/28 07:19:16.607,0,100,24,81920,54427,26725,44,199.69,7.27,2051942,132656,1919285
2026/02/28 07:19:17.642,0,100,24,81920,54427,26725,44,201.76,8.14,2051942,132645,1919296
2026/02/28 07:19:18.679,0,100,25,81920,54427,26725,44,201.64,7.65,2051942,132653,1919288
2026/02/28 07:19:19.715,0,100,25,81920,54427,26725,44,205.62,7.60,2051942,132645,1919296
2026/02/28 07:19:20.749,0,100,24,81920,54427,26725,44,206.49,8.49,2051942,132640,1919302
2026/02/28 07:19:21.783,0,100,24,81920,54427,26725,44,205.89,6.66,2051942,132633,1919308
2026/02/28 07:19:22.820,0,100,24,81920,54427,26725,44,208.83,6.76,2051942,132633,1919308
2026/02/28 07:19:23.854,0,100,25,81920,54427,26725,44,201.76,6.90,2051942,132646,1919295
2026/02/28 07:19:24.885,0,100,25,81920,54427,26725,44,205.62,9.66,2051942,132651,1919290
2026/02/28 07:19:25.918,0,100,24,81920,54427,26725,44,199.90,7.41,2051942,132612,1919330
2026/02/28 07:19:26.951,0,100,24,81920,54427,26725,44,200.29,7.69,2051942,132620,1919321
2026/02/28 07:19:27.984,0,100,24,81920,54427,26725,44,208.29,9.85,2051942,132631,1919310
2026/02/28 07:19:29.019,0,100,25,81920,54427,26725,44,200.56,6.17,2051942,132634,1919307
2026/02/28 07:19:30.052,0,100,25,81920,54427,26725,44,200.56,9.85,2051942,132616,1919326
2026/02/28 07:19:31.085,0,100,25,81920,54427,26725,44,203.17,7.18,2051942,132625,1919316
2026/02/28 07:19:32.120,0,100,24,81920,54427,26725,44,204.43,7.56,2051942,132615,1919326
2026/02/28 07:19:33.152,0,100,24,81920,54427,26725,44,202.36,6.32,2051942,132612,1919329
2026/02/28 07:19:34.186,0,100,24,81920,54427,26725,44,200.84,6.97,2051942,132604,1919337
2026/02/28 07:19:35.222,0,100,25,81920,54427,26725,44,202.03,9.27,2051942,132608,1919334
2026/02/28 07:19:36.255,0,100,24,81920,54427,26725,44,205.62,6.98,2051942,132625,1919316
2026/02/28 07:19:37.291,0,100,24,81920,54427,26725,44,200.56,8.28,2051942,132601,1919340
2026/02/28 07:19:38.326,0,100,24,81920,54427,26725,44,203.23,7.97,2051942,132593,1919349
2026/02/28 07:19:39.358,0,100,25,81920,54427,26725,44,200.84,8.56,2051942,132595,1919346
2026/02/28 07:19:40.391,0,100,24,81920,54427,26725,43,197.02,8.50,2051942,132610,1919331
2026/02/28 07:19:41.426,0,100,24,81920,54427,26725,43,202.03,6.77,2051942,132612,1919329
2026/02/28 07:19:42.463,0,100,24,81920,54427,26725,43,199.96,8.06,2051942,132609,1919333
2026/02/28 07:19:43.498,0,100,24,81920,54427,26725,43,211.83,7.66,2051942,132598,1919343
2026/02/28 07:19:44.533,0,100,24,81920,54427,26725,43,204.43,7.82,2051942,132596,1919346
2026/02/28 07:19:45.565,0,100,24,81920,54427,26725,43,201.04,7.87,2051942,132578,1919363
2026/02/28 07:19:46.600,0,100,24,81920,54427,26725,43,206.76,7.67,2051942,132572,1919370
2026/02/28 07:19:47.633,0,100,25,81920,54427,26725,43,201.76,7.85,2051942,132584,1919357
2026/02/28 07:19:48.664,0,100,25,81920,54427,26725,43,200.56,6.85,2051942,132607,1919334
2026/02/28 07:19:49.697,0,100,25,81920,54427,26725,43,204.10,7.88,2051942,132596,1919345
2026/02/28 07:19:50.736,0,100,25,81920,54427,26725,43,201.43,7.48,2051942,132584,1919357
2026/02/28 07:19:51.769,0,100,25,81920,54427,26725,43,203.50,7.57,2051942,132588,1919353
2026/02/28 07:19:52.801,0,100,25,81920,54427,26725,43,204.64,8.05,2051942,132584,1919357
2026/02/28 07:19:53.832,0,100,25,81920,54427,26725,43,208.29,10.19,2051942,132582,1919359
2026/02/28 07:19:54.865,0,100,25,81920,54427,26725,43,206.17,7.22,2051942,132587,1919354
2026/02/28 07:19:55.902,0,96,23,81920,54427,26725,43,200.84,6.56,2051942,132575,1919366
2026/02/28 07:19:56.934,0,100,24,81920,54427,26725,43,211.83,8.15,2051942,132584,1919358
2026/02/28 07:19:57.967,0,100,24,81920,54427,26725,43,208.83,6.94,2051942,132572,1919370
2026/02/28 07:19:59.000,0,100,25,81920,54427,26725,43,203.82,7.57,2051942,132553,1919389
2026/02/28 07:20:00.033,0,100,25,81920,54427,26725,43,201.97,6.64,2051942,132538,1919404
2026/02/28 07:20:01.065,0,100,25,81920,54427,26725,43,206.76,6.86,2051942,132548,1919393
2026/02/28 07:20:02.099,0,100,25,81920,54427,26725,43,203.50,7.05,2051942,132536,1919405
2026/02/28 07:20:03.131,0,100,25,81920,54427,26725,43,204.70,7.05,2051942,132551,1919390
2026/02/28 07:20:04.165,0,100,25,81920,54427,26725,43,205.62,7.83,2051942,132554,1919388
2026/02/28 07:20:05.202,0,100,25,81920,54427,26725,43,203.71,8.67,2051942,132546,1919395
2026/02/28 07:20:06.232,0,100,25,81920,54427,26725,43,206.17,6.43,2051942,132558,1919383
2026/02/28 07:20:07.263,0,100,26,81920,54427,26725,43,207.96,8.55,2051942,132570,1919371
2026/02/28 07:20:08.299,0,100,24,81920,54427,26725,43,198.16,10.29,2051942,132582,1919359
2026/02/28 07:20:09.332,0,100,24,81920,54427,26725,43,210.96,6.24,2051942,132600,1919341
2026/02/28 07:20:10.365,0,100,25,81920,54427,26725,43,200.84,8.10,2051942,132602,1919339
2026/02/28 07:20:11.403,0,100,25,81920,54427,26725,43,211.83,7.22,2051942,132595,1919346
2026/02/28 07:20:12.442,0,100,25,81920,54427,26725,43,199.30,7.64,2051942,132590,1919351
2026/02/28 07:20:13.477,0,100,25,81920,54427,26725,43,205.89,10.55,2051942,132543,1919399
2026/02/28 07:20:14.516,0,100,25,81920,54427,26725,43,202.03,9.60,2051942,132538,1919403
2026/02/28 07:20:15.548,0,100,25,81920,54427,26725,43,205.62,7.54,2051942,132538,1919403
2026/02/28 07:20:16.583,0,100,25,81920,54427,26725,43,204.70,6.99,2051942,132546,1919396
2026/02/28 07:20:17.620,0,100,25,81920,54427,26725,43,204.70,7.18,2051942,132548,1919393
2026/02/28 07:20:18.655,0,100,25,81920,54427,26725,43,209.16,9.51,2051942,132549,1919392
2026/02/28 07:20:19.688,0,100,24,81920,54427,26725,43,203.17,7.60,2051942,132560,1919381
2026/02/28 07:20:20.743,0,100,24,81920,54427,26725,43,198.50,7.04,2051942,132558,1919383
2026/02/28 07:20:21.776,0,100,24,81920,54427,26725,43,203.82,5.73,2051942,132557,1919384
2026/02/28 07:20:22.810,0,100,25,81920,54427,26725,43,200.56,7.88,2051942,132546,1919395
2026/02/28 07:20:23.843,0,100,25,81920,54427,26725,43,203.82,7.91,2051942,132534,1919407
2026/02/28 07:20:24.879,0,100,25,81920,54427,26725,43,203.50,7.09,2051942,132525,1919416
2026/02/28 07:20:25.912,0,100,25,81920,54427,26725,43,204.10,7.97,2051942,132531,1919410
2026/02/28 07:20:26.946,0,100,25,81920,54427,26725,43,202.96,7.34,2051942,132536,1919405
2026/02/28 07:20:27.978,0,100,25,81920,54427,26725,43,207.96,7.90,2051942,132528,1919413
2026/02/28 07:20:29.010,0,100,25,81920,54427,26725,43,203.82,8.00,2051942,132508,1919433
2026/02/28 07:20:30.041,0,100,25,81920,54427,26725,43,205.30,8.78,2051942,132513,1919428
2026/02/28 07:20:31.071,0,100,25,81920,54427,26725,43,202.96,7.26,2051942,132526,1919415
2026/02/28 07:20:32.102,0,100,24,81920,54427,26725,43,201.97,6.11,2051942,131575,1920366
2026/02/28 07:20:33.131,0,100,24,81920,54427,26725,43,199.57,7.83,2051942,131570,1920371
2026/02/28 07:20:34.162,0,100,24,81920,54427,26725,43,200.17,7.76,2051942,131608,1920334
2026/02/28 07:20:35.194,0,100,25,81920,54427,26725,43,207.37,9.83,2051942,131661,1920280
2026/02/28 07:20:36.229,0,100,25,81920,54427,26725,43,205.89,8.10,2051942,132089,1919852
2026/02/28 07:20:37.262,0,100,25,81920,54427,26725,43,202.63,6.14,2051942,132260,1919682
2026/02/28 07:20:38.301,0,100,25,81920,54427,26725,43,205.89,9.09,2051942,132267,1919674
2026/02/28 07:20:39.334,0,100,25,81920,54427,26725,43,206.11,8.84,2051942,132278,1919664
2026/02/28 07:20:40.365,0,100,25,81920,54427,26725,43,205.30,8.10,2051942,132283,1919658
2026/02/28 07:20:41.404,0,100,25,81920,54427,26725,43,204.70,6.97,2051942,132269,1919672
2026/02/28 07:20:42.440,0,100,25,81920,54427,26725,43,207.96,7.38,2051942,132256,1919685
2026/02/28 07:20:43.473,0,100,24,81920,54427,26725,42,199.36,9.96,2051942,132249,1919692
2026/02/28 07:20:44.509,0,100,24,81920,54427,26725,42,202.96,7.40,2051942,132249,1919692
2026/02/28 07:20:45.545,0,100,25,81920,54427,26725,42,202.03,8.41,2051942,132237,1919704
2026/02/28 07:20:46.579,0,100,25,81920,54427,26725,42,204.31,8.53,2051942,132227,1919714
2026/02/28 07:20:47.610,0,100,25,81920,54427,26725,42,202.03,8.73,2051942,132213,1919728
2026/02/28 07:20:48.645,0,100,25,81920,54427,26725,42,203.50,7.67,2051942,132215,1919726
2026/02/28 07:20:49.676,0,100,25,81920,54427,26725,42,204.70,8.68,2051942,132230,1919711
2026/02/28 07:20:50.707,0,100,25,81920,54427,26725,42,204.43,9.36,2051942,132293,1919648
2026/02/28 07:20:51.738,0,100,25,81920,54427,26725,42,207.96,6.54,2051942,132277,1919664
2026/02/28 07:20:52.775,0,100,25,81920,54427,26725,43,208.29,8.61,2051942,132258,1919683
2026/02/28 07:20:53.808,0,100,25,81920,54427,26725,43,207.69,7.02,2051942,132245,1919696
2026/02/28 07:20:54.843,0,100,24,81920,54427,26725,42,197.89,9.39,2051942,132226,1919716
2026/02/28 07:20:55.877,0,100,24,81920,54427,26725,42,201.43,7.56,2051942,132187,1919754
2026/02/28 07:20:56.913,0,100,24,81920,54427,26725,42,208.83,8.91,2051942,132195,1919746
2026/02/28 07:20:57.946,0,100,25,81920,54427,26725,42,205.89,8.91,2051942,132185,1919756
2026/02/28 07:20:58.979,0,100,25,81920,54427,26725,42,203.23,7.11,2051942,132190,1919751
2026/02/28 07:21:00.012,0,100,25,81920,54427,26725,42,201.76,8.01,2051942,132170,1919771
2026/02/28 07:21:01.043,0,100,25,81920,54427,26725,42,202.57,6.59,2051942,132177,1919765
2026/02/28 07:21:02.076,0,100,25,81920,54427,26725,42,208.78,8.42,2051942,132162,1919779
2026/02/28 07:21:03.108,0,100,25,81920,54427,26725,42,208.56,7.90,2051942,132155,1919786
2026/02/28 07:21:04.144,0,100,25,81920,54427,26725,42,204.70,6.15,2051942,132144,1919798
2026/02/28 07:21:05.177,0,100,25,81920,54427,26725,42,207.37,7.79,2051942,132141,1919801
2026/02/28 07:21:06.208,0,100,24,81920,54427,26725,42,196.70,7.25,2051942,132134,1919807
2026/02/28 07:21:07.239,0,100,24,81920,54427,26725,42,207.37,6.81,2051942,132217,1919724
2026/02/28 07:21:08.270,0,100,25,81920,54427,26725,42,208.51,5.98,2051942,132272,1919669
2026/02/28 07:21:09.303,0,100,25,81920,54427,26725,42,201.16,6.75,2051942,132474,1919467
2026/02/28 07:21:10.337,0,100,25,81920,54427,26725,43,213.30,7.65,2051942,132463,1919478
2026/02/28 07:21:11.369,0,100,25,81920,54427,26725,43,202.03,7.68,2051942,132471,1919470
2026/02/28 07:21:12.405,0,100,25,81920,54427,26725,43,200.56,8.44,2051942,132458,1919483
2026/02/28 07:21:13.437,0,100,25,81920,54427,26725,43,203.71,7.20,2051942,132456,1919486
2026/02/28 07:21:14.469,0,100,25,81920,54427,26725,43,207.09,9.63,2051942,132471,1919471
2026/02/28 07:21:15.505,0,100,25,81920,54427,26725,43,205.30,7.17,2051942,132450,1919491
2026/02/28 07:21:16.550,0,100,25,81920,54427,26725,43,207.69,8.26,2051942,132441,1919500
2026/02/28 07:21:17.581,0,100,26,81920,54427,26725,43,204.70,7.54,2051942,132419,1919522
2026/02/28 07:21:18.612,0,100,24,81920,54427,26725,43,200.29,8.02,2051942,132444,1919497
2026/02/28 07:21:19.642,0,100,24,81920,54427,26725,43,205.03,9.79,2051942,132551,1919390
2026/02/28 07:21:20.672,0,100,24,81920,54427,26725,43,204.10,7.01,2051942,132600,1919342
2026/02/28 07:21:21.705,0,100,25,81920,54427,26725,43,207.37,7.77,2051942,132583,1919358
2026/02/28 07:21:22.742,0,100,25,81920,54427,26725,43,206.76,6.68,2051942,132581,1919360
2026/02/28 07:21:23.771,0,100,25,81920,54427,26725,43,206.17,8.70,2051942,132564,1919377
2026/02/28 07:21:24.801,0,100,25,81920,54427,26725,43,207.37,7.76,2051942,132564,1919377
2026/02/28 07:21:25.832,0,100,25,81920,54427,26725,43,206.17,7.58,2051942,132558,1919383
2026/02/28 07:21:26.863,0,100,25,81920,54427,26725,43,205.62,7.23,2051942,132556,1919385
2026/02/28 07:21:27.894,0,100,25,81920,54427,26725,43,206.38,8.02,2051942,132529,1919412
2026/02/28 07:21:28.932,0,100,26,81920,54427,26725,43,205.03,8.91,2051942,132525,1919416
2026/02/28 07:21:29.964,0,100,24,81920,54427,26725,43,198.77,6.80,2051942,132523,1919418
2026/02/28 07:21:30.998,0,100,24,81920,54427,26725,43,207.96,7.40,2051942,132522,1919419
2026/02/28 07:21:32.032,0,100,24,81920,54427,26725,43,201.04,10.13,2051942,132514,1919427
2026/02/28 07:21:33.064,0,100,25,81920,54427,26725,43,201.76,7.87,2051942,132455,1919486
2026/02/28 07:21:34.096,0,100,25,81920,54427,26725,43,210.35,7.56,2051942,132449,1919492
2026/02/28 07:21:35.129,0,100,25,81920,54427,26725,43,202.96,8.54,2051942,132460,1919481
2026/02/28 07:21:36.162,0,100,25,81920,54427,26725,43,208.56,7.58,2051942,132465,1919476
2026/02/28 07:21:37.195,0,100,25,81920,54427,26725,43,203.23,6.36,2051942,132468,1919474
2026/02/28 07:21:38.232,0,100,25,81920,54427,26725,43,205.03,8.11,2051942,132463,1919479
2026/02/28 07:21:39.261,0,100,25,81920,54427,26725,43,205.03,10.43,2051942,132476,1919465
2026/02/28 07:21:40.295,0,100,25,81920,54427,26725,43,209.98,8.35,2051942,132469,1919473
2026/02/28 07:21:41.329,0,75,19,81920,54427,26725,43,203.82,7.84,2051942,132464,1919477
2026/02/28 07:21:42.361,0,100,24,81920,54427,26725,43,204.10,8.25,2051942,132473,1919468
2026/02/28 07:21:43.394,0,100,24,81920,54427,26725,43,211.83,7.90,2051942,132460,1919481
2026/02/28 07:21:44.433,0,100,25,81920,54427,26725,43,201.16,7.50,2051942,132471,1919470
2026/02/28 07:21:45.466,0,100,25,81920,54427,26725,43,200.56,7.15,2051942,132468,1919473
2026/02/28 07:21:46.501,0,100,25,81920,54427,26725,43,199.96,8.33,2051942,132453,1919488
2026/02/28 07:21:47.536,0,100,25,81920,54427,26725,43,205.03,5.89,2051942,132261,1919680
2026/02/28 07:21:48.568,0,100,25,81920,54427,26725,43,203.44,6.84,2051942,132245,1919696
2026/02/28 07:21:49.601,0,100,25,81920,54427,26725,43,205.62,10.26,2051942,132356,1919585
2026/02/28 07:21:50.636,0,100,25,81920,54427,26725,43,205.89,7.70,2051942,132360,1919581
2026/02/28 07:21:51.669,0,100,25,81920,54427,26725,43,206.49,6.30,2051942,132357,1919585
2026/02/28 07:21:52.703,0,100,25,81920,54427,26725,43,206.17,7.14,2051942,132359,1919582
2026/02/28 07:21:53.736,0,100,24,81920,54427,26725,43,199.69,7.43,2051942,132378,1919563
2026/02/28 07:21:54.775,0,100,24,81920,54427,26725,43,208.18,6.39,2051942,132361,1919581
2026/02/28 07:21:55.809,0,100,25,81920,54427,26725,43,200.56,7.18,2051942,132353,1919588
2026/02/28 07:21:56.846,0,100,25,81920,54427,26725,43,199.36,9.65,2051942,132352,1919590
2026/02/28 07:21:57.880,0,100,25,81920,54427,26725,43,205.62,6.95,2051942,132361,1919580
2026/02/28 07:21:58.917,0,100,25,81920,54427,26725,43,201.76,7.69,2051942,132350,1919591
2026/02/28 07:21:59.950,0,100,25,81920,54427,26725,43,201.97,6.77,2051942,132361,1919580
2026/02/28 07:22:00.982,0,100,25,81920,54427,26725,43,204.70,7.47,2051942,132383,1919558
2026/02/28 07:22:02.016,0,100,25,81920,54427,26725,43,207.37,9.15,2051942,132365,1919576
2026/02/28 07:22:03.051,0,100,25,81920,54427,26725,43,204.43,9.65,2051942,132362,1919579
2026/02/28 07:22:04.082,0,100,25,81920,54427,26725,43,206.49,10.75,2051942,132368,1919573
2026/02/28 07:22:05.111,0,100,24,81920,54427,26725,43,201.43,7.00,2051942,132379,1919562
2026/02/28 07:22:06.144,0,100,24,81920,54427,26725,43,199.36,7.63,2051942,132382,1919559
2026/02/28 07:22:07.179,0,100,24,81920,54427,26725,43,207.96,6.43,2051942,132381,1919560
2026/02/28 07:22:08.211,0,100,25,81920,54427,26725,43,206.76,8.37,2051942,132364,1919578
2026/02/28 07:22:09.243,0,100,25,81920,54427,26725,43,204.43,6.60,2051942,132356,1919585
2026/02/28 07:22:10.275,0,100,25,81920,54427,26725,43,207.37,6.37,2051942,132351,1919590
2026/02/28 07:22:11.311,0,100,25,81920,54427,26725,43,205.68,7.01,2051942,132353,1919588
2026/02/28 07:22:12.347,0,100,25,81920,54427,26725,43,205.03,6.49,2051942,132347,1919594
2026/02/28 07:22:13.379,0,100,25,81920,54427,26725,43,208.83,7.25,2051942,132335,1919606
2026/02/28 07:22:14.412,0,100,25,81920,54427,26725,43,207.37,8.61,2051942,132323,1919618
2026/02/28 07:22:15.449,0,100,25,81920,54427,26725,43,205.89,9.86,2051942,132318,1919623
2026/02/28 07:22:16.489,0,87,23,81920,54427,26725,43,205.30,7.62,2051942,132317,1919624
2026/02/28 07:22:17.531,0,100,24,81920,54427,26725,43,207.96,7.76,2051942,132318,1919624
2026/02/28 07:22:18.565,0,100,24,81920,54427,26725,43,212.10,6.99,2051942,132304,1919637
2026/02/28 07:22:19.598,0,100,25,81920,54427,26725,43,210.03,7.45,2051942,132317,1919624
2026/02/28 07:22:20.636,0,100,25,81920,54427,26725,43,200.84,7.42,2051942,132322,1919619
2026/02/28 07:22:21.670,0,100,25,81920,54427,26725,43,208.18,9.27,2051942,132343,1919598
2026/02/28 07:22:22.702,0,100,25,81920,54427,26725,43,202.96,7.95,2051942,132335,1919606
2026/02/28 07:22:23.737,0,100,25,81920,54427,26725,43,204.70,8.15,2051942,132326,1919615
2026/02/28 07:22:24.773,0,100,25,81920,54427,26725,43,206.76,6.16,2051942,132325,1919616
2026/02/28 07:22:25.810,0,100,25,81920,54427,26725,43,205.89,6.60,2051942,132330,1919611
2026/02/28 07:22:26.846,0,100,25,81920,54427,26725,43,207.69,7.74,2051942,132339,1919602
2026/02/28 07:22:27.879,0,100,25,81920,54427,26725,43,207.69,8.42,2051942,132342,1919599
2026/02/28 07:22:28.916,0,100,24,81920,54427,26725,43,209.16,9.47,2051942,132352,1919589
2026/02/28 07:22:29.948,0,100,24,81920,54427,26725,43,207.09,8.60,2051942,132364,1919578
2026/02/28 07:22:30.978,0,100,24,81920,54427,26725,43,207.96,7.44,2051942,132375,1919567
2026/02/28 07:22:32.014,0,100,25,81920,54427,26725,43,205.03,7.59,2051942,132359,1919583
2026/02/28 07:22:33.049,0,100,25,81920,54427,26725,43,200.84,7.94,2051942,132369,1919572
2026/02/28 07:22:34.081,0,100,25,81920,54427,26725,43,202.84,7.52,2051942,132379,1919563
2026/02/28 07:22:35.111,0,100,25,81920,54427,26725,43,205.89,10.01,2051942,132369,1919572
2026/02/28 07:22:36.144,0,100,25,81920,54427,26725,43,205.89,7.99,2051942,132362,1919579
2026/02/28 07:22:37.176,0,100,25,81920,54427,26725,43,207.09,6.77,2051942,132361,1919581
2026/02/28 07:22:38.211,0,100,25,81920,54427,26725,43,204.43,9.08,2051942,132373,1919568
2026/02/28 07:22:39.243,0,100,25,81920,54427,26725,43,204.10,8.92,2051942,132377,1919564
2026/02/28 07:22:40.276,0,100,24,81920,54427,26725,43,198.77,10.36,2051942,132369,1919573
2026/02/28 07:22:41.310,0,100,24,81920,54427,26725,43,206.17,8.47,2051942,132366,1919575
2026/02/28 07:22:42.346,0,100,24,81920,54427,26725,42,206.49,7.12,2051942,132379,1919563
2026/02/28 07:22:43.379,0,100,24,81920,54427,26725,42,198.77,7.34,2051942,132366,1919575
2026/02/28 07:22:44.413,0,100,24,81920,54427,26725,42,199.96,8.00,2051942,132362,1919579
2026/02/28 07:22:45.446,0,100,24,81920,54427,26725,42,206.49,7.60,2051942,132352,1919589
2026/02/28 07:22:46.484,0,100,25,81920,54427,26725,42,201.43,6.88,2051942,132348,1919594
2026/02/28 07:22:47.517,0,100,24,81920,54427,26725,42,206.49,8.30,2051942,132355,1919586
2026/02/28 07:22:48.554,0,100,24,81920,54427,26725,42,205.84,7.14,2051942,132359,1919582
2026/02/28 07:22:49.588,0,100,24,81920,54427,26725,42,210.03,8.41,2051942,132274,1919667
2026/02/28 07:22:50.623,0,89,24,81920,54427,26725,43,200.84,7.66,2051942,132324,1919617
2026/02/28 07:22:51.653,0,100,24,81920,54427,26725,42,201.16,7.36,2051942,132590,1919351
2026/02/28 07:22:52.686,0,100,24,81920,54427,26725,42,202.63,9.39,2051942,132586,1919355
2026/02/28 07:22:53.717,0,100,24,81920,54427,26725,42,199.30,6.21,2051942,132596,1919345
2026/02/28 07:22:54.748,0,100,24,81920,54427,26725,42,200.56,6.50,2051942,132600,1919341
2026/02/28 07:22:55.781,0,100,24,81920,54427,26725,42,211.23,7.10,2051942,132588,1919353
2026/02/28 07:22:56.813,0,100,25,81920,54427,26725,42,199.09,8.69,2051942,132582,1919359
2026/02/28 07:22:57.846,0,100,24,81920,54427,26725,42,206.17,6.02,2051942,132580,1919361
2026/02/28 07:22:58.880,0,100,24,81920,54427,26725,42,198.50,7.56,2051942,132578,1919363
2026/02/28 07:22:59.913,0,100,25,81920,54427,26725,42,201.76,7.84,2051942,132553,1919388
2026/02/28 07:23:00.945,0,100,24,81920,54427,26725,42,200.56,7.99,2051942,132557,1919385
2026/02/28 07:23:01.976,0,100,24,81920,54427,26725,42,202.96,7.95,2051942,132579,1919363
2026/02/28 07:23:03.012,0,100,24,81920,54427,26725,42,200.56,5.86,2051942,132564,1919377
2026/02/28 07:23:04.043,0,100,24,81920,54427,26725,42,197.89,6.42,2051942,132561,1919380
2026/02/28 07:23:05.074,0,100,24,81920,54427,26725,42,199.36,8.17,2051942,132579,1919362
2026/02/28 07:23:06.105,0,100,24,81920,54427,26725,42,199.09,6.02,2051942,132579,1919362
2026/02/28 07:23:07.140,0,91,22,81920,54427,26725,42,207.96,8.04,2051942,132564,1919378
2026/02/28 07:23:08.170,0,100,24,81920,54427,26725,42,204.43,7.73,2051942,132573,1919368
2026/02/28 07:23:09.202,0,100,24,81920,54427,26725,42,201.16,7.48,2051942,132559,1919382
2026/02/28 07:23:10.238,0,91,23,81920,54427,26725,42,199.69,6.96,2051942,132552,1919389
2026/02/28 07:23:11.274,0,100,24,81920,54427,26725,42,204.43,7.18,2051942,132571,1919371
2026/02/28 07:23:12.312,0,100,24,81920,54427,26725,42,201.76,8.14,2051942,132577,1919364
2026/02/28 07:23:13.345,0,100,25,81920,54427,26725,42,205.03,6.68,2051942,132575,1919367
2026/02/28 07:23:14.377,0,100,24,81920,54427,26725,42,200.84,8.70,2051942,132574,1919367
2026/02/28 07:23:15.415,0,100,24,81920,54427,26725,42,198.16,9.79,2051942,132602,1919339
2026/02/28 07:23:16.453,0,100,24,81920,54427,26725,42,200.56,9.16,2051942,132613,1919328
2026/02/28 07:23:17.483,0,100,24,81920,54427,26725,42,202.03,7.61,2051942,132622,1919319
2026/02/28 07:23:18.520,0,100,24,81920,54427,26725,42,201.04,9.28,2051942,132615,1919326
2026/02/28 07:23:19.552,0,100,24,81920,54427,26725,42,207.69,7.74,2051942,132615,1919326
2026/02/28 07:23:20.592,0,100,24,81920,54427,26725,42,201.43,7.58,2051942,132627,1919314
2026/02/28 07:23:21.630,0,100,24,81920,54427,26725,42,203.23,9.26,2051942,132603,1919338
2026/02/28 07:23:22.663,0,91,23,81920,54427,26725,42,203.50,6.35,2051942,132608,1919333
2026/02/28 07:23:23.697,0,100,24,81920,54427,26725,42,204.70,8.27,2051942,132592,1919349
2026/02/28 07:23:24.738,0,100,24,81920,54427,26725,42,198.16,6.56,2051942,132595,1919346
2026/02/28 07:23:25.770,0,100,25,81920,54427,26725,42,165.19,6.81,2051942,132592,1919349
2026/02/28 07:23:26.803,0,100,24,81920,54427,26725,42,204.91,9.10,2051942,132596,1919346
2026/02/28 07:23:27.840,0,100,24,81920,54427,26725,42,202.96,7.86,2051942,132605,1919337
2026/02/28 07:23:28.872,0,97,25,81920,54427,26725,42,203.23,8.94,2051942,132722,1919219
2026/02/28 07:23:29.902,0,100,24,81920,54427,26725,42,205.62,8.80,2051942,132646,1919295
2026/02/28 07:23:30.938,0,100,24,81920,54427,26725,42,200.29,7.48,2051942,132658,1919283
2026/02/28 07:23:31.969,0,100,24,81920,54427,26725,42,198.77,8.63,2051942,132682,1919259
2026/02/28 07:23:33.000,0,100,25,81920,54427,26725,42,211.50,5.96,2051942,132680,1919261
2026/02/28 07:23:34.035,0,100,25,81920,54427,26725,42,200.84,7.51,2051942,132675,1919267
2026/02/28 07:23:35.067,0,100,25,81920,54427,26725,42,200.49,7.62,2051942,132682,1919259
2026/02/28 07:23:36.098,0,100,25,81920,54427,26725,42,204.70,7.68,2051942,132675,1919267
2026/02/28 07:23:37.135,0,100,25,81920,54427,26725,42,205.89,7.09,2051942,132669,1919273
2026/02/28 07:23:38.166,0,100,25,81920,54427,26725,42,205.62,7.96,2051942,132668,1919273
2026/02/28 07:23:39.197,0,100,25,81920,54427,26725,42,207.96,8.01,2051942,132584,1919357
2026/02/28 07:23:40.233,0,100,25,81920,54427,26725,42,209.44,8.87,2051942,132600,1919341
2026/02/28 07:23:41.264,0,100,24,81920,54427,26725,42,205.62,8.61,2051942,132608,1919333
2026/02/28 07:23:42.300,0,100,24,81920,54427,26725,42,204.70,7.38,2051942,132599,1919342
2026/02/28 07:23:43.339,0,100,24,81920,54427,26725,42,210.03,6.39,2051942,132588,1919353
2026/02/28 07:23:44.371,0,100,25,81920,54427,26725,42,204.10,8.24,2051942,132589,1919352
2026/02/28 07:23:45.402,0,100,25,81920,54427,26725,42,199.96,6.86,2051942,132613,1919328
2026/02/28 07:23:46.440,0,100,25,81920,54427,26725,42,207.09,9.36,2051942,132615,1919326
2026/02/28 07:23:47.474,0,100,24,81920,54427,26725,42,203.44,8.84,2051942,132622,1919319
2026/02/28 07:23:48.508,0,100,24,81920,54427,26725,42,209.16,7.71,2051942,132644,1919298
2026/02/28 07:23:49.543,0,100,25,81920,54427,26725,42,198.77,7.13,2051942,132637,1919304
2026/02/28 07:23:50.575,0,100,25,81920,54427,26725,42,205.03,7.68,2051942,132680,1919262
2026/02/28 07:23:51.608,0,100,25,81920,54427,26725,42,199.36,7.60,2051942,132649,1919292
2026/02/28 07:23:52.646,0,100,25,81920,54427,26725,42,201.43,6.53,2051942,132653,1919288
2026/02/28 07:23:53.677,0,100,24,81920,54427,26725,42,199.69,8.06,2051942,132639,1919302
2026/02/28 07:23:54.709,0,100,24,81920,54427,26725,42,206.17,5.70,2051942,132634,1919307
2026/02/28 07:23:55.742,0,100,24,81920,54427,26725,42,210.96,8.04,2051942,132637,1919304
2026/02/28 07:23:56.778,0,100,25,81920,54427,26725,42,202.03,8.29,2051942,132630,1919311
2026/02/28 07:23:57.812,0,96,23,81920,54427,26725,42,197.29,7.44,2051942,132623,1919318
2026/02/28 07:23:58.848,0,100,24,81920,54427,26725,42,202.96,6.59,2051942,132620,1919321
2026/02/28 07:23:59.895,0,100,24,81920,54427,26725,42,203.50,8.24,2051942,132611,1919330
2026/02/28 07:24:00.933,0,100,25,81920,54427,26725,42,203.23,7.91,2051942,132630,1919311
2026/02/28 07:24:01.965,0,100,25,81920,54427,26725,42,192.16,9.39,2051942,132657,1919285
2026/02/28 07:24:02.997,0,100,24,81920,54427,26725,42,202.63,7.47,2051942,132635,1919306
2026/02/28 07:24:04.032,0,100,24,81920,54427,26725,42,205.03,9.56,2051942,132629,1919312
2026/02/28 07:24:05.064,0,100,25,81920,54427,26725,42,197.29,6.53,2051942,132637,1919304
2026/02/28 07:24:06.095,0,100,25,81920,54427,26725,42,202.03,7.71,2051942,132638,1919304
2026/02/28 07:24:07.131,0,100,24,81920,54427,26725,42,198.10,8.28,2051942,132635,1919306
2026/02/28 07:24:08.162,0,100,24,81920,54427,26725,42,198.50,7.25,2051942,132636,1919305
2026/02/28 07:24:09.193,0,100,25,81920,54427,26725,42,200.84,8.31,2051942,132637,1919304
2026/02/28 07:24:10.225,0,91,22,81920,54427,26725,42,203.23,7.89,2051942,132647,1919294
2026/02/28 07:24:11.256,0,100,24,81920,54427,26725,42,200.29,8.85,2051942,132663,1919278
2026/02/28 07:24:12.287,0,100,24,81920,54427,26725,42,197.62,6.41,2051942,132687,1919254
2026/02/28 07:24:13.321,0,100,24,81920,54427,26725,42,201.43,7.33,2051942,132677,1919264
2026/02/28 07:24:14.356,0,100,25,81920,54427,26725,42,199.30,9.59,2051942,132675,1919266
2026/02/28 07:24:15.388,0,100,25,81920,54427,26725,42,207.96,8.83,2051942,132665,1919276
2026/02/28 07:24:16.422,0,100,24,81920,54427,26725,42,198.50,8.51,2051942,132650,1919291
2026/02/28 07:24:17.456,0,100,24,81920,54427,26725,42,199.09,6.60,2051942,132652,1919289
2026/02/28 07:24:18.492,0,100,24,81920,54427,26725,42,200.29,7.01,2051942,132844,1919097
2026/02/28 07:24:19.524,0,100,25,81920,54427,26725,42,201.16,6.26,2051942,131743,1920199
2026/02/28 07:24:20.556,0,100,25,81920,54427,26725,42,200.77,6.29,2051942,131719,1920222
2026/02/28 07:24:21.587,0,100,24,81920,54427,26725,42,197.89,6.46,2051942,131786,1920155
2026/02/28 07:24:22.620,0,100,24,81920,54427,26725,42,198.50,8.98,2051942,132370,1919571
2026/02/28 07:24:23.650,0,100,24,81920,54427,26725,42,199.09,8.16,2051942,132512,1919429
2026/02/28 07:24:24.681,0,100,25,81920,54427,26725,42,201.43,7.57,2051942,132524,1919417
2026/02/28 07:24:25.711,0,100,24,81920,54427,26725,42,203.82,7.21,2051942,132510,1919431
2026/02/28 07:24:26.743,0,100,24,81920,54427,26725,42,201.16,7.22,2051942,132483,1919458
2026/02/28 07:24:27.772,0,100,24,81920,54427,26725,42,209.44,7.66,2051942,132477,1919464
2026/02/28 07:24:28.803,0,100,25,81920,54427,26725,42,205.03,8.12,2051942,132460,1919481
2026/02/28 07:24:29.836,0,100,25,81920,54427,26725,42,207.09,9.17,2051942,132449,1919492
2026/02/28 07:24:30.872,0,100,24,81920,54427,26725,42,205.30,6.80,2051942,132426,1919515
2026/02/28 07:24:31.905,0,100,24,81920,54427,26725,42,206.49,9.03,2051942,132384,1919557
2026/02/28 07:24:32.945,0,100,24,81920,54427,26725,42,205.30,7.35,2051942,132394,1919547
2026/02/28 07:24:33.978,0,100,25,81920,54427,26725,42,207.30,8.27,2051942,132368,1919573
2026/02/28 07:24:35.011,0,100,25,81920,54427,26725,42,204.10,9.59,2051942,132355,1919586
2026/02/28 07:24:36.044,0,100,24,81920,54427,26725,42,198.16,5.52,2051942,132352,1919590
2026/02/28 07:24:37.075,0,100,24,81920,54427,26725,42,197.83,6.82,2051942,132331,1919610
2026/02/28 07:24:38.107,0,100,25,81920,54427,26725,42,198.77,7.71,2051942,132260,1919681
2026/02/28 07:24:39.143,0,100,25,81920,54427,26725,42,204.70,9.12,2051942,132246,1919695
2026/02/28 07:24:40.175,0,100,25,81920,54427,26725,42,202.36,9.59,2051942,132241,1919700
2026/02/28 07:24:41.205,0,100,25,81920,54427,26725,42,209.16,8.28,2051942,132232,1919709
2026/02/28 07:24:42.240,0,100,25,81920,54427,26725,42,208.56,6.88,2051942,132186,1919755
2026/02/28 07:24:43.275,0,100,25,81920,54427,26725,42,204.64,7.22,2051942,132162,1919779
2026/02/28 07:24:44.311,0,100,25,81920,54427,26725,42,207.09,8.06,2051942,132134,1919807
2026/02/28 07:24:45.346,0,100,25,81920,54427,26725,42,205.30,8.37,2051942,132124,1919817
2026/02/28 07:24:46.380,0,100,25,81920,54427,26725,42,209.44,7.89,2051942,132128,1919813
2026/02/28 07:24:47.413,0,100,24,81920,54427,26725,42,200.29,6.96,2051942,132119,1919823
2026/02/28 07:24:48.451,0,100,24,81920,54427,26725,42,200.84,7.66,2051942,132116,1919825
2026/02/28 07:24:49.483,0,100,24,81920,54427,26725,42,203.50,8.57,2051942,132117,1919824
2026/02/28 07:24:50.521,0,100,24,81920,54427,26725,42,199.57,10.35,2051942,132133,1919809
2026/02/28 07:24:51.552,0,100,25,81920,54427,26725,42,205.30,7.93,2051942,132136,1919806
2026/02/28 07:24:52.585,0,100,25,81920,54427,26725,42,201.76,7.36,2051942,132132,1919809
2026/02/28 07:24:53.618,0,100,25,81920,54427,26725,42,203.23,6.82,2051942,132164,1919777
2026/02/28 07:24:54.657,0,100,25,81920,54427,26725,42,204.43,6.47,2051942,132387,1919555
2026/02/28 07:24:55.689,0,100,25,81920,54427,26725,42,201.76,7.20,2051942,132375,1919566
2026/02/28 07:24:56.722,0,100,25,81920,54427,26725,42,207.09,8.11,2051942,132361,1919580
2026/02/28 07:24:57.757,0,100,25,81920,54427,26725,42,205.84,9.23,2051942,132348,1919593
2026/02/28 07:24:58.790,0,100,26,81920,54427,26725,42,200.56,7.42,2051942,132324,1919617
2026/02/28 07:24:59.825,0,100,24,81920,54427,26725,42,200.29,6.98,2051942,132345,1919596
2026/02/28 07:25:00.865,0,100,24,81920,54427,26725,42,206.49,8.31,2051942,132331,1919611
2026/02/28 07:25:01.897,0,100,25,81920,54427,26725,42,198.16,8.19,2051942,132342,1919599
2026/02/28 07:25:02.938,0,100,25,81920,54427,26725,42,198.50,6.08,2051942,132313,1919628
2026/02/28 07:25:03.970,0,100,25,81920,54427,26725,42,202.03,8.25,2051942,132293,1919648
2026/02/28 07:25:05.003,0,100,25,81920,54427,26725,42,201.37,7.85,2051942,132295,1919646
2026/02/28 07:25:06.039,0,100,25,81920,54427,26725,42,200.84,7.64,2051942,132287,1919654
2026/02/28 07:25:07.071,0,100,25,81920,54427,26725,42,206.76,8.52,2051942,132290,1919651
2026/02/28 07:25:08.102,0,100,25,81920,54427,26725,42,202.36,7.31,2051942,132266,1919676
2026/02/28 07:25:09.133,0,100,25,81920,54427,26725,42,206.17,7.64,2051942,132264,1919677
2026/02/28 07:25:10.164,0,100,25,81920,54427,26725,42,207.96,8.02,2051942,132251,1919690
2026/02/28 07:25:11.196,0,100,24,81920,54427,26725,42,199.36,7.90,2051942,132250,1919692
2026/02/28 07:25:12.230,0,100,24,81920,54427,26725,42,200.56,7.15,2051942,132247,1919694
2026/02/28 07:25:13.264,0,100,25,81920,54427,26725,42,205.89,9.91,2051942,132234,1919707
2026/02/28 07:25:14.299,0,100,25,81920,54427,26725,42,201.16,8.60,2051942,132231,1919710
2026/02/28 07:25:15.334,0,100,25,81920,54427,26725,42,208.83,8.33,2051942,132229,1919712
2026/02/28 07:25:16.368,0,100,24,81920,54427,26725,42,201.16,8.18,2051942,132290,1919651
2026/02/28 07:25:17.402,0,100,24,81920,54427,26725,42,197.89,6.90,2051942,132274,1919667
2026/02/28 07:25:18.443,0,100,25,81920,54427,26725,42,205.89,6.37,2051942,132276,1919665
2026/02/28 07:25:19.479,0,100,25,81920,54427,26725,42,200.56,7.26,2051942,132269,1919673
2026/02/28 07:25:20.516,0,100,25,81920,54427,26725,42,212.92,7.83,2051942,132266,1919675
2026/02/28 07:25:21.551,0,100,24,81920,54427,26725,42,196.22,9.44,2051942,132259,1919682
2026/02/28 07:25:22.585,0,100,24,81920,54427,26725,42,199.36,6.01,2051942,132269,1919673
2026/02/28 07:25:23.618,0,100,24,81920,54427,26725,42,198.77,6.88,2051942,132262,1919679
2026/02/28 07:25:24.658,0,100,25,81920,54427,26725,42,200.17,5.60,2051942,132261,1919680
2026/02/28 07:25:25.691,0,100,25,81920,54427,26725,42,208.29,6.96,2051942,132262,1919679
2026/02/28 07:25:26.727,0,100,25,81920,54427,26725,42,209.16,7.46,2051942,132264,1919677
2026/02/28 07:25:27.760,0,100,24,81920,54427,26725,42,200.84,7.98,2051942,132267,1919674
2026/02/28 07:25:28.794,0,100,24,81920,54427,26725,42,203.82,8.73,2051942,132273,1919668
2026/02/28 07:25:29.827,0,100,25,81920,54427,26725,42,211.83,8.05,2051942,132263,1919678
2026/02/28 07:25:30.863,0,100,25,81920,54427,26725,42,200.84,9.13,2051942,132274,1919667
2026/02/28 07:25:31.896,0,100,25,81920,54427,26725,42,212.32,7.77,2051942,132185,1919756
2026/02/28 07:25:32.933,0,100,24,81920,54427,26725,42,207.09,8.51,2051942,132172,1919769
2026/02/28 07:25:33.965,0,100,24,81920,54427,26725,42,203.50,7.05,2051942,132156,1919785
2026/02/28 07:25:34.998,0,100,24,81920,54427,26725,42,202.96,8.32,2051942,132155,1919786
2026/02/28 07:25:36.031,0,100,24,81920,54427,26725,42,206.49,6.89,2051942,132157,1919784
2026/02/28 07:25:37.064,0,100,25,81920,54427,26725,42,200.84,6.87,2051942,132156,1919786
2026/02/28 07:25:38.095,0,100,24,81920,54427,26725,42,196.70,9.83,2051942,132142,1919799
2026/02/28 07:25:39.127,0,100,24,81920,54427,26725,42,200.49,7.42,2051942,132185,1919756
2026/02/28 07:25:40.157,0,100,24,81920,54427,26725,42,201.76,10.06,2051942,132221,1919721
2026/02/28 07:25:41.187,0,100,24,81920,54427,26725,42,205.30,8.12,2051942,132231,1919710
2026/02/28 07:25:42.220,0,100,25,81920,54427,26725,42,208.56,10.07,2051942,132238,1919703
2026/02/28 07:25:43.253,0,100,24,81920,54427,26725,42,196.70,7.31,2051942,132240,1919702
2026/02/28 07:25:44.287,0,100,24,81920,54427,26725,42,208.51,8.88,2051942,132230,1919711
2026/02/28 07:25:45.320,0,100,25,81920,54427,26725,43,205.62,6.75,2051942,132217,1919724
2026/02/28 07:25:46.356,0,100,25,81920,54427,26725,43,200.84,8.07,2051942,132414,1919528
2026/02/28 07:25:47.388,0,100,25,81920,54427,26725,43,204.70,7.28,2051942,132435,1919506
2026/02/28 07:25:48.426,0,100,24,81920,54427,26725,43,206.76,8.37,2051942,132427,1919514
2026/02/28 07:25:49.459,0,100,24,81920,54427,26725,43,200.29,7.86,2051942,132412,1919529
2026/02/28 07:25:50.502,0,100,24,81920,54427,26725,43,198.16,7.48,2051942,132402,1919540
2026/02/28 07:25:51.534,0,100,25,81920,54427,26725,43,203.82,5.56,2051942,132415,1919526
2026/02/28 07:25:52.565,0,100,25,81920,54427,26725,43,201.16,8.06,2051942,132420,1919521
2026/02/28 07:25:53.595,0,100,24,81920,54427,26725,43,210.63,7.30,2051942,132407,1919534
2026/02/28 07:25:54.629,0,100,24,81920,54427,26725,43,199.96,9.69,2051942,132396,1919545
2026/02/28 07:25:55.659,0,100,25,81920,54427,26725,43,200.29,8.07,2051942,132403,1919538
2026/02/28 07:25:56.691,0,100,25,81920,54427,26725,43,201.43,7.62,2051942,132393,1919548
2026/02/28 07:25:57.721,0,100,25,81920,54427,26725,43,203.82,8.14,2051942,132364,1919577
2026/02/28 07:25:58.751,0,100,25,81920,54427,26725,43,205.84,8.00,2051942,132355,1919586
2026/02/28 07:25:59.785,0,100,24,81920,54427,26725,43,201.76,7.10,2051942,132367,1919574
2026/02/28 07:26:00.823,0,100,24,81920,54427,26725,43,199.96,8.24,2051942,132339,1919602
2026/02/28 07:26:01.857,0,100,25,81920,54427,26725,43,202.63,7.18,2051942,132333,1919608
2026/02/28 07:26:02.889,0,100,25,81920,54427,26725,43,203.50,8.21,2051942,132325,1919616
2026/02/28 07:26:03.922,0,100,24,81920,54427,26725,43,211.23,7.52,2051942,132316,1919625
2026/02/28 07:26:04.959,0,100,24,81920,54427,26725,43,200.29,8.09,2051942,132305,1919637
2026/02/28 07:26:05.992,0,100,24,81920,54427,26725,43,200.29,10.08,2051942,132293,1919648
2026/02/28 07:26:07.027,0,100,25,81920,54427,26725,43,207.69,6.87,2051942,132282,1919659
2026/02/28 07:26:08.060,0,100,24,81920,54427,26725,43,206.17,6.90,2051942,132284,1919657
2026/02/28 07:26:09.099,0,100,24,81920,54427,26725,43,201.43,7.52,2051942,132271,1919670
2026/02/28 07:26:10.132,0,100,25,81920,54427,26725,43,204.04,6.98,2051942,132261,1919680
2026/02/28 07:26:11.166,0,100,25,81920,54427,26725,43,205.51,6.88,2051942,132259,1919682
2026/02/28 07:26:12.201,0,100,24,81920,54427,26725,43,205.30,7.71,2051942,132261,1919680
2026/02/28 07:26:13.235,0,100,24,81920,54427,26725,43,198.77,6.91,2051942,132247,1919694
2026/02/28 07:26:14.270,0,100,24,81920,54427,26725,43,200.56,7.81,2051942,132236,1919705
2026/02/28 07:26:15.302,0,100,24,81920,54427,26725,43,200.56,8.98,2051942,132236,1919705
2026/02/28 07:26:16.337,0,89,22,81920,54427,26725,43,204.10,7.05,2051942,132237,1919704
2026/02/28 07:26:17.368,0,100,24,81920,54427,26725,43,199.09,8.05,2051942,132236,1919705
2026/02/28 07:26:18.401,0,100,24,81920,54427,26725,43,204.10,6.39,2051942,132229,1919712
2026/02/28 07:26:19.434,0,100,25,81920,54427,26725,43,205.89,7.51,2051942,132219,1919722
2026/02/28 07:26:20.472,0,100,25,81920,54427,26725,43,202.63,8.12,2051942,132214,1919727
2026/02/28 07:26:21.509,0,100,24,81920,54427,26725,43,201.76,7.85,2051942,132225,1919716
2026/02/28 07:26:22.547,0,100,24,81920,54427,26725,43,199.69,8.70,2051942,132231,1919711
2026/02/28 07:26:23.584,0,100,24,81920,54427,26725,43,206.49,8.07,2051942,132221,1919720
2026/02/28 07:26:24.619,0,100,25,81920,54427,26725,43,206.17,6.71,2051942,132217,1919724
2026/02/28 07:26:25.653,0,100,24,81920,54427,26725,43,198.97,7.48,2051942,132225,1919717
2026/02/28 07:26:26.688,0,100,24,81920,54427,26725,43,203.50,6.12,2051942,132215,1919726
2026/02/28 07:26:27.720,0,100,24,81920,54427,26725,43,198.77,6.84,2051942,132236,1919705
2026/02/28 07:26:28.753,0,100,25,81920,54427,26725,43,197.89,7.60,2051942,132232,1919710
2026/02/28 07:26:29.785,0,100,25,81920,54427,26725,43,198.50,8.02,2051942,132231,1919710
2026/02/28 07:26:30.817,0,100,25,81920,54427,26725,43,206.71,7.46,2051942,132244,1919697
2026/02/28 07:26:31.856,0,100,25,81920,54427,26725,43,203.23,11.63,2051942,132222,1919719
2026/02/28 07:26:32.889,0,100,25,81920,54427,26725,43,206.38,5.18,2051942,132222,1919719
2026/02/28 07:26:33.922,0,100,25,81920,54427,26725,43,205.03,7.08,2051942,132229,1919712
2026/02/28 07:26:34.959,0,100,25,81920,54427,26725,43,204.10,8.80,2051942,132231,1919710
2026/02/28 07:26:35.993,0,100,25,81920,54427,26725,43,207.37,7.54,2051942,132232,1919710
2026/02/28 07:26:37.023,0,88,22,81920,54427,26725,43,206.49,8.16,2051942,132248,1919693
2026/02/28 07:26:38.056,0,100,24,81920,54427,26725,43,204.64,6.80,2051942,132230,1919711
2026/02/28 07:26:39.088,0,100,24,81920,54427,26725,43,206.76,9.18,2051942,132254,1919688
2026/02/28 07:26:40.122,0,100,25,81920,54427,26725,43,208.83,8.34,2051942,132255,1919686
2026/02/28 07:26:41.156,0,100,25,81920,54427,26725,43,204.70,7.14,2051942,132237,1919704
2026/02/28 07:26:42.189,0,100,25,81920,54427,26725,43,201.43,9.29,2051942,132254,1919687
2026/02/28 07:26:43.221,0,100,25,81920,54427,26725,43,208.29,8.02,2051942,132266,1919675
2026/02/28 07:26:44.254,0,100,25,81920,54427,26725,43,201.16,8.45,2051942,132261,1919681
2026/02/28 07:26:45.284,0,100,25,81920,54427,26725,43,205.62,7.98,2051942,132267,1919674
2026/02/28 07:26:46.579,0,100,25,81920,54427,26725,43,203.50,7.53,2051942,132277,1919665
2026/02/28 07:26:47.926,0,100,25,81920,54427,26725,43,205.62,8.86,2051942,132293,1919648
2026/02/28 07:26:49.521,0,88,22,81920,54427,26725,42,200.56,9.70,2051942,132251,1919690
2026/02/28 07:26:50.946,0,100,24,81920,54427,26725,42,207.09,9.04,2051942,132241,1919700
2026/02/28 07:26:51.995,0,100,24,81920,54427,26725,42,199.69,8.52,2051942,132155,1919786
2026/02/28 07:26:53.028,0,100,25,81920,54427,26725,42,202.36,7.28,2051942,132177,1919765
2026/02/28 07:26:54.061,0,100,25,81920,54427,26725,42,208.56,6.59,2051942,132432,1919509
2026/02/28 07:26:55.093,0,100,25,81920,54427,26725,42,202.96,7.05,2051942,132443,1919498
2026/02/28 07:26:56.126,0,100,25,81920,54427,26725,42,204.31,8.37,2051942,132434,1919507
2026/02/28 07:26:57.160,0,100,25,81920,54427,26725,42,206.49,8.78,2051942,132422,1919519
2026/02/28 07:26:58.193,0,100,25,81920,54427,26725,43,204.43,7.33,2051942,132428,1919513
2026/02/28 07:26:59.225,0,100,25,81920,54427,26725,43,207.37,7.40,2051942,132421,1919520
2026/02/28 07:27:00.258,0,100,25,81920,54427,26725,43,204.10,8.22,2051942,132439,1919502
2026/02/28 07:27:01.291,0,100,24,81920,54427,26725,42,203.50,7.09,2051942,132414,1919527
2026/02/28 07:27:02.323,0,100,24,81920,54427,26725,42,202.63,8.07,2051942,132397,1919544
2026/02/28 07:27:03.358,0,100,24,81920,54427,26725,42,198.77,8.15,2051942,132418,1919523
2026/02/28 07:27:04.394,0,100,24,81920,54427,26725,42,201.16,6.69,2051942,132423,1919518
2026/02/28 07:27:05.431,0,100,25,81920,54427,26725,42,204.43,6.49,2051942,132402,1919539
2026/02/28 07:27:06.462,0,100,25,81920,54427,26725,42,206.76,7.59,2051942,132411,1919530
2026/02/28 07:27:07.494,0,100,25,81920,54427,26725,42,204.70,7.74,2051942,132411,1919530
2026/02/28 07:27:08.526,0,100,25,81920,54427,26725,42,203.50,7.13,2051942,132418,1919523
2026/02/28 07:27:09.560,0,100,25,81920,54427,26725,42,202.36,9.32,2051942,132404,1919538
2026/02/28 07:27:10.593,0,100,25,81920,54427,26725,42,206.17,7.59,2051942,132401,1919540
2026/02/28 07:27:11.625,0,100,25,81920,54427,26725,43,205.30,6.64,2051942,132395,1919546
2026/02/28 07:27:12.659,0,100,24,81920,54427,26725,42,203.82,7.63,2051942,132386,1919555
2026/02/28 07:27:13.693,0,100,24,81920,54427,26725,42,202.96,6.10,2051942,132379,1919562
2026/02/28 07:27:14.726,0,100,24,81920,54427,26725,42,201.76,8.98,2051942,132382,1919559
2026/02/28 07:27:15.758,0,100,25,81920,54427,26725,42,199.57,8.34,2051942,132382,1919560
2026/02/28 07:27:16.790,0,100,25,81920,54427,26725,42,199.69,6.61,2051942,132380,1919561
2026/02/28 07:27:17.825,0,100,25,81920,54427,26725,42,204.10,7.49,2051942,132370,1919572
2026/02/28 07:27:18.859,0,100,25,81920,54427,26725,42,204.43,7.39,2051942,132361,1919580
2026/02/28 07:27:19.892,0,100,25,81920,54427,26725,42,204.70,9.64,2051942,132368,1919573
2026/02/28 07:27:20.925,0,100,25,81920,54427,26725,42,207.37,6.10,2051942,132368,1919574
2026/02/28 07:27:21.957,0,100,25,81920,54427,26725,42,205.62,6.91,2051942,132371,1919570
2026/02/28 07:27:22.993,0,100,25,81920,54427,26725,42,204.43,6.64,2051942,132379,1919562
2026/02/28 07:27:24.030,0,87,22,81920,54427,26725,42,202.36,8.94,2051942,132434,1919507
2026/02/28 07:27:25.063,0,100,24,81920,54427,26725,42,199.69,9.89,2051942,132443,1919498
2026/02/28 07:27:26.096,0,100,24,81920,54427,26725,42,205.89,6.95,2051942,132450,1919491
2026/02/28 07:27:27.129,0,100,25,81920,54427,26725,42,210.03,7.65,2051942,132445,1919496
2026/02/28 07:27:28.161,0,100,25,81920,54427,26725,42,201.76,6.92,2051942,132435,1919506
2026/02/28 07:27:29.193,0,100,25,81920,54427,26725,42,199.36,8.69,2051942,132438,1919503
2026/02/28 07:27:30.226,0,100,25,81920,54427,26725,42,200.56,6.63,2051942,132394,1919547
2026/02/28 07:27:31.260,0,100,25,81920,54427,26725,42,201.43,7.84,2051942,132375,1919566
2026/02/28 07:27:32.293,0,100,25,81920,54427,26725,42,204.70,7.42,2051942,132373,1919569
2026/02/28 07:27:33.326,0,100,25,81920,54427,26725,42,202.63,8.19,2051942,132367,1919575
2026/02/28 07:27:34.360,0,100,25,81920,54427,26725,42,203.82,8.41,2051942,132377,1919564
2026/02/28 07:27:35.394,0,100,25,81920,54427,26725,42,207.58,8.77,2051942,132393,1919548
2026/02/28 07:27:36.428,0,100,24,81920,54427,26725,42,198.50,8.09,2051942,132405,1919536
2026/02/28 07:27:37.466,0,100,24,81920,54427,26725,42,204.43,7.39,2051942,132408,1919533
2026/02/28 07:27:38.499,0,100,24,81920,54427,26725,42,200.49,7.59,2051942,132391,1919551
2026/02/28 07:27:39.531,0,100,25,81920,54427,26725,42,207.09,9.57,2051942,132413,1919528
2026/02/28 07:27:40.563,0,100,25,81920,54427,26725,42,201.43,8.24,2051942,132409,1919532
2026/02/28 07:27:41.597,0,100,25,81920,54427,26725,42,204.43,8.32,2051942,132435,1919507
2026/02/28 07:27:42.629,0,100,25,81920,54427,26725,42,204.10,8.19,2051942,132414,1919527
2026/02/28 07:27:43.662,0,100,25,81920,54427,26725,42,208.83,8.60,2051942,132429,1919512
2026/02/28 07:27:44.694,0,100,25,81920,54427,26725,42,204.10,8.30,2051942,132449,1919492
2026/02/28 07:27:45.729,0,100,25,81920,54427,26725,42,203.82,8.33,2051942,132470,1919471
2026/02/28 07:27:46.762,0,100,25,81920,54427,26725,42,205.30,8.00,2051942,132466,1919476
2026/02/28 07:27:47.797,0,100,24,81920,54427,26725,42,209.76,6.55,2051942,132458,1919483
2026/02/28 07:27:48.829,0,100,24,81920,54427,26725,42,197.89,7.60,2051942,132494,1919447
2026/02/28 07:27:49.862,0,100,25,81920,54427,26725,42,203.17,8.64,2051942,132490,1919451
2026/02/28 07:27:50.895,0,100,25,81920,54427,26725,42,198.77,8.69,2051942,132484,1919458
2026/02/28 07:27:51.928,0,100,25,81920,54427,26725,42,200.84,9.28,2051942,132362,1919579
2026/02/28 07:27:52.962,0,100,25,81920,54427,26725,42,203.23,7.77,2051942,132356,1919585
2026/02/28 07:27:53.994,0,100,25,81920,54427,26725,42,203.82,8.47,2051942,132353,1919589
2026/02/28 07:27:55.027,0,100,25,81920,54427,26725,42,202.03,7.76,2051942,132344,1919598
2026/02/28 07:27:56.057,0,100,25,81920,54427,26725,42,204.10,5.94,2051942,132349,1919592
2026/02/28 07:27:57.088,0,100,25,81920,54427,26725,42,206.49,6.65,2051942,132350,1919591
2026/02/28 07:27:58.119,0,100,25,81920,54427,26725,42,203.23,7.78,2051942,132337,1919604
2026/02/28 07:27:59.151,0,100,26,81920,54427,26725,42,209.16,8.33,2051942,132326,1919615
2026/02/28 07:28:00.182,0,100,24,81920,54427,26725,42,198.77,6.56,2051942,132316,1919625
2026/02/28 07:28:01.214,0,100,24,81920,54427,26725,42,198.16,8.55,2051942,132309,1919632
2026/02/28 07:28:02.248,0,100,24,81920,54427,26725,42,199.09,6.49,2051942,132310,1919631
2026/02/28 07:28:03.278,0,100,25,81920,54427,26725,42,201.43,7.82,2051942,132300,1919641
2026/02/28 07:28:04.308,0,100,25,81920,54427,26725,42,199.96,7.83,2051942,132304,1919637
2026/02/28 07:28:05.344,0,100,25,81920,54427,26725,42,200.29,6.61,2051942,132328,1919613
2026/02/28 07:28:06.378,0,100,25,81920,54427,26725,42,201.43,9.37,2051942,132331,1919610
2026/02/28 07:28:07.420,0,100,25,81920,54427,26725,42,204.43,8.51,2051942,132353,1919588
2026/02/28 07:28:08.456,0,100,25,81920,54427,26725,42,208.83,8.14,2051942,132361,1919580
2026/02/28 07:28:09.488,0,100,25,81920,54427,26725,42,209.65,6.26,2051942,132360,1919581
2026/02/28 07:28:10.520,0,100,26,81920,54427,26725,42,205.62,9.09,2051942,132358,1919583
2026/02/28 07:28:11.554,0,100,24,81920,54427,26725,42,202.36,7.21,2051942,132346,1919595
2026/02/28 07:28:12.588,0,100,24,81920,54427,26725,42,202.63,7.13,2051942,132354,1919587
2026/02/28 07:28:13.621,0,100,24,81920,54427,26725,42,210.96,7.78,2051942,132322,1919619
2026/02/28 07:28:14.654,0,100,25,81920,54427,26725,42,210.63,8.69,2051942,132316,1919625
2026/02/28 07:28:15.686,0,100,25,81920,54427,26725,42,207.69,9.39,2051942,132335,1919606
2026/02/28 07:28:16.717,0,100,25,81920,54427,26725,42,201.64,8.07,2051942,132350,1919591
2026/02/28 07:28:17.748,0,100,25,81920,54427,26725,42,205.89,8.09,2051942,132354,1919587
2026/02/28 07:28:18.778,0,100,25,81920,54427,26725,42,202.96,6.66,2051942,132366,1919575
2026/02/28 07:28:19.810,0,100,25,81920,54427,26725,42,202.03,7.36,2051942,132489,1919453
2026/02/28 07:28:20.845,0,100,25,81920,54427,26725,42,203.23,8.03,2051942,131457,1920484
2026/02/28 07:28:21.877,0,100,25,81920,54427,26725,42,208.83,7.03,2051942,131458,1920483
2026/02/28 07:28:22.909,0,100,24,81920,54427,26725,42,202.63,6.92,2051942,131511,1920431
2026/02/28 07:28:23.944,0,100,24,81920,54427,26725,42,209.38,9.42,2051942,132107,1919834
2026/02/28 07:28:24.979,0,100,24,81920,54427,26725,42,202.03,7.72,2051942,132277,1919664
2026/02/28 07:28:26.017,0,100,25,81920,54427,26725,42,198.50,8.00,2051942,132241,1919701
2026/02/28 07:28:27.051,0,100,25,81920,54427,26725,42,198.50,9.22,2051942,132250,1919691
2026/02/28 07:28:28.083,0,100,25,81920,54427,26725,42,200.29,8.04,2051942,132234,1919707
2026/02/28 07:28:29.116,0,100,25,81920,54427,26725,42,206.38,7.70,2051942,132210,1919731
2026/02/28 07:28:30.149,0,100,25,81920,54427,26725,42,203.50,7.47,2051942,132210,1919731
2026/02/28 07:28:31.178,0,100,25,81920,54427,26725,42,204.43,8.24,2051942,132226,1919715
2026/02/28 07:28:32.209,0,100,25,81920,54427,26725,42,207.69,8.25,2051942,132228,1919714
2026/02/28 07:28:33.245,0,100,25,81920,54427,26725,42,209.76,6.88,2051942,132210,1919731
2026/02/28 07:28:34.277,0,100,26,81920,54427,26725,42,206.76,8.14,2051942,132198,1919743
2026/02/28 07:28:35.310,0,100,24,81920,54427,26725,42,196.70,9.12,2051942,132168,1919773
2026/02/28 07:28:36.343,0,100,24,81920,54427,26725,42,199.36,7.36,2051942,132142,1919799
2026/02/28 07:28:37.380,0,100,24,81920,54427,26725,42,202.63,6.26,2051942,132115,1919826
2026/02/28 07:28:38.413,0,100,25,81920,54427,26725,42,207.69,9.77,2051942,132099,1919842
2026/02/28 07:28:39.458,0,100,25,81920,54427,26725,42,205.03,6.73,2051942,132103,1919838
2026/02/28 07:28:40.491,0,100,25,81920,54427,26725,42,205.30,7.55,2051942,132103,1919838
2026/02/28 07:28:41.525,0,100,25,81920,54427,26725,42,202.96,8.87,2051942,132110,1919831
2026/02/28 07:28:42.559,0,100,25,81920,54427,26725,42,204.10,9.17,2051942,132081,1919861
2026/02/28 07:28:43.591,0,100,25,81920,54427,26725,42,208.29,6.70,2051942,132058,1919884
2026/02/28 07:28:44.629,0,100,25,81920,54427,26725,42,204.70,7.68,2051942,132020,1919921
2026/02/28 07:28:45.660,0,100,25,81920,54427,26725,42,207.69,8.28,2051942,132005,1919936
2026/02/28 07:28:46.690,0,100,24,81920,54427,26725,42,196.43,8.26,2051942,131990,1919951
2026/02/28 07:28:47.721,0,100,24,81920,54427,26725,42,209.76,8.63,2051942,131994,1919947
2026/02/28 07:28:48.752,0,100,24,81920,54427,26725,42,198.37,6.59,2051942,131991,1919950
2026/02/28 07:28:49.783,0,100,24,81920,54427,26725,42,199.96,7.94,2051942,131984,1919957
2026/02/28 07:28:50.818,0,100,25,81920,54427,26725,42,200.77,8.02,2051942,131975,1919966
2026/02/28 07:28:51.855,0,100,25,81920,54427,26725,42,203.50,8.53,2051942,131989,1919953
2026/02/28 07:28:52.888,0,100,25,81920,54427,26725,42,203.82,8.98,2051942,131995,1919946
2026/02/28 07:28:53.922,0,100,25,81920,54427,26725,42,206.11,6.66,2051942,131943,1919998
2026/02/28 07:28:54.960,0,100,25,81920,54427,26725,42,203.92,7.81,2051942,131974,1919968
2026/02/28 07:28:56.007,0,100,25,81920,54427,26725,42,206.05,7.57,2051942,132113,1919829
2026/02/28 07:28:57.038,0,100,25,81920,54427,26725,42,207.80,5.33,2051942,132117,1919824
2026/02/28 07:28:58.070,0,100,24,81920,54427,26725,42,199.30,5.83,2051942,132140,1919801
2026/02/28 07:28:59.102,0,100,24,81920,54427,26725,42,198.91,5.75,2051942,132137,1919804
2026/02/28 07:29:00.133,0,100,24,81920,54427,26725,42,203.71,5.31,2051942,132128,1919813
2026/02/28 07:29:01.165,0,100,24,81920,54427,26725,42,199.90,5.03,2051942,132123,1919818
2026/02/28 07:29:02.198,0,100,25,81920,54427,26725,42,210.35,5.12,2051942,132099,1919843
2026/02/28 07:29:03.232,0,100,25,81920,54427,26725,42,201.37,6.20,2051942,132104,1919837
2026/02/28 07:29:04.264,0,100,25,81920,54427,26725,42,206.17,7.00,2051942,132112,1919829
2026/02/28 07:29:05.297,0,100,25,81920,54427,26725,42,200.56,8.75,2051942,132105,1919836
2026/02/28 07:29:06.331,0,100,25,81920,54427,26725,42,204.70,6.12,2051942,132127,1919814
2026/02/28 07:29:07.367,0,100,25,81920,54427,26725,43,202.36,7.22,2051942,132124,1919817
2026/02/28 07:29:08.400,0,100,25,81920,54427,26725,43,205.62,6.73,2051942,132125,1919816
2026/02/28 07:29:09.435,0,100,25,81920,54427,26725,43,153.16,8.55,2051942,132122,1919820
2026/02/28 07:29:10.479,0,100,24,81920,54427,26725,43,206.17,7.39,2051942,132123,1919818
2026/02/28 07:29:11.514,0,100,24,81920,54427,26725,43,198.77,7.49,2051942,132214,1919727
2026/02/28 07:29:12.549,0,100,25,81920,54427,26725,43,200.84,6.70,2051942,132210,1919731
2026/02/28 07:29:13.583,0,100,25,81920,54427,26725,43,200.84,7.83,2051942,132211,1919730
2026/02/28 07:29:14.615,0,100,25,81920,54427,26725,44,208.29,10.63,2051942,132148,1919794
2026/02/28 07:29:15.650,0,100,25,81920,54427,26725,44,206.17,8.57,2051942,132182,1919759
2026/02/28 07:29:16.683,0,100,25,81920,54427,26725,44,206.76,7.16,2051942,132191,1919750
2026/02/28 07:29:17.716,0,100,25,81920,54427,26725,44,205.24,6.88,2051942,132195,1919746
2026/02/28 07:29:18.750,0,100,25,81920,54427,26725,44,208.83,8.23,2051942,132196,1919745
2026/02/28 07:29:19.783,0,100,25,81920,54427,26725,44,210.35,6.82,2051942,132161,1919780
2026/02/28 07:29:20.819,0,100,25,81920,54427,26725,44,207.69,6.44,2051942,132166,1919775
2026/02/28 07:29:21.857,0,100,24,81920,54427,26725,44,201.43,8.73,2051942,132157,1919785
2026/02/28 07:29:22.889,0,100,24,81920,54427,26725,44,200.29,6.43,2051942,132168,1919773
2026/02/28 07:29:23.923,0,100,24,81920,54427,26725,44,207.37,8.10,2051942,132152,1919789
2026/02/28 07:29:24.960,0,100,25,81920,54427,26725,44,200.56,7.60,2051942,132154,1919787
2026/02/28 07:29:25.997,0,100,25,81920,54427,26725,44,208.29,6.87,2051942,132136,1919805
2026/02/28 07:29:27.032,0,100,24,81920,54427,26725,44,202.36,6.42,2051942,132138,1919803
2026/02/28 07:29:28.064,0,100,24,81920,54427,26725,44,210.35,7.91,2051942,132155,1919786
2026/02/28 07:29:29.096,0,100,24,81920,54427,26725,44,205.30,8.59,2051942,132156,1919785
2026/02/28 07:29:30.131,0,100,25,81920,54427,26725,44,199.36,7.04,2051942,132185,1919756
2026/02/28 07:29:31.165,0,100,24,81920,54427,26725,44,209.44,8.42,2051942,132313,1919629
2026/02/28 07:29:32.198,0,100,24,81920,54427,26725,44,201.04,8.22,2051942,132136,1919805
2026/02/28 07:29:33.233,0,100,25,81920,54427,26725,44,205.62,7.01,2051942,132152,1919789
2026/02/28 07:29:34.264,0,100,25,81920,54427,26725,44,207.37,8.10,2051942,132146,1919795
2026/02/28 07:29:35.295,0,100,25,81920,54427,26725,44,210.57,8.41,2051942,132149,1919792
2026/02/28 07:29:36.325,0,100,24,81920,54427,26725,44,197.62,8.43,2051942,132160,1919781
2026/02/28 07:29:37.360,0,100,24,81920,54427,26725,44,202.24,5.41,2051942,132163,1919778
2026/02/28 07:29:38.393,0,100,24,81920,54427,26725,44,202.63,7.89,2051942,132154,1919787
2026/02/28 07:29:39.435,0,100,25,81920,54427,26725,44,201.16,9.04,2051942,132153,1919788
2026/02/28 07:29:40.468,0,100,24,81920,54427,26725,44,200.84,8.09,2051942,132145,1919796
2026/02/28 07:29:41.506,0,100,24,81920,54427,26725,44,202.03,8.90,2051942,132178,1919763
2026/02/28 07:29:42.539,0,100,24,81920,54427,26725,44,207.37,6.36,2051942,132120,1919821
2026/02/28 07:29:43.571,0,100,25,81920,54427,26725,44,199.09,8.08,2051942,132195,1919746
2026/02/28 07:29:44.602,0,100,24,81920,54427,26725,44,197.62,6.07,2051942,132189,1919753
2026/02/28 07:29:45.634,0,100,24,81920,54427,26725,44,210.63,7.56,2051942,132184,1919757
2026/02/28 07:29:46.667,0,100,24,81920,54427,26725,44,201.16,9.70,2051942,132204,1919737
2026/02/28 07:29:47.700,0,90,24,81920,54427,26725,44,202.36,7.67,2051942,132217,1919725
2026/02/28 07:29:48.734,0,100,24,81920,54427,26725,44,199.69,8.30,2051942,132227,1919714
2026/02/28 07:29:49.767,0,100,24,81920,54427,26725,44,201.16,6.44,2051942,132223,1919719
2026/02/28 07:29:50.800,0,100,25,81920,54427,26725,44,199.96,7.99,2051942,132214,1919727
2026/02/28 07:29:51.835,0,91,23,81920,54427,26725,43,208.51,6.66,2051942,132224,1919717
2026/02/28 07:29:52.867,0,100,24,81920,54427,26725,44,203.82,9.09,2051942,132236,1919705
2026/02/28 07:29:53.900,0,100,24,81920,54427,26725,44,209.76,9.21,2051942,132258,1919683
2026/02/28 07:29:54.934,0,100,25,81920,54427,26725,44,207.09,7.04,2051942,132254,1919687
2026/02/28 07:29:55.968,0,100,24,81920,54427,26725,43,199.09,10.06,2051942,132256,1919685
2026/02/28 07:29:57.003,0,100,24,81920,54427,26725,43,203.23,7.25,2051942,132275,1919666
2026/02/28 07:29:58.035,0,100,25,81920,54427,26725,44,209.16,9.17,2051942,132276,1919665
2026/02/28 07:29:59.065,0,100,25,81920,54427,26725,44,205.51,8.52,2051942,132265,1919677
2026/02/28 07:30:00.101,0,100,24,81920,54427,26725,44,205.62,6.66,2051942,132252,1919689
2026/02/28 07:30:01.135,0,100,24,81920,54427,26725,43,198.16,6.86,2051942,132247,1919694
2026/02/28 07:30:02.166,0,100,24,81920,54427,26725,43,208.29,8.35,2051942,132329,1919612
2026/02/28 07:30:03.197,0,100,25,81920,54427,26725,43,199.69,7.84,2051942,132343,1919598
2026/02/28 07:30:04.234,0,100,24,81920,54427,26725,43,198.16,8.36,2051942,132318,1919623
2026/02/28 07:30:05.265,0,100,24,81920,54427,26725,43,197.29,8.98,2051942,132355,1919586
2026/02/28 07:30:06.297,0,100,24,81920,54427,26725,43,201.04,7.02,2051942,132338,1919603
2026/02/28 07:30:07.336,0,98,24,81920,54427,26725,43,202.96,8.14,2051942,132316,1919625
2026/02/28 07:30:08.370,0,100,24,81920,54427,26725,43,198.77,7.19,2051942,132298,1919644
2026/02/28 07:30:09.402,0,100,24,81920,54427,26725,43,210.35,7.24,2051942,132304,1919637
2026/02/28 07:30:10.437,0,91,24,81920,54427,26725,43,206.49,8.49,2051942,132296,1919645
2026/02/28 07:30:11.473,0,100,24,81920,54427,26725,43,199.30,7.95,2051942,132313,1919629
2026/02/28 07:30:12.504,0,100,24,81920,54427,26725,43,203.82,7.69,2051942,132309,1919633
2026/02/28 07:30:13.535,0,100,24,81920,54427,26725,43,203.82,6.26,2051942,132256,1919685
2026/02/28 07:30:14.567,0,100,24,81920,54427,26725,43,203.82,9.26,2051942,132266,1919675
2026/02/28 07:30:15.600,0,100,24,81920,54427,26725,43,205.62,8.67,2051942,132250,1919691
2026/02/28 07:30:16.635,0,100,25,81920,54427,26725,43,208.56,6.75,2051942,132234,1919708
2026/02/28 07:30:17.670,0,90,22,81920,54427,26725,43,200.29,6.18,2051942,132230,1919711
2026/02/28 07:30:18.703,0,100,24,81920,54427,26725,43,201.16,7.76,2051942,132243,1919698
2026/02/28 07:30:19.736,0,100,24,81920,54427,26725,43,205.89,8.51,2051942,132254,1919687
2026/02/28 07:30:20.769,0,100,25,81920,54427,26725,43,203.23,6.51,2051942,132252,1919689
2026/02/28 07:30:21.801,0,90,23,81920,54427,26725,43,207.69,7.74,2051942,132251,1919690
2026/02/28 07:30:22.840,0,100,24,81920,54427,26725,43,197.89,9.29,2051942,132239,1919703
2026/02/28 07:30:23.873,0,100,24,81920,54427,26725,43,205.89,6.14,2051942,132223,1919718
2026/02/28 07:30:24.907,0,100,25,81920,54427,26725,43,205.03,6.41,2051942,132214,1919728
2026/02/28 07:30:25.939,0,100,24,81920,54427,26725,43,199.57,8.08,2051942,132211,1919731
2026/02/28 07:30:26.969,0,100,24,81920,54427,26725,43,197.02,7.40,2051942,132207,1919735
2026/02/28 07:30:28.002,0,100,25,81920,54427,26725,43,200.29,8.21,2051942,132219,1919722
2026/02/28 07:30:29.035,0,100,24,81920,54427,26725,43,197.83,6.44,2051942,132213,1919728
2026/02/28 07:30:30.066,0,100,24,81920,54427,26725,43,202.63,8.48,2051942,132217,1919724
2026/02/28 07:30:31.097,0,100,24,81920,54427,26725,43,199.96,6.29,2051942,132220,1919722
2026/02/28 07:30:32.129,0,100,25,81920,54427,26725,43,210.03,8.27,2051942,132203,1919738
2026/02/28 07:30:33.162,0,100,24,81920,54427,26725,43,205.30,6.82,2051942,132193,1919748
2026/02/28 07:30:34.195,0,100,24,81920,54427,26725,43,205.30,8.10,2051942,132194,1919747
2026/02/28 07:30:35.228,0,100,24,81920,54427,26725,43,206.49,8.93,2051942,132169,1919772
2026/02/28 07:30:36.261,0,100,24,81920,54427,26725,43,201.43,7.11,2051942,132098,1919843
2026/02/28 07:30:37.292,0,100,24,81920,54427,26725,43,202.63,6.17,2051942,132163,1919778
2026/02/28 07:30:38.322,0,91,23,81920,54427,26725,42,201.16,7.26,2051942,132514,1919428
2026/02/28 07:30:39.353,0,100,24,81920,54427,26725,42,198.16,8.15,2051942,132504,1919437
2026/02/28 07:30:40.384,0,100,24,81920,54427,26725,42,200.17,7.75,2051942,132523,1919418
2026/02/28 07:30:41.417,0,100,25,81920,54427,26725,43,198.16,9.06,2051942,132518,1919423
2026/02/28 07:30:42.452,0,100,24,81920,54427,26725,42,202.96,7.59,2051942,132509,1919432
2026/02/28 07:30:43.489,0,100,24,81920,54427,26725,42,200.56,7.26,2051942,132508,1919433
2026/02/28 07:30:44.522,0,91,23,81920,54427,26725,42,203.50,6.81,2051942,132497,1919445
2026/02/28 07:30:45.561,0,100,24,81920,54427,26725,42,206.98,6.99,2051942,132481,1919460
2026/02/28 07:30:46.594,0,100,24,81920,54427,26725,42,210.35,8.95,2051942,132468,1919473
2026/02/28 07:30:47.627,0,100,24,81920,54427,26725,42,196.70,8.38,2051942,132458,1919483
2026/02/28 07:30:48.663,0,100,24,81920,54427,26725,42,199.96,7.50,2051942,132446,1919496
2026/02/28 07:30:49.695,0,100,24,81920,54427,26725,42,198.77,8.88,2051942,132445,1919496
2026/02/28 07:30:50.727,0,100,24,81920,54427,26725,42,199.36,7.74,2051942,132438,1919503
2026/02/28 07:30:51.760,0,100,24,81920,54427,26725,42,209.44,6.70,2051942,132428,1919513
2026/02/28 07:30:52.792,0,100,24,81920,54427,26725,42,201.04,6.72,2051942,132429,1919512
2026/02/28 07:30:53.825,0,100,24,81920,54427,26725,42,196.70,10.22,2051942,132436,1919505
2026/02/28 07:30:54.861,0,100,24,81920,54427,26725,42,198.77,10.80,2051942,132444,1919497
2026/02/28 07:30:55.893,0,100,24,81920,54427,26725,42,207.09,7.69,2051942,132427,1919514
2026/02/28 07:30:56.926,0,100,24,81920,54427,26725,42,199.09,9.92,2051942,132451,1919490
2026/02/28 07:30:57.962,0,100,24,81920,54427,26725,42,205.03,6.62,2051942,132470,1919471
2026/02/28 07:30:58.997,0,100,24,81920,54427,26725,43,205.03,8.63,2051942,132467,1919474
2026/02/28 07:31:00.040,0,100,24,81920,54427,26725,42,198.70,8.04,2051942,132452,1919489
2026/02/28 07:31:01.076,0,100,24,81920,54427,26725,42,205.30,8.34,2051942,132455,1919486
2026/02/28 07:31:02.112,0,100,24,81920,54427,26725,42,199.69,10.56,2051942,132452,1919489
2026/02/28 07:31:03.145,0,100,24,81920,54427,26725,42,205.89,7.15,2051942,132437,1919504
2026/02/28 07:31:04.179,0,100,24,81920,54427,26725,42,202.03,8.75,2051942,132448,1919493
2026/02/28 07:31:05.212,0,91,23,81920,54427,26725,42,199.36,6.48,2051942,132438,1919503
2026/02/28 07:31:06.244,0,100,24,81920,54427,26725,42,199.69,8.82,2051942,132442,1919500
2026/02/28 07:31:07.276,0,100,24,81920,54427,26725,42,202.36,6.66,2051942,132459,1919482
2026/02/28 07:31:08.310,0,100,24,81920,54427,26725,42,198.50,6.82,2051942,132460,1919482
2026/02/28 07:31:09.343,0,100,24,81920,54427,26725,42,205.03,8.49,2051942,132413,1919528
2026/02/28 07:31:10.375,0,100,24,81920,54427,26725,42,199.09,6.09,2051942,132399,1919542
2026/02/28 07:31:11.411,0,100,25,81920,54427,26725,42,200.84,8.68,2051942,132389,1919552
2026/02/28 07:31:12.445,0,100,24,81920,54427,26725,42,201.97,7.20,2051942,132395,1919546
2026/02/28 07:31:13.479,0,100,24,81920,54427,26725,42,197.29,8.18,2051942,132387,1919554
2026/02/28 07:31:14.512,0,100,24,81920,54427,26725,42,211.23,8.77,2051942,132382,1919559
2026/02/28 07:31:15.545,0,91,23,81920,54427,26725,42,209.76,8.56,2051942,132373,1919568
2026/02/28 07:31:16.589,0,100,24,81920,54427,26725,42,196.70,8.92,2051942,132368,1919573
2026/02/28 07:31:17.623,0,100,24,81920,54427,26725,42,205.89,5.36,2051942,132354,1919587
2026/02/28 07:31:18.658,0,100,24,81920,54427,26725,42,200.84,7.28,2051942,132355,1919586
2026/02/28 07:31:19.691,0,100,24,81920,54427,26725,42,201.16,6.87,2051942,132353,1919589
2026/02/28 07:31:20.725,0,100,24,81920,54427,26725,42,207.96,7.33,2051942,132523,1919418
2026/02/28 07:31:21.760,0,100,25,81920,54427,26725,42,198.16,7.39,2051942,132508,1919433
2026/02/28 07:31:22.793,0,100,24,81920,54427,26725,42,206.17,7.66,2051942,132522,1919419
2026/02/28 07:31:23.827,0,100,24,81920,54427,26725,42,198.77,7.55,2051942,132514,1919427
2026/02/28 07:31:24.863,0,100,24,81920,54427,26725,42,210.03,7.18,2051942,132529,1919412
2026/02/28 07:31:25.893,0,100,24,81920,54427,26725,42,210.03,5.89,2051942,132530,1919412
2026/02/28 07:31:26.924,0,100,24,81920,54427,26725,42,198.77,8.40,2051942,132519,1919422
2026/02/28 07:31:27.959,0,100,24,81920,54427,26725,42,198.16,8.74,2051942,132537,1919404
2026/02/28 07:31:28.991,0,91,23,81920,54427,26725,42,204.70,8.08,2051942,132414,1919527
2026/02/28 07:31:30.035,0,100,24,81920,54427,26725,42,199.36,7.71,2051942,132449,1919493
2026/02/28 07:31:31.069,0,100,24,81920,54427,26725,42,197.89,7.85,2051942,132447,1919495
2026/02/28 07:31:32.106,0,100,25,81920,54427,26725,42,205.03,8.49,2051942,132448,1919494
2026/02/28 07:31:33.141,0,100,25,81920,54427,26725,42,202.03,8.32,2051942,132435,1919506
2026/02/28 07:31:34.173,0,100,24,81920,54427,26725,42,201.37,7.87,2051942,132433,1919508
2026/02/28 07:31:35.205,0,100,24,81920,54427,26725,42,202.03,7.15,2051942,132434,1919507
2026/02/28 07:31:36.241,0,100,25,81920,54427,26725,42,200.56,7.64,2051942,132438,1919504
2026/02/28 07:31:37.274,0,100,24,81920,54427,26725,42,205.30,6.22,2051942,132436,1919505
2026/02/28 07:31:38.307,0,100,24,81920,54427,26725,42,207.96,8.19,2051942,132431,1919510
2026/02/28 07:31:39.341,0,100,25,81920,54427,26725,42,198.77,7.58,2051942,132442,1919499
2026/02/28 07:31:40.372,0,100,25,81920,54427,26725,42,200.29,8.16,2051942,132464,1919477
2026/02/28 07:31:41.405,0,100,24,81920,54427,26725,42,204.10,8.18,2051942,132499,1919443
2026/02/28 07:31:42.442,0,100,24,81920,54427,26725,42,204.43,7.23,2051942,132509,1919432
2026/02/28 07:31:43.480,0,91,23,81920,54427,26725,42,197.29,9.24,2051942,132502,1919440
2026/02/28 07:31:44.512,0,100,24,81920,54427,26725,42,197.89,8.45,2051942,132497,1919445
2026/02/28 07:31:45.546,0,100,24,81920,54427,26725,42,203.23,7.42,2051942,132481,1919460
2026/02/28 07:31:46.578,0,100,25,81920,54427,26725,42,203.44,7.39,2051942,132458,1919484
2026/02/28 07:31:47.612,0,100,24,81920,54427,26725,42,202.63,7.97,2051942,132467,1919474
2026/02/28 07:31:48.643,0,100,24,81920,54427,26725,42,198.16,8.42,2051942,132456,1919485
2026/02/28 07:31:49.674,0,100,24,81920,54427,26725,42,199.96,7.74,2051942,132473,1919468
2026/02/28 07:31:50.706,0,100,25,81920,54427,26725,43,198.50,8.67,2051942,132474,1919468
2026/02/28 07:31:51.742,0,100,24,81920,54427,26725,42,197.89,7.06,2051942,132467,1919474
2026/02/28 07:31:52.774,0,100,24,81920,54427,26725,42,199.09,9.27,2051942,132468,1919473
2026/02/28 07:31:53.806,0,100,24,81920,54427,26725,42,209.65,7.88,2051942,132463,1919478
2026/02/28 07:31:54.844,0,90,23,81920,54427,26725,42,199.36,7.09,2051942,132483,1919459
2026/02/28 07:31:55.877,0,100,24,81920,54427,26725,42,207.69,7.44,2051942,132467,1919475
2026/02/28 07:31:56.910,0,100,24,81920,54427,26725,42,205.51,6.83,2051942,132459,1919483
2026/02/28 07:31:57.944,0,100,24,81920,54427,26725,42,201.16,8.21,2051942,132453,1919489
2026/02/28 07:31:58.977,0,100,25,81920,54427,26725,42,199.09,5.45,2051942,132448,1919494
2026/02/28 07:32:00.012,0,100,24,81920,54427,26725,42,204.10,8.03,2051942,132451,1919491
2026/02/28 07:32:01.045,0,100,24,81920,54427,26725,42,206.76,5.68,2051942,132715,1919226
2026/02/28 07:32:02.081,0,100,24,81920,54427,26725,42,203.50,8.41,2051942,131255,1920686
2026/02/28 07:32:03.111,0,100,25,81920,54427,26725,42,204.70,6.75,2051942,131267,1920674
2026/02/28 07:32:04.143,0,100,24,81920,54427,26725,42,197.29,7.32,2051942,131318,1920624
2026/02/28 07:32:05.174,0,100,24,81920,54427,26725,42,203.82,9.46,2051942,131388,1920553
2026/02/28 07:32:06.205,0,100,25,81920,54427,26725,42,199.36,9.38,2051942,131923,1920018
2026/02/28 07:32:07.237,0,100,25,81920,54427,26725,42,199.69,8.24,2051942,132095,1919846
2026/02/28 07:32:08.271,0,100,25,81920,54427,26725,42,199.69,6.90,2051942,132070,1919871
2026/02/28 07:32:09.304,0,100,24,81920,54427,26725,42,207.09,7.68,2051942,132049,1919892
2026/02/28 07:32:10.337,0,100,24,81920,54427,26725,42,207.37,8.52,2051942,132050,1919891
2026/02/28 07:32:11.372,0,100,25,81920,54427,26725,42,202.96,6.70,2051942,132059,1919882
2026/02/28 07:32:12.405,0,100,24,81920,54427,26725,42,199.36,7.68,2051942,132052,1919889
2026/02/28 07:32:13.443,0,100,24,81920,54427,26725,42,207.09,7.73,2051942,132046,1919895
2026/02/28 07:32:14.476,0,99,24,81920,54427,26725,42,203.82,9.39,2051942,132039,1919903
2026/02/28 07:32:15.513,0,100,24,81920,54427,26725,42,208.83,9.48,2051942,132025,1919916
2026/02/28 07:32:16.544,0,100,24,81920,54427,26725,42,205.89,7.36,2051942,132017,1919924
2026/02/28 07:32:17.617,0,100,24,81920,54427,26725,42,209.16,8.35,2051942,132012,1919929
2026/02/28 07:32:18.649,0,100,24,81920,54427,26725,42,208.83,6.20,2051942,132018,1919923
2026/02/28 07:32:19.681,0,100,24,81920,54427,26725,42,202.03,8.73,2051942,132025,1919916
2026/02/28 07:32:20.713,0,100,25,81920,54427,26725,42,203.44,7.75,2051942,132025,1919916
2026/02/28 07:32:21.746,0,100,24,81920,54427,26725,42,209.44,6.49,2051942,132021,1919920
2026/02/28 07:32:22.779,0,100,24,81920,54427,26725,42,205.30,6.00,2051942,132022,1919920
2026/02/28 07:32:23.814,0,100,25,81920,54427,26725,42,198.50,8.71,2051942,132015,1919926
2026/02/28 07:32:24.849,0,100,25,81920,54427,26725,42,199.09,7.29,2051942,132011,1919931
2026/02/28 07:32:25.882,0,100,25,81920,54427,26725,42,202.36,6.83,2051942,132023,1919918
2026/02/28 07:32:26.913,0,100,24,81920,54427,26725,42,198.77,8.68,2051942,132031,1919910
2026/02/28 07:32:27.945,0,100,24,81920,54427,26725,42,198.50,7.99,2051942,132052,1919889
2026/02/28 07:32:28.977,0,100,25,81920,54427,26725,42,210.35,9.58,2051942,132064,1919877
2026/02/28 07:32:30.012,0,100,25,81920,54427,26725,42,200.84,8.51,2051942,132049,1919892
2026/02/28 07:32:31.046,0,100,25,81920,54427,26725,42,207.37,7.46,2051942,132054,1919887
2026/02/28 07:32:32.081,0,100,24,81920,54427,26725,42,197.29,10.46,2051942,132035,1919907
2026/02/28 07:32:33.113,0,100,24,81920,54427,26725,42,206.38,7.89,2051942,132030,1919911
2026/02/28 07:32:34.145,0,100,25,81920,54427,26725,42,200.56,6.43,2051942,132033,1919908
2026/02/28 07:32:35.179,0,100,25,81920,54427,26725,43,208.83,7.86,2051942,132051,1919890
2026/02/28 07:32:36.211,0,100,25,81920,54427,26725,43,205.89,9.59,2051942,132056,1919885
2026/02/28 07:32:37.245,0,100,24,81920,54427,26725,43,205.89,7.35,2051942,132060,1919881
2026/02/28 07:32:38.278,0,100,24,81920,54427,26725,43,211.45,5.53,2051942,132065,1919876
2026/02/28 07:32:39.310,0,100,25,81920,54427,26725,43,199.36,10.89,2051942,132071,1919871
2026/02/28 07:32:40.346,0,100,25,81920,54427,26725,43,200.29,7.25,2051942,132081,1919861
2026/02/28 07:32:41.381,0,100,24,81920,54427,26725,43,203.82,7.60,2051942,132239,1919702
2026/02/28 07:32:42.413,0,100,24,81920,54427,26725,43,202.63,8.17,2051942,132317,1919625
2026/02/28 07:32:43.448,0,100,24,81920,54427,26725,43,201.76,7.74,2051942,132315,1919626
2026/02/28 07:32:44.480,0,100,24,81920,54427,26725,43,202.36,6.59,2051942,132304,1919637
2026/02/28 07:32:45.516,0,100,24,81920,54427,26725,43,203.82,8.63,2051942,132282,1919659
2026/02/28 07:32:46.549,0,100,24,81920,54427,26725,43,198.50,8.61,2051942,132181,1919760
2026/02/28 07:32:47.582,0,100,25,81920,54427,26725,43,201.64,7.96,2051942,132171,1919770
2026/02/28 07:32:48.614,0,100,25,81920,54427,26725,43,200.29,8.80,2051942,132171,1919770
2026/02/28 07:32:49.647,0,100,25,81920,54427,26725,43,200.56,8.25,2051942,132111,1919830
2026/02/28 07:32:50.680,0,100,24,81920,54427,26725,43,203.23,6.39,2051942,132107,1919834
2026/02/28 07:32:51.713,0,100,24,81920,54427,26725,43,206.17,7.27,2051942,132166,1919775
2026/02/28 07:32:52.747,0,100,24,81920,54427,26725,43,197.29,7.34,2051942,132150,1919792
2026/02/28 07:32:53.780,0,100,25,81920,54427,26725,43,211.83,8.24,2051942,132146,1919795
2026/02/28 07:32:54.816,0,100,25,81920,54427,26725,43,205.89,7.21,2051942,132135,1919806
2026/02/28 07:32:55.849,0,100,25,81920,54427,26725,43,203.50,8.41,2051942,132132,1919809
2026/02/28 07:32:56.883,0,100,24,81920,54427,26725,43,201.76,6.81,2051942,132138,1919803
2026/02/28 07:32:57.916,0,100,24,81920,54427,26725,43,208.56,8.11,2051942,132129,1919813
2026/02/28 07:32:58.953,0,100,24,81920,54427,26725,43,198.50,7.01,2051942,132087,1919854
2026/02/28 07:32:59.987,0,100,25,81920,54427,26725,43,205.89,7.87,2051942,132092,1919849
2026/02/28 07:33:01.024,0,100,25,81920,54427,26725,43,210.96,8.64,2051942,132108,1919833
2026/02/28 07:33:02.068,0,100,24,81920,54427,26725,43,200.56,5.79,2051942,132085,1919857
2026/02/28 07:33:03.103,0,100,24,81920,54427,26725,43,203.23,7.55,2051942,132082,1919859
2026/02/28 07:33:04.135,0,100,24,81920,54427,26725,43,208.83,8.30,2051942,132041,1919900
2026/02/28 07:33:05.171,0,100,25,81920,54427,26725,43,206.17,7.39,2051942,132051,1919890
2026/02/28 07:33:06.203,0,91,23,81920,54427,26725,43,199.69,9.72,2051942,132092,1919849
2026/02/28 07:33:07.237,0,100,24,81920,54427,26725,43,199.09,6.80,2051942,132089,1919852
2026/02/28 07:33:08.272,0,100,24,81920,54427,26725,43,204.10,8.03,2051942,132057,1919884
2026/02/28 07:33:09.305,0,100,25,81920,54427,26725,43,207.69,7.16,2051942,132042,1919899
2026/02/28 07:33:10.339,0,100,25,81920,54427,26725,43,213.62,7.63,2051942,132054,1919887
2026/02/28 07:33:11.376,0,100,25,81920,54427,26725,43,202.36,7.70,2051942,132048,1919893
2026/02/28 07:33:12.411,0,100,24,81920,54427,26725,43,207.69,7.49,2051942,132045,1919897
2026/02/28 07:33:13.452,0,100,24,81920,54427,26725,43,206.17,7.30,2051942,132049,1919892
2026/02/28 07:33:14.485,0,100,25,81920,54427,26725,43,207.96,9.73,2051942,132044,1919898
2026/02/28 07:33:15.521,0,100,25,81920,54427,26725,43,207.69,8.49,2051942,132034,1919907
2026/02/28 07:33:16.554,0,92,24,81920,54427,26725,43,204.70,7.96,2051942,132032,1919909
2026/02/28 07:33:17.586,0,100,24,81920,54427,26725,43,199.36,8.18,2051942,132030,1919911
2026/02/28 07:33:18.639,0,100,24,81920,54427,26725,43,205.30,8.37,2051942,132031,1919911
2026/02/28 07:33:19.671,0,100,25,81920,54427,26725,43,200.56,7.52,2051942,132024,1919917
2026/02/28 07:33:20.703,0,100,24,81920,54427,26725,43,199.36,10.22,2051942,132103,1919838
2026/02/28 07:33:21.737,0,100,24,81920,54427,26725,43,199.36,7.61,2051942,132136,1919805
2026/02/28 07:33:22.771,0,100,24,81920,54427,26725,43,211.18,9.23,2051942,132146,1919796
2026/02/28 07:33:23.804,0,100,24,81920,54427,26725,43,202.96,7.33,2051942,132153,1919789
2026/02/28 07:33:24.840,0,100,25,81920,54427,26725,43,199.69,6.51,2051942,132085,1919856
2026/02/28 07:33:25.874,0,100,24,81920,54427,26725,43,202.36,7.84,2051942,132115,1919826
2026/02/28 07:33:26.907,0,100,24,81920,54427,26725,43,204.04,8.09,2051942,132260,1919682
2026/02/28 07:33:27.938,0,100,24,81920,54427,26725,43,202.03,10.15,2051942,132262,1919679
2026/02/28 07:33:28.971,0,100,25,81920,54427,26725,43,205.62,7.45,2051942,132319,1919622
2026/02/28 07:33:30.004,0,100,25,81920,54427,26725,43,238.49,8.74,2051942,132307,1919634
2026/02/28 07:33:31.040,0,100,24,81920,54427,26725,43,198.77,6.41,2051942,132302,1919639
2026/02/28 07:33:32.075,0,100,24,81920,54427,26725,43,207.69,9.55,2051942,132294,1919647
2026/02/28 07:33:33.108,0,100,25,81920,54427,26725,43,211.50,8.77,2051942,132280,1919661
2026/02/28 07:33:34.143,0,100,24,81920,54427,26725,43,203.44,6.33,2051942,132267,1919674
2026/02/28 07:33:35.250,0,100,24,81920,54427,26725,43,207.69,10.32,2051942,132326,1919616
2026/02/28 07:33:36.287,0,100,25,81920,54427,26725,43,202.63,9.95,2051942,132330,1919612
2026/02/28 07:33:37.319,0,100,24,81920,54427,26725,43,197.29,7.37,2051942,132310,1919631
2026/02/28 07:33:38.383,0,100,24,81920,54427,26725,43,203.89,8.32,2051942,132329,1919612
2026/02/28 07:33:39.416,0,100,24,81920,54427,26725,43,199.96,7.60,2051942,132320,1919621
2026/02/28 07:33:40.447,0,100,24,81920,54427,26725,43,206.49,7.68,2051942,132306,1919635
2026/02/28 07:33:41.485,0,100,24,81920,54427,26725,43,198.77,9.17,2051942,132253,1919689
2026/02/28 07:33:42.515,0,100,24,81920,54427,26725,43,202.63,7.59,2051942,132238,1919703
2026/02/28 07:33:43.548,0,100,25,81920,54427,26725,43,203.82,8.24,2051942,132235,1919706
2026/02/28 07:33:44.586,0,100,25,81920,54427,26725,43,199.69,6.98,2051942,132224,1919717
2026/02/28 07:33:45.618,0,100,24,81920,54427,26725,43,207.09,8.55,2051942,132230,1919711
2026/02/28 07:33:46.651,0,100,24,81920,54427,26725,43,201.16,8.55,2051942,132219,1919722
2026/02/28 07:33:47.687,0,100,24,81920,54427,26725,43,207.09,6.93,2051942,132215,1919727
2026/02/28 07:33:48.719,0,100,25,81920,54427,26725,43,199.90,8.56,2051942,132148,1919794
2026/02/28 07:33:49.751,0,90,23,81920,54427,26725,42,197.02,7.23,2051942,132147,1919794
2026/02/28 07:33:50.788,0,100,24,81920,54427,26725,43,207.37,7.17,2051942,132137,1919804
2026/02/28 07:33:51.822,0,100,24,81920,54427,26725,42,201.43,8.72,2051942,132119,1919822
2026/02/28 07:33:52.858,0,100,25,81920,54427,26725,43,205.62,7.31,2051942,132117,1919824
2026/02/28 07:33:53.893,0,100,25,81920,54427,26725,43,208.78,7.09,2051942,132116,1919825
2026/02/28 07:33:54.926,0,100,24,81920,54427,26725,42,203.50,7.79,2051942,132119,1919822
2026/02/28 07:33:55.959,0,100,24,81920,54427,26725,42,198.50,7.85,2051942,132136,1919806
2026/02/28 07:33:56.994,0,100,24,81920,54427,26725,42,202.03,8.26,2051942,132136,1919805
2026/02/28 07:33:58.026,0,100,24,81920,54427,26725,42,211.83,6.60,2051942,132154,1919787
2026/02/28 07:33:59.062,0,100,24,81920,54427,26725,42,201.16,8.08,2051942,132149,1919792
2026/02/28 07:34:00.101,0,100,24,81920,54427,26725,42,208.56,9.20,2051942,132149,1919792
2026/02/28 07:34:01.134,0,100,25,81920,54427,26725,42,202.84,7.58,2051942,132149,1919792
2026/02/28 07:34:02.170,0,100,25,81920,54427,26725,42,207.09,7.30,2051942,132136,1919805
2026/02/28 07:34:03.203,0,100,24,81920,54427,26725,42,198.16,8.09,2051942,132145,1919796
2026/02/28 07:34:04.235,0,100,24,81920,54427,26725,42,208.83,7.69,2051942,132149,1919792
2026/02/28 07:34:05.272,0,100,24,81920,54427,26725,42,199.69,7.23,2051942,132142,1919799
2026/02/28 07:34:06.309,0,100,25,81920,54427,26725,43,208.83,5.92,2051942,132134,1919807
2026/02/28 07:34:07.345,0,100,24,81920,54427,26725,42,208.83,7.35,2051942,132125,1919816
2026/02/28 07:34:08.379,0,100,24,81920,54427,26725,42,198.10,6.81,2051942,132133,1919808
2026/02/28 07:34:09.412,0,100,25,81920,54427,26725,42,201.76,6.80,2051942,132141,1919800
2026/02/28 07:34:10.445,0,100,25,81920,54427,26725,42,206.38,9.11,2051942,132152,1919789
2026/02/28 07:34:11.477,0,100,24,81920,54427,26725,42,200.29,7.42,2051942,132122,1919819
2026/02/28 07:34:12.510,0,100,24,81920,54427,26725,42,198.50,8.60,2051942,132122,1919820
2026/02/28 07:34:13.542,0,100,24,81920,54427,26725,42,203.23,9.35,2051942,132122,1919819
2026/02/28 07:34:14.576,0,100,25,81920,54427,26725,42,206.76,10.21,2051942,132101,1919840
2026/02/28 07:34:15.607,0,100,24,81920,54427,26725,42,205.84,8.60,2051942,132119,1919823
2026/02/28 07:34:16.640,0,100,24,81920,54427,26725,42,202.63,7.62,2051942,132120,1919821
2026/02/28 07:34:17.672,0,100,24,81920,54427,26725,42,197.89,7.50,2051942,132122,1919820
2026/02/28 07:34:18.705,0,100,25,81920,54427,26725,42,205.30,8.24,2051942,132097,1919844
2026/02/28 07:34:19.737,0,100,25,81920,54427,26725,42,205.30,7.66,2051942,132100,1919841
2026/02/28 07:34:20.771,0,100,24,81920,54427,26725,42,203.71,8.06,2051942,132106,1919835
2026/02/28 07:34:21.804,0,100,24,81920,54427,26725,42,206.49,7.30,2051942,132105,1919837
2026/02/28 07:34:22.838,0,100,25,81920,54427,26725,42,206.98,8.04,2051942,132116,1919825
2026/02/28 07:34:23.871,0,100,24,81920,54427,26725,42,201.16,8.16,2051942,132126,1919815
2026/02/28 07:34:24.905,0,100,24,81920,54427,26725,42,205.30,7.71,2051942,132132,1919810
2026/02/28 07:34:25.936,0,100,25,81920,54427,26725,42,210.03,7.00,2051942,132033,1919908
2026/02/28 07:34:26.971,0,100,24,81920,54427,26725,42,197.62,8.26,2051942,132054,1919888
2026/02/28 07:34:28.004,0,100,24,81920,54427,26725,42,210.96,6.15,2051942,132402,1919539
2026/02/28 07:34:29.036,0,100,24,81920,54427,26725,42,206.49,8.86,2051942,132392,1919549
2026/02/28 07:34:30.074,0,100,24,81920,54427,26725,42,205.62,7.72,2051942,132386,1919555
2026/02/28 07:34:31.109,0,100,24,81920,54427,26725,42,201.16,7.31,2051942,132362,1919579
2026/02/28 07:34:32.154,0,100,24,81920,54427,26725,41,127.49,8.03,2051942,132361,1919581
2026/02/28 07:34:33.190,0,100,24,81920,54427,26725,42,196.43,9.49,2051942,132457,1919485
2026/02/28 07:34:34.222,0,100,24,81920,54427,26725,42,206.49,8.79,2051942,132451,1919490
2026/02/28 07:34:35.259,0,91,23,81920,54427,26725,42,198.97,7.14,2051942,132427,1919514
2026/02/28 07:34:36.298,0,100,24,81920,54427,26725,42,198.16,8.35,2051942,132449,1919493
2026/02/28 07:34:37.331,0,100,24,81920,54427,26725,42,198.50,6.68,2051942,132454,1919487
2026/02/28 07:34:38.362,0,100,24,81920,54427,26725,42,203.82,8.15,2051942,132431,1919510
2026/02/28 07:34:39.401,0,100,24,81920,54427,26725,42,197.62,8.33,2051942,132427,1919515
2026/02/28 07:34:40.434,0,100,24,81920,54427,26725,42,210.63,7.51,2051942,132432,1919510
2026/02/28 07:34:41.465,0,100,24,81920,54427,26725,42,202.03,10.66,2051942,132449,1919493
2026/02/28 07:34:42.498,0,100,24,81920,54427,26725,42,202.03,7.42,2051942,132440,1919502
2026/02/28 07:34:43.530,0,100,24,81920,54427,26725,42,198.50,7.33,2051942,132412,1919529
2026/02/28 07:34:44.563,0,100,25,81920,54427,26725,42,205.89,7.17,2051942,132409,1919532
2026/02/28 07:34:45.597,0,100,24,81920,54427,26725,42,204.43,7.49,2051942,132413,1919528
2026/02/28 07:34:46.630,0,100,24,81920,54427,26725,42,210.03,7.10,2051942,132410,1919531
2026/02/28 07:34:47.664,0,100,24,81920,54427,26725,42,210.63,9.11,2051942,132390,1919551
2026/02/28 07:34:48.698,0,100,24,81920,54427,26725,42,196.70,8.43,2051942,132382,1919559
2026/02/28 07:34:49.732,0,100,24,81920,54427,26725,42,202.57,7.97,2051942,132376,1919565
2026/02/28 07:34:50.765,0,100,24,81920,54427,26725,41,176.89,7.51,2051942,132375,1919566
2026/02/28 07:34:51.798,0,100,24,81920,54427,26725,42,205.03,9.62,2051942,132375,1919566
2026/02/28 07:34:52.835,0,100,24,81920,54427,26725,42,204.70,6.11,2051942,132369,1919573
2026/02/28 07:34:53.873,0,100,24,81920,54427,26725,42,210.35,7.57,2051942,132388,1919553
2026/02/28 07:34:54.904,0,100,24,81920,54427,26725,42,206.38,7.98,2051942,132291,1919650
2026/02/28 07:34:55.935,0,100,24,81920,54427,26725,42,197.02,10.57,2051942,132351,1919590
2026/02/28 07:34:56.968,0,100,25,81920,54427,26725,42,211.83,6.88,2051942,132377,1919564
2026/02/28 07:34:58.003,0,100,24,81920,54427,26725,42,201.76,9.34,2051942,132380,1919561
2026/02/28 07:34:59.036,0,100,24,81920,54427,26725,42,205.30,8.88,2051942,132374,1919567
2026/02/28 07:35:00.076,0,100,24,81920,54427,26725,42,197.62,8.65,2051942,132379,1919562
2026/02/28 07:35:01.111,0,100,24,81920,54427,26725,42,198.77,8.30,2051942,132373,1919568
2026/02/28 07:35:02.147,0,100,24,81920,54427,26725,42,207.09,6.79,2051942,132369,1919572
2026/02/28 07:35:03.180,0,100,24,81920,54427,26725,42,204.43,8.82,2051942,132381,1919560
2026/02/28 07:35:04.212,0,100,24,81920,54427,26725,42,199.36,6.98,2051942,132404,1919537
2026/02/28 07:35:05.245,0,100,24,81920,54427,26725,42,199.96,8.60,2051942,132413,1919528
2026/02/28 07:35:06.281,0,100,24,81920,54427,26725,42,205.62,8.15,2051942,132405,1919536
2026/02/28 07:35:07.313,0,100,24,81920,54427,26725,42,201.16,6.12,2051942,132405,1919536
2026/02/28 07:35:08.346,0,100,24,81920,54427,26725,42,201.16,7.57,2051942,132389,1919552
2026/02/28 07:35:09.378,0,100,24,81920,54427,26725,42,200.56,6.59,2051942,132424,1919517
2026/02/28 07:35:10.412,0,100,24,81920,54427,26725,42,201.16,9.44,2051942,132402,1919540
2026/02/28 07:35:11.445,0,100,24,81920,54427,26725,42,200.29,7.95,2051942,132402,1919539
2026/02/28 07:35:12.477,0,100,24,81920,54427,26725,42,205.62,9.97,2051942,132398,1919543
2026/02/28 07:35:13.510,0,100,24,81920,54427,26725,42,202.63,7.83,2051942,132382,1919559
2026/02/28 07:35:14.543,0,100,25,81920,54427,26725,42,202.36,10.83,2051942,132444,1919497
2026/02/28 07:35:15.577,0,100,24,81920,54427,26725,42,196.70,8.89,2051942,132501,1919441
2026/02/28 07:35:16.610,0,100,24,81920,54427,26725,42,198.16,9.42,2051942,132520,1919421
2026/02/28 07:35:17.642,0,100,25,81920,54427,26725,42,199.09,7.16,2051942,132501,1919440
2026/02/28 07:35:18.677,0,100,25,81920,54427,26725,42,200.84,6.67,2051942,132411,1919530
2026/02/28 07:35:19.710,0,100,24,81920,54427,26725,42,198.50,7.80,2051942,132409,1919532
2026/02/28 07:35:20.743,0,100,24,81920,54427,26725,42,204.43,6.03,2051942,132402,1919539
2026/02/28 07:35:21.778,0,100,25,81920,54427,26725,42,206.76,7.55,2051942,132395,1919546
2026/02/28 07:35:22.810,0,100,24,81920,54427,26725,42,200.29,8.60,2051942,132373,1919568
2026/02/28 07:35:23.843,0,100,24,81920,54427,26725,42,210.35,7.48,2051942,132345,1919596
2026/02/28 07:35:24.877,0,100,24,81920,54427,26725,42,205.89,6.66,2051942,132328,1919613
2026/02/28 07:35:25.910,0,100,24,81920,54427,26725,42,196.70,6.79,2051942,132310,1919631
2026/02/28 07:35:26.944,0,100,24,81920,54427,26725,42,197.62,9.39,2051942,132276,1919665
2026/02/28 07:35:27.977,0,100,24,81920,54427,26725,42,207.69,9.30,2051942,132329,1919612
2026/02/28 07:35:29.008,0,100,25,81920,54427,26725,42,197.89,8.74,2051942,132383,1919559
2026/02/28 07:35:30.039,0,100,24,81920,54427,26725,42,206.76,10.10,2051942,132467,1919475
2026/02/28 07:35:31.073,0,100,24,81920,54427,26725,42,206.49,7.99,2051942,132491,1919450
2026/02/28 07:35:32.108,0,100,24,81920,54427,26725,42,200.29,7.45,2051942,132372,1919569
2026/02/28 07:35:33.142,0,96,24,81920,54427,26725,42,206.17,8.97,2051942,132334,1919607
2026/02/28 07:35:34.179,0,100,24,81920,54427,26725,42,198.16,8.70,2051942,132316,1919626
2026/02/28 07:35:35.210,0,100,24,81920,54427,26725,42,203.23,8.48,2051942,132293,1919648
2026/02/28 07:35:36.241,0,100,25,81920,54427,26725,42,202.63,8.55,2051942,132277,1919664
2026/02/28 07:35:37.277,0,91,23,81920,54427,26725,42,204.91,8.96,2051942,132269,1919673
2026/02/28 07:35:38.313,0,100,24,81920,54427,26725,42,206.17,8.91,2051942,132255,1919686
2026/02/28 07:35:39.346,0,100,24,81920,54427,26725,42,196.70,9.91,2051942,132265,1919677
2026/02/28 07:35:40.381,0,100,25,81920,54427,26725,42,208.56,9.72,2051942,132321,1919620
2026/02/28 07:35:41.412,0,100,24,81920,54427,26725,42,198.16,9.76,2051942,132354,1919588
2026/02/28 07:35:42.445,0,100,24,81920,54427,26725,42,209.05,9.32,2051942,132388,1919553
2026/02/28 07:35:43.478,0,100,24,81920,54427,26725,42,205.51,7.91,2051942,132409,1919532
2026/02/28 07:35:44.511,0,90,22,81920,54427,26725,42,196.43,8.23,2051942,132423,1919518
2026/02/28 07:35:45.737,0,100,24,81920,54427,26725,42,208.29,7.58,2051942,132452,1919489
2026/02/28 07:35:46.770,0,100,24,81920,54427,26725,42,202.03,9.72,2051942,132437,1919504
2026/02/28 07:35:47.804,0,100,24,81920,54427,26725,42,208.56,9.75,2051942,132420,1919522
2026/02/28 07:35:48.839,0,100,24,81920,54427,26725,42,200.49,8.27,2051942,132376,1919565
2026/02/28 07:35:49.869,0,100,24,81920,54427,26725,42,210.35,25.08,2051942,132389,1919552
2026/02/28 07:35:50.903,0,100,24,81920,54427,26725,42,204.04,10.73,2051942,132419,1919522
2026/02/28 07:35:51.936,0,100,24,81920,54427,26725,42,205.89,9.19,2051942,132447,1919495
2026/02/28 07:35:52.969,0,100,24,81920,54427,26725,42,202.63,8.92,2051942,132437,1919504
2026/02/28 07:35:54.002,0,89,23,81920,54427,26725,42,202.96,9.07,2051942,132440,1919501
2026/02/28 07:35:55.034,0,100,24,81920,54427,26725,42,206.49,9.86,2051942,132440,1919502
2026/02/28 07:35:56.068,0,100,24,81920,54427,26725,42,208.56,8.79,2051942,132451,1919491
2026/02/28 07:35:57.105,0,100,25,81920,54427,26725,42,202.96,8.94,2051942,132431,1919510
2026/02/28 07:35:58.144,0,100,24,81920,54427,26725,42,197.89,7.26,2051942,132445,1919496
2026/02/28 07:35:59.181,0,100,24,81920,54427,26725,42,199.36,8.81,2051942,131542,1920400
2026/02/28 07:36:00.212,0,100,24,81920,54427,26725,42,199.36,8.82,2051942,131527,1920414
2026/02/28 07:36:01.244,0,10,3,81920,54427,26725,40,121.00,6.46,2051942,131584,1920357
2026/02/28 07:36:02.282,0,100,3,81920,0,81152,39,123.68,10.59,2051942,129381,1922560
2026/02/28 07:36:03.319,0,100,3,81920,0,81152,38,123.47,6.50,2051942,128727,1923214
2026/02/28 07:36:04.352,0,0,0,81920,0,81152,38,120.08,8.27,2051942,128973,1922968
2026/02/28 07:36:05.385,0,0,0,81920,0,81152,36,68.49,6.52,2051942,128868,1923074
2026/02/28 07:36:06.416,0,0,0,81920,0,81152,35,67.02,9.98,2051942,129019,1922922
2026/02/28 07:36:07.446,0,0,0,81920,0,81152,35,66.41,7.91,2051942,129050,1922892
2026/02/28 07:36:08.481,0,0,0,81920,0,81152,34,66.68,6.31,2051942,128987,1922954
2026/02/28 07:36:09.512,0,0,0,81920,0,81152,34,66.41,6.19,2051942,129001,1922940
2026/02/28 07:36:10.543,0,0,0,81920,0,81152,34,66.41,5.52,2051942,129020,1922921
2026/02/28 07:36:11.582,0,0,0,81920,0,81152,34,66.41,7.87,2051942,129029,1922912
2026/02/28 07:36:12.614,0,0,0,81920,0,81152,33,66.16,6.13,2051942,129032,1922909
2026/02/28 07:36:13.646,0,0,0,81920,0,81152,33,65.81,6.23,2051942,129026,1922916
2026/02/28 07:36:14.682,0,0,0,81920,0,81152,33,66.09,8.90,2051942,129054,1922888
2026/02/28 07:36:15.712,0,0,0,81920,0,81152,33,65.54,10.50,2051942,129094,1922847
2026/02/28 07:36:16.742,0,0,0,81920,0,81152,33,66.16,7.66,2051942,129214,1922727
2026/02/28 07:36:17.773,0,0,0,81920,0,81152,33,65.81,9.27,2051942,129240,1922701
2026/02/28 07:36:18.806,0,0,0,81920,0,81152,32,65.61,8.54,2051942,129275,1922667
2026/02/28 07:36:19.837,0,0,0,81920,0,81152,32,65.81,7.37,2051942,129302,1922639
2026/02/28 07:36:20.867,0,0,0,81920,0,81152,32,65.22,7.51,2051942,129335,1922607
2026/02/28 07:36:21.902,0,0,0,81920,0,81152,32,65.22,6.90,2051942,129328,1922614
2026/02/28 07:36:22.937,0,0,0,81920,0,81152,32,65.61,6.67,2051942,129345,1922596
2026/02/28 07:36:23.969,0,0,0,81920,0,81152,32,65.28,7.72,2051942,129368,1922573
2026/02/28 07:36:25.008,0,0,0,81920,0,81152,32,65.61,5.91,2051942,129410,1922531
2026/02/28 07:36:26.046,0,0,0,81920,0,81152,32,65.22,8.19,2051942,129536,1922406
2026/02/28 07:36:27.084,0,0,0,81920,0,81152,32,65.54,7.92,2051942,129348,1922593
2026/02/28 07:36:28.119,0,0,0,81920,0,81152,31,65.54,9.64,2051942,129422,1922519
2026/02/28 07:36:29.152,0,0,0,81920,0,81152,31,65.54,7.98,2051942,129535,1922406
2026/02/28 07:36:30.186,0,0,0,81920,0,81152,31,65.01,11.50,2051942,129817,1922124
2026/02/28 07:36:31.216,0,0,0,81920,0,81152,31,65.61,7.71,2051942,129901,1922040
2026/02/28 07:36:32.247,0,0,0,81920,0,81152,31,65.28,6.82,2051942,129787,1922155
2026/02/28 07:36:33.278,0,0,0,81920,0,81152,31,65.22,7.31,2051942,129840,1922101
2026/02/28 07:36:34.316,0,0,0,81920,0,81152,31,65.88,6.25,2051942,129839,1922102
2026/02/28 07:36:35.346,0,0,0,81920,0,81152,31,65.22,9.34,2051942,129900,1922041
2026/02/28 07:36:36.377,0,0,0,81920,0,81152,31,65.61,8.14,2051942,129849,1922092
2026/02/28 07:36:37.410,0,0,0,81920,0,81152,31,65.61,8.26,2051942,129892,1922049
2026/02/28 07:36:38.440,0,0,0,81920,0,81152,31,65.28,8.79,2051942,129931,1922010
2026/02/28 07:36:39.471,0,0,0,81920,0,81152,31,65.28,7.78,2051942,129975,1921967
2026/02/28 07:36:40.507,0,0,0,81920,0,81152,31,65.28,9.85,2051942,130023,1921919
2026/02/28 07:36:41.537,0,0,0,81920,0,81152,31,65.22,7.24,2051942,130109,1921832
2026/02/28 07:36:42.567,0,0,0,81920,0,81152,31,65.28,9.64,2051942,130358,1921584
2026/02/28 07:36:43.603,0,0,0,81920,0,81152,31,65.54,9.01,2051942,130372,1921569
2026/02/28 07:36:44.633,0,0,0,81920,0,81152,31,65.01,7.07,2051942,130391,1921551
2026/02/28 07:36:45.664,0,0,0,81920,0,81152,30,65.22,9.74,2051942,130410,1921531
2026/02/28 07:36:46.695,0,0,0,81920,0,81152,30,65.28,6.70,2051942,130421,1921520
2026/02/28 07:36:47.725,0,0,0,81920,0,81152,30,64.95,8.02,2051942,130424,1921517
2026/02/28 07:36:48.757,0,0,0,81920,0,81152,30,65.01,6.30,2051942,130450,1921491
2026/02/28 07:36:49.788,0,0,0,81920,0,81152,30,64.95,7.42,2051942,130455,1921486
2026/02/28 07:36:50.820,0,0,0,81920,0,81152,30,65.01,10.36,2051942,130443,1921498
2026/02/28 07:36:51.849,0,0,0,81920,0,81152,30,64.95,8.01,2051942,129931,1922010
2026/02/28 07:36:52.880,0,0,0,81920,0,81152,30,64.95,9.15,2051942,130060,1921881
2026/02/28 07:36:53.913,0,0,0,81920,0,81152,30,64.95,11.32,2051942,130262,1921679
2026/02/28 07:36:54.943,0,0,0,81920,0,81152,30,64.95,7.98,2051942,130290,1921652
2026/02/28 07:36:55.973,0,0,0,81920,0,81152,30,64.95,6.31,2051942,130293,1921648
2026/02/28 07:36:57.010,0,0,0,81920,0,81152,30,65.28,6.13,2051942,130315,1921626
2026/02/28 07:36:58.042,0,0,0,81920,0,81152,30,64.95,7.46,2051942,130187,1921754
2026/02/28 07:36:59.074,0,0,0,81920,0,81152,30,65.01,8.52,2051942,130206,1921735
2026/02/28 07:37:00.118,0,0,0,81920,0,81152,30,64.95,9.36,2051942,130201,1921740
2026/02/28 07:37:01.152,0,0,0,81920,0,81152,30,65.22,5.73,2051942,130203,1921738
2026/02/28 07:37:02.196,0,0,0,81920,0,81152,30,64.95,6.77,2051942,130187,1921754
2026/02/28 07:37:03.226,0,0,0,81920,0,81152,30,64.95,8.29,2051942,130204,1921737
2026/02/28 07:37:04.257,0,0,0,81920,0,81152,30,65.01,7.13,2051942,130197,1921744
2026/02/28 07:37:05.289,0,0,0,81920,0,81152,30,65.01,7.27,2051942,130198,1921744
2026/02/28 07:37:06.323,0,0,0,81920,0,81152,30,65.22,10.53,2051942,130210,1921732
2026/02/28 07:37:07.354,0,0,0,81920,0,81152,30,64.95,7.00,2051942,130241,1921700
2026/02/28 07:37:08.395,0,0,0,81920,0,81152,30,64.95,8.93,2051942,130281,1921660
2026/02/28 07:37:09.427,0,0,0,81920,0,81152,30,65.28,6.95,2051942,130293,1921648
2026/02/28 07:37:10.460,0,0,0,81920,0,81152,30,64.95,9.33,2051942,130311,1921631
2026/02/28 07:37:11.491,0,0,0,81920,0,81152,30,64.95,6.42,2051942,130414,1921527
2026/02/28 07:37:12.521,0,0,0,81920,0,81152,30,65.01,8.11,2051942,130382,1921559
2026/02/28 07:37:13.555,0,0,0,81920,0,81152,30,64.75,6.14,2051942,130396,1921545
2026/02/28 07:37:14.589,0,0,0,81920,0,81152,30,64.61,9.88,2051942,130393,1921549
2026/02/28 07:37:15.842,0,0,0,81920,4,81149,30,73.22,9.13,2051942,130432,1921509
2026/02/28 07:37:16.883,0,0,0,81920,501,80651,31,86.90,6.82,2051942,130553,1921388
2026/02/28 07:37:17.916,0,0,0,81920,543,80609,31,86.90,12.25,2051942,130604,1921337
2026/02/28 07:37:18.946,0,0,0,81920,2309,78843,31,86.99,6.92,2051942,130763,1921178
2026/02/28 07:37:19.976,0,0,0,81920,2309,78843,31,86.99,7.17,2051942,130772,1921170
2026/02/28 07:37:21.007,0,0,0,81920,2309,78843,31,86.99,9.30,2051942,130880,1921061
2026/02/28 07:37:22.037,0,0,0,81920,63147,18005,31,86.90,7.73,2051942,130904,1921038
2026/02/28 07:37:23.072,0,6,0,81920,63147,18005,31,86.90,12.54,2051942,130608,1921333
2026/02/28 07:37:24.112,0,0,0,81920,63147,18005,31,86.90,19.25,2051942,130479,1921462
2026/02/28 07:37:25.195,0,6,0,81920,63147,18005,31,86.99,18.22,2051942,130588,1921353
2026/02/28 07:37:26.305,0,2,0,81920,63147,18005,31,86.99,17.78,2051942,130547,1921394
2026/02/28 07:37:27.401,0,7,0,81920,63147,18005,31,86.90,18.30,2051942,130696,1921245
2026/02/28 07:37:28.502,0,6,0,81920,63147,18005,31,86.90,18.10,2051942,130917,1921024
2026/02/28 07:37:29.687,0,1,0,81920,63147,18005,31,86.99,20.31,2051942,130821,1921120
2026/02/28 07:37:30.803,0,0,0,81920,63147,18005,31,86.90,18.79,2051942,130958,1920983
2026/02/28 07:37:31.902,0,0,0,81920,63147,18005,31,86.90,18.42,2051942,131141,1920800
2026/02/28 07:37:32.946,0,5,0,81920,63147,18005,31,86.99,18.96,2051942,130856,1921085
2026/02/28 07:37:34.092,0,6,0,81920,63147,18005,31,86.90,19.15,2051942,130898,1921043
2026/02/28 07:37:35.202,0,0,0,81920,63147,18005,31,86.90,17.16,2051942,131112,1920829
2026/02/28 07:37:36.233,0,2,0,81920,63147,18005,31,86.90,17.41,2051942,130966,1920975
2026/02/28 07:37:37.485,0,0,0,81920,63147,18005,31,86.90,19.75,2051942,131010,1920931
2026/02/28 07:37:38.606,0,6,0,81920,63147,18005,31,86.99,17.43,2051942,131074,1920867
2026/02/28 07:37:39.638,0,0,0,81920,63147,18005,31,86.90,16.41,2051942,131141,1920800
2026/02/28 07:37:40.672,0,0,0,81920,63147,18005,31,86.90,10.96,2051942,131304,1920637
2026/02/28 07:37:41.707,0,0,0,81920,63147,18005,31,86.90,18.48,2051942,131263,1920678
2026/02/28 07:37:42.813,0,1,0,81920,63147,18005,31,87.17,19.08,2051942,131061,1920881
2026/02/28 07:37:43.909,0,0,0,81920,63147,18005,31,86.99,18.19,2051942,131220,1920721
2026/02/28 07:37:45.008,0,6,0,81920,63147,18005,31,86.90,19.08,2051942,131024,1920917
2026/02/28 07:37:46.101,0,0,0,81920,63147,18005,31,86.90,18.21,2051942,131110,1920831
2026/02/28 07:37:47.205,0,0,0,81920,63147,18005,31,86.90,17.87,2051942,131056,1920885
2026/02/28 07:37:48.244,0,0,0,81920,63147,18005,31,86.90,19.42,2051942,131327,1920615
2026/02/28 07:37:49.314,0,0,0,81920,63147,18005,31,87.17,16.21,2051942,131133,1920808
2026/02/28 07:37:50.394,0,0,0,81920,63147,18005,31,86.90,19.26,2051942,131210,1920731
2026/02/28 07:37:51.500,0,0,0,81920,63147,18005,31,86.99,18.15,2051942,131232,1920709
2026/02/28 07:37:52.692,0,0,0,81920,63147,18005,31,86.90,18.34,2051942,131186,1920755
2026/02/28 07:37:53.728,0,0,0,81920,63147,18005,31,86.90,18.76,2051942,131088,1920853
2026/02/28 07:37:54.764,0,2,0,81920,63147,18005,31,86.99,18.46,2051942,131221,1920720
2026/02/28 07:37:55.887,0,0,0,81920,63147,18005,31,86.90,21.45,2051942,131085,1920856
2026/02/28 07:37:56.995,0,0,0,81920,63147,18005,31,86.90,18.04,2051942,131273,1920668
2026/02/28 07:37:58.035,0,0,0,81920,63147,18005,31,86.99,17.27,2051942,131283,1920658
2026/02/28 07:37:59.067,0,0,0,81920,63147,18005,31,86.90,17.96,2051942,131212,1920729
2026/02/28 07:38:00.108,0,0,0,81920,63147,18005,31,86.99,16.01,2051942,131134,1920807
2026/02/28 07:38:01.188,0,0,0,81920,63147,18005,31,86.90,9.81,2051942,131317,1920624
2026/02/28 07:38:02.224,0,0,0,81920,63147,18005,31,87.17,19.30,2051942,131274,1920667
2026/02/28 07:38:03.306,0,0,0,81920,63147,18005,31,86.99,18.40,2051942,131086,1920855
2026/02/28 07:38:04.486,0,0,0,81920,63147,18005,31,86.90,19.65,2051942,131108,1920833
2026/02/28 07:38:05.613,0,0,0,81920,63147,18005,31,86.90,17.00,2051942,131250,1920691
2026/02/28 07:38:06.792,0,1,0,81920,63147,18005,31,86.90,19.16,2051942,131040,1920901
2026/02/28 07:38:07.830,0,5,0,81920,63147,18005,31,87.17,17.82,2051942,131065,1920876
2026/02/28 07:38:08.901,0,0,0,81920,63147,18005,31,86.99,18.34,2051942,131283,1920658
2026/02/28 07:38:10.088,0,0,0,81920,63147,18005,31,86.90,17.71,2051942,131233,1920708
2026/02/28 07:38:11.292,0,6,0,81920,63147,18005,31,86.90,18.84,2051942,131070,1920871
2026/02/28 07:38:12.405,0,0,0,81920,63147,18005,31,86.99,17.52,2051942,131239,1920702
2026/02/28 07:38:13.587,0,6,0,81920,63147,18005,31,86.99,17.46,2051942,131132,1920809
2026/02/28 07:38:14.786,0,0,0,81920,63147,18005,31,86.99,20.46,2051942,131223,1920718
2026/02/28 07:38:15.990,0,0,0,81920,63147,18005,31,86.90,18.96,2051942,131191,1920751
2026/02/28 07:38:17.291,0,0,0,81920,63147,18005,31,86.90,19.30,2051942,131309,1920633
2026/02/28 07:38:18.490,0,0,0,81920,63147,18005,31,86.90,18.55,2051942,131313,1920628
2026/02/28 07:38:19.615,0,0,0,81920,63147,18005,31,87.26,17.78,2051942,131405,1920536
2026/02/28 07:38:20.787,0,6,0,81920,63147,18005,31,86.99,18.73,2051942,131436,1920505
2026/02/28 07:38:21.993,0,0,0,81920,63147,18005,31,86.90,19.83,2051942,131346,1920595
2026/02/28 07:38:23.031,0,0,0,81920,63147,18005,31,86.99,16.37,2051942,131699,1920242
2026/02/28 07:38:24.187,0,0,0,81920,63147,18005,31,86.99,13.57,2051942,131958,1919984
2026/02/28 07:38:25.385,0,0,0,81920,63147,18005,31,86.99,19.07,2051942,132283,1919658
2026/02/28 07:38:26.507,0,8,0,81920,63147,18005,31,86.90,14.41,2051942,131423,1920518
2026/02/28 07:38:27.587,0,6,0,81920,63147,18005,31,86.90,18.81,2051942,131407,1920534
2026/02/28 07:38:28.620,0,0,0,81920,63147,18005,31,86.90,20.09,2051942,131753,1920188
2026/02/28 07:38:29.704,0,0,0,81920,63147,18005,31,86.90,19.54,2051942,131545,1920396
2026/02/28 07:38:30.893,0,0,0,81920,63147,18005,31,86.90,18.64,2051942,131654,1920287
2026/02/28 07:38:31.928,0,1,0,81920,63147,18005,31,86.90,18.11,2051942,131682,1920260
2026/02/28 07:38:33.095,0,6,0,81920,63147,18005,31,87.44,18.41,2051942,131910,1920032
2026/02/28 07:38:34.132,0,0,0,81920,63147,18005,31,86.90,18.54,2051942,131983,1919958
2026/02/28 07:38:35.205,0,7,0,81920,63147,18005,31,86.90,20.70,2051942,131788,1920153
2026/02/28 07:38:36.318,0,6,0,81920,63147,18005,31,86.90,19.83,2051942,131758,1920183
2026/02/28 07:38:37.407,0,6,0,81920,63147,18005,31,86.90,16.87,2051942,131667,1920274
2026/02/28 07:38:38.587,0,6,0,81920,63147,18005,31,86.90,18.66,2051942,131928,1920013
2026/02/28 07:38:39.703,0,1,0,81920,63147,18005,31,86.90,18.75,2051942,131739,1920202
2026/02/28 07:38:40.733,0,1,0,81920,63147,18005,31,86.90,20.32,2051942,131904,1920037
2026/02/28 07:38:41.765,0,0,0,81920,63147,18005,31,87.17,11.72,2051942,131978,1919963
2026/02/28 07:38:42.809,0,0,0,81920,63147,18005,31,86.99,19.50,2051942,132023,1919918
2026/02/28 07:38:43.840,0,0,0,81920,63147,18005,31,86.90,19.84,2051942,131890,1920051
2026/02/28 07:38:44.909,0,0,0,81920,63147,18005,31,86.90,18.24,2051942,132071,1919871
2026/02/28 07:38:45.987,0,0,0,81920,63147,18005,31,86.90,19.19,2051942,132135,1919806
2026/02/28 07:38:47.025,0,6,0,81920,63147,18005,31,86.90,16.56,2051942,131950,1919992
2026/02/28 07:38:48.096,0,7,0,81920,63147,18005,31,86.90,17.69,2051942,131938,1920004
2026/02/28 07:38:49.134,0,6,0,81920,63147,18005,31,86.90,17.90,2051942,131963,1919978
2026/02/28 07:38:50.285,0,2,0,81920,63147,18005,31,86.99,17.71,2051942,131810,1920131
2026/02/28 07:38:51.592,0,0,0,81920,63147,18005,31,86.99,17.96,2051942,131995,1919947
2026/02/28 07:38:52.786,0,0,0,81920,63147,18005,31,87.17,18.73,2051942,131993,1919948
2026/02/28 07:38:53.910,0,0,0,81920,63147,18005,31,86.99,17.23,2051942,132001,1919940
2026/02/28 07:38:54.993,0,6,0,81920,63147,18005,31,86.90,19.10,2051942,131882,1920059
2026/02/28 07:38:56.392,0,0,0,81920,63147,18005,31,86.81,18.12,2051942,131851,1920090
2026/02/28 07:38:57.433,0,0,0,81920,63147,18005,31,86.99,19.17,2051942,131989,1919952
2026/02/28 07:38:58.680,0,0,0,81920,63147,18005,31,86.90,17.51,2051942,131906,1920036
2026/02/28 07:38:59.718,0,1,0,81920,63147,18005,31,86.90,16.12,2051942,131848,1920093
2026/02/28 07:39:00.757,0,0,0,81920,63147,18005,31,86.90,8.85,2051942,131913,1920029
2026/02/28 07:39:01.805,0,0,0,81920,63147,18005,31,86.90,18.29,2051942,131916,1920025
2026/02/28 07:39:02.838,0,5,0,81920,63147,18005,31,86.99,18.14,2051942,131835,1920106
2026/02/28 07:39:04.010,0,0,0,81920,63147,18005,31,86.99,18.43,2051942,131955,1919986
2026/02/28 07:39:05.049,0,4,0,81920,63147,18005,31,86.90,17.31,2051942,131697,1920245
2026/02/28 07:39:06.097,0,6,0,81920,63147,18005,31,86.99,17.45,2051942,131940,1920001
2026/02/28 07:39:07.132,0,0,0,81920,63147,18005,31,86.90,18.59,2051942,131818,1920123
2026/02/28 07:39:08.212,0,6,0,81920,63147,18005,31,86.99,18.18,2051942,131882,1920059
2026/02/28 07:39:09.385,0,1,0,81920,63147,18005,31,86.90,18.75,2051942,131802,1920139
2026/02/28 07:39:10.588,0,6,0,81920,63147,18005,31,87.17,19.55,2051942,131732,1920209
2026/02/28 07:39:11.626,0,0,0,81920,63147,18005,31,86.90,18.04,2051942,132011,1919930
2026/02/28 07:39:12.697,0,6,0,81920,63147,18005,31,86.90,18.15,2051942,131799,1920143
2026/02/28 07:39:13.987,0,6,0,81920,63147,18005,31,86.90,18.43,2051942,131854,1920087
2026/02/28 07:39:15.186,0,2,0,81920,63147,18005,31,86.90,20.03,2051942,131756,1920185
2026/02/28 07:39:16.490,0,5,0,81920,63147,18005,31,86.90,19.69,2051942,131838,1920103
2026/02/28 07:39:17.706,0,0,0,81920,63147,18005,31,86.90,17.82,2051942,131849,1920092
2026/02/28 07:39:18.737,0,0,0,81920,63147,18005,31,86.90,14.86,2051942,131903,1920038
2026/02/28 07:39:19.772,0,0,0,81920,63147,18005,31,86.90,12.28,2051942,131824,1920117
2026/02/28 07:39:20.979,0,2,0,81920,63147,18005,31,86.99,17.73,2051942,131868,1920073
2026/02/28 07:39:22.196,0,7,0,81920,63147,18005,31,86.90,17.72,2051942,131775,1920166
2026/02/28 07:39:23.231,0,0,0,81920,63147,18005,31,86.90,19.35,2051942,131924,1920017
2026/02/28 07:39:24.317,0,5,0,81920,63147,18005,31,86.99,18.24,2051942,131692,1920249
2026/02/28 07:39:25.503,0,6,0,81920,63147,18005,31,86.99,18.82,2051942,131935,1920007
2026/02/28 07:39:26.703,0,0,0,81920,63147,18005,31,86.90,21.35,2051942,131786,1920155
2026/02/28 07:39:27.789,0,0,0,81920,63147,18005,31,86.90,18.11,2051942,131976,1919965
2026/02/28 07:39:28.828,0,0,0,81920,63147,18005,31,86.90,19.51,2051942,131831,1920110
2026/02/28 07:39:29.917,0,6,0,81920,63147,18005,31,87.08,18.06,2051942,131694,1920248
2026/02/28 07:39:31.009,0,6,0,81920,63147,18005,31,87.44,19.59,2051942,131723,1920218
2026/02/28 07:39:32.098,0,1,0,81920,63147,18005,31,86.99,17.00,2051942,131769,1920173
2026/02/28 07:39:33.220,0,0,0,81920,63147,18005,31,86.99,17.63,2051942,131996,1919945
2026/02/28 07:39:34.297,0,2,0,81920,63147,18005,31,86.90,19.42,2051942,131824,1920117
2026/02/28 07:39:35.402,0,0,0,81920,63147,18005,31,86.99,19.38,2051942,132017,1919925
2026/02/28 07:39:36.495,0,1,0,81920,63147,18005,31,86.99,18.69,2051942,131750,1920191
2026/02/28 07:39:37.596,0,2,0,81920,63147,18005,31,86.90,18.43,2051942,131782,1920160
2026/02/28 07:39:38.793,0,0,0,81920,63147,18005,31,86.99,12.15,2051942,131988,1919953
2026/02/28 07:39:39.992,0,0,0,81920,63147,18005,31,86.99,20.43,2051942,132391,1919550
2026/02/28 07:39:41.193,0,0,0,81920,63147,18005,31,86.90,20.15,2051942,132877,1919065
2026/02/28 07:39:42.244,0,0,0,81920,63147,18005,31,86.99,19.63,2051942,131695,1920246
2026/02/28 07:39:43.300,0,2,0,81920,63147,18005,31,86.99,17.72,2051942,131902,1920039
2026/02/28 07:39:44.410,0,3,0,81920,63147,18005,31,86.90,17.58,2051942,131733,1920208
2026/02/28 07:39:45.499,0,0,0,81920,63147,18005,31,86.99,17.58,2051942,131948,1919993
2026/02/28 07:39:46.531,0,1,0,81920,63147,18005,31,86.99,18.02,2051942,131776,1920165
2026/02/28 07:39:47.560,0,1,0,81920,63083,18069,31,86.90,8.47,2051942,131704,1920238
2026/02/28 07:39:48.589,0,0,0,81920,63083,18069,31,86.90,6.55,2051942,130890,1921051
2026/02/28 07:39:49.622,0,0,0,81920,63083,18069,31,86.99,5.99,2051942,130878,1921063
2026/02/28 07:39:50.651,0,0,0,81920,63083,18069,31,86.90,7.78,2051942,130916,1921025
2026/02/28 07:39:51.679,0,0,0,81920,63083,18069,31,86.99,9.02,2051942,131546,1920395
2026/02/28 07:39:52.708,0,0,0,81920,63083,18069,31,86.90,9.07,2051942,131737,1920205
2026/02/28 07:39:53.738,0,0,0,81920,63083,18069,31,86.90,7.29,2051942,131807,1920134
2026/02/28 07:39:54.767,0,0,0,81920,63083,18069,31,86.99,9.39,2051942,131830,1920111
2026/02/28 07:39:55.795,0,0,0,81920,63083,18069,31,86.90,9.59,2051942,131870,1920071
2026/02/28 07:39:56.831,0,0,0,81920,63083,18069,31,86.90,6.14,2051942,131919,1920022
2026/02/28 07:39:57.861,0,0,0,81920,63083,18069,31,86.90,8.93,2051942,131969,1919972
2026/02/28 07:39:58.889,0,0,0,81920,63083,18069,31,86.90,7.43,2051942,131995,1919946
2026/02/28 07:39:59.921,0,0,0,81920,63083,18069,31,86.90,7.25,2051942,131979,1919962
2026/02/28 07:40:00.950,0,0,0,81920,63083,18069,31,86.90,7.81,2051942,131975,1919966
2026/02/28 07:40:01.979,0,0,0,81920,63083,18069,31,86.99,7.17,2051942,131961,1919981
2026/02/28 07:40:03.009,0,0,0,81920,63083,18069,31,86.90,8.24,2051942,131921,1920020
2026/02/28 07:40:04.037,0,0,0,81920,63083,18069,31,86.90,8.61,2051942,131907,1920034
2026/02/28 07:40:05.068,0,0,0,81920,63083,18069,31,86.90,7.42,2051942,131901,1920040
2026/02/28 07:40:06.100,0,0,0,81920,63083,18069,31,87.17,8.33,2051942,131895,1920046
2026/02/28 07:40:07.158,0,0,0,81920,63083,18069,32,87.26,7.33,2051942,131978,1919963
2026/02/28 07:40:08.201,0,0,0,81920,63083,18069,32,86.90,7.15,2051942,134552,1917389
2026/02/28 07:40:09.232,0,0,0,81920,63143,18009,32,86.99,8.87,2051942,134598,1917343
2026/02/28 07:40:10.266,0,0,0,81920,63223,17929,32,86.90,7.04,2051942,134644,1917297
2026/02/28 07:40:11.296,0,16,9,81920,64725,16427,32,87.26,8.79,2051942,134815,1917126
2026/02/28 07:40:12.332,0,0,0,81920,64725,16427,32,87.26,6.96,2051942,134814,1917127
2026/02/28 07:40:13.361,0,0,0,81920,64725,16427,32,87.08,7.97,2051942,134894,1917047
2026/02/28 07:40:14.391,0,30,22,81920,64725,16427,36,123.20,9.01,2051942,134906,1917035
2026/02/28 07:40:15.460,0,31,22,81920,64727,16425,35,203.65,8.66,2051942,134961,1916980
2026/02/28 07:40:16.491,0,32,22,81920,64727,16425,35,224.75,5.63,2051942,134980,1916961
2026/02/28 07:40:17.525,0,31,21,81920,64727,16425,35,111.92,5.98,2051942,135029,1916912
2026/02/28 07:40:18.556,0,30,21,81920,64727,16425,34,101.50,5.59,2051942,135073,1916868
2026/02/28 07:40:19.587,0,40,29,81920,64729,16423,35,178.62,6.86,2051942,135126,1916816
2026/02/28 07:40:20.618,0,47,43,81920,64729,16423,37,343.38,6.14,2051942,135139,1916802
2026/02/28 07:40:21.650,0,0,0,81920,64683,16469,34,117.26,8.25,2051942,135324,1916618
2026/02/28 07:40:22.681,0,80,31,81920,72297,8855,44,122.28,8.78,2051942,135320,1916621
2026/02/28 07:40:23.712,0,79,30,81920,72435,8717,44,431.53,6.56,2051942,135339,1916602
2026/02/28 07:40:24.744,0,70,31,81920,72459,8693,46,414.52,8.65,2051942,135382,1916560
2026/02/28 07:40:25.775,0,70,43,81920,72531,8621,46,309.90,6.56,2051942,135441,1916501
2026/02/28 07:40:26.811,0,60,49,81920,72589,8563,45,140.24,8.12,2051942,135546,1916395
2026/02/28 07:40:27.841,0,56,52,81920,72717,8435,42,152.44,7.83,2051942,135697,1916244
2026/02/28 07:40:28.872,0,65,37,81920,72789,8363,44,237.03,9.85,2051942,135854,1916087
2026/02/28 07:40:29.904,0,68,42,81920,72889,8263,47,378.64,8.52,2051942,136165,1915776
2026/02/28 07:40:30.939,0,49,41,81920,72927,8225,43,186.03,8.22,2051942,136230,1915711
2026/02/28 07:40:31.970,0,0,0,81920,72995,8157,40,120.41,9.03,2051942,136152,1915789
2026/02/28 07:40:33.001,0,0,0,81920,74413,6739,39,119.81,7.50,2051942,136250,1915691
2026/02/28 07:40:34.033,0,0,0,81920,74413,6739,37,87.44,9.06,2051942,136325,1915616
2026/02/28 07:40:35.065,0,0,0,81920,74413,6739,36,87.17,8.48,2051942,136293,1915648
2026/02/28 07:40:36.097,0,0,0,81920,74413,6739,43,346.55,7.75,2051942,136430,1915511
2026/02/28 07:40:37.136,0,100,97,81920,74413,6739,45,361.77,8.11,2051942,136479,1915463
2026/02/28 07:40:38.172,0,100,97,81920,74413,6739,46,363.47,8.10,2051942,136498,1915443
2026/02/28 07:40:39.206,0,100,97,81920,74413,6739,47,364.93,8.38,2051942,136471,1915470
2026/02/28 07:40:40.248,0,100,97,81920,74413,6739,48,364.33,17.74,2051942,137297,1914645
2026/02/28 07:40:41.279,0,100,97,81920,74413,6739,48,366.62,21.36,2051942,138809,1913132
2026/02/28 07:40:42.314,0,100,97,81920,74413,6739,49,366.13,20.03,2051942,140273,1911668
2026/02/28 07:40:43.351,0,100,97,81920,74413,6739,49,367.00,22.14,2051942,142023,1909918
2026/02/28 07:40:44.383,0,100,97,81920,74413,6739,49,371.13,8.34,2051942,142706,1909235
2026/02/28 07:40:45.416,0,100,97,81920,74413,6739,50,372.81,7.94,2051942,142814,1909127
2026/02/28 07:40:46.448,0,100,97,81920,74413,6739,50,371.61,9.17,2051942,142988,1908953
2026/02/28 07:40:47.480,0,100,97,81920,74413,6739,50,373.52,8.02,2051942,143150,1908791
2026/02/28 07:40:48.515,0,100,97,81920,74413,6739,51,373.52,9.00,2051942,143283,1908659
2026/02/28 07:40:49.547,0,100,97,81920,74413,6739,51,374.18,8.81,2051942,143620,1908321
2026/02/28 07:40:50.582,0,100,97,81920,74413,6739,51,375.26,7.89,2051942,143774,1908167
2026/02/28 07:40:51.617,0,100,97,81920,74413,6739,52,375.79,8.71,2051942,143810,1908131
2026/02/28 07:40:52.649,0,100,97,81920,74413,6739,52,374.60,9.30,2051942,143806,1908135
2026/02/28 07:40:53.681,0,100,97,81920,74413,6739,52,375.47,7.33,2051942,143763,1908178
2026/02/28 07:40:54.714,0,100,97,81920,74413,6739,52,375.47,9.11,2051942,143736,1908205
2026/02/28 07:40:55.745,0,100,97,81920,74413,6739,53,374.87,9.38,2051942,143752,1908189
2026/02/28 07:40:56.777,0,100,97,81920,74413,6739,53,376.18,7.77,2051942,143714,1908227
2026/02/28 07:40:57.813,0,100,97,81920,74413,6739,53,375.47,8.95,2051942,143723,1908218
2026/02/28 07:40:58.844,0,100,97,81920,74413,6739,53,377.33,9.67,2051942,143655,1908286
2026/02/28 07:40:59.894,0,100,97,81920,74413,6739,53,377.33,8.28,2051942,143645,1908297
2026/02/28 07:41:00.933,0,100,97,81920,74413,6739,54,377.27,7.97,2051942,143618,1908323
2026/02/28 07:41:01.967,0,100,97,81920,74413,6739,54,377.54,8.83,2051942,143631,1908310
2026/02/28 07:41:03.000,0,100,97,81920,74413,6739,54,377.86,9.07,2051942,143633,1908308
2026/02/28 07:41:04.039,0,100,97,81920,74413,6739,54,377.86,7.98,2051942,143590,1908351
2026/02/28 07:41:05.071,0,100,97,81920,74413,6739,54,378.25,8.59,2051942,143600,1908341
2026/02/28 07:41:06.104,0,100,97,81920,74413,6739,55,377.86,8.77,2051942,143602,1908339
2026/02/28 07:41:07.141,0,100,97,81920,74413,6739,55,378.73,8.19,2051942,143598,1908343
2026/02/28 07:41:08.175,0,100,97,81920,74413,6739,55,377.86,9.18,2051942,143607,1908334
2026/02/28 07:41:09.208,0,100,97,81920,74413,6739,55,378.52,7.33,2051942,143608,1908333
2026/02/28 07:41:10.244,0,100,97,81920,74413,6739,55,378.52,6.78,2051942,143596,1908345
2026/02/28 07:41:11.274,0,100,97,81920,74413,6739,55,380.59,7.61,2051942,143533,1908408
2026/02/28 07:41:12.307,0,100,97,81920,74413,6739,55,379.45,6.71,2051942,143530,1908411
2026/02/28 07:41:13.344,0,100,97,81920,74413,6739,55,380.12,7.08,2051942,143523,1908418
2026/02/28 07:41:14.379,0,100,97,81920,74413,6739,56,380.59,7.86,2051942,143445,1908496
2026/02/28 07:41:15.412,0,100,97,81920,74413,6739,56,381.91,8.55,2051942,143498,1908444
2026/02/28 07:41:16.444,0,100,97,81920,74413,6739,56,379.99,5.57,2051942,143736,1908206
2026/02/28 07:41:17.478,0,100,97,81920,74413,6739,56,380.52,6.11,2051942,143795,1908147
2026/02/28 07:41:18.511,0,100,97,81920,74413,6739,56,380.59,6.45,2051942,143792,1908149
2026/02/28 07:41:19.545,0,100,97,81920,74413,6739,56,381.12,8.28,2051942,143804,1908138
2026/02/28 07:41:20.577,0,100,97,81920,74413,6739,56,381.12,8.53,2051942,143782,1908160
2026/02/28 07:41:21.609,0,100,97,81920,74413,6739,57,381.72,6.98,2051942,143775,1908166
2026/02/28 07:41:22.645,0,100,97,81920,74413,6739,57,382.59,7.24,2051942,143737,1908204
2026/02/28 07:41:23.679,0,100,97,81920,74413,6739,57,382.86,7.95,2051942,143715,1908226
2026/02/28 07:41:24.715,0,100,97,81920,74413,6739,58,382.99,8.59,2051942,143694,1908247
2026/02/28 07:41:25.748,0,100,97,81920,74413,6739,58,385.05,8.03,2051942,143697,1908244
2026/02/28 07:41:26.780,0,100,97,81920,74413,6739,58,384.38,7.53,2051942,143707,1908234
2026/02/28 07:41:27.813,0,100,97,81920,74413,6739,58,384.05,9.56,2051942,143690,1908252
2026/02/28 07:41:28.847,0,100,97,81920,74413,6739,58,385.32,7.32,2051942,143688,1908253
2026/02/28 07:41:29.879,0,100,97,81920,74413,6739,59,383.18,9.00,2051942,143697,1908244
2026/02/28 07:41:30.911,0,100,97,81920,74413,6739,59,382.86,6.58,2051942,143694,1908247
2026/02/28 07:41:31.945,0,100,97,81920,74413,6739,59,384.38,7.85,2051942,143720,1908221
2026/02/28 07:41:32.978,0,100,97,81920,74413,6739,59,384.92,8.92,2051942,143711,1908230
2026/02/28 07:41:34.014,0,100,97,81920,74413,6739,59,385.32,10.02,2051942,143677,1908264
2026/02/28 07:41:35.053,0,99,96,81920,74413,6739,59,384.92,10.29,2051942,143686,1908255
2026/02/28 07:41:36.086,0,100,97,81920,74413,6739,59,389.38,10.24,2051942,143700,1908241
2026/02/28 07:41:37.122,0,100,97,81920,74413,6739,59,391.76,10.36,2051942,143678,1908264
2026/02/28 07:41:38.160,0,100,97,81920,74413,6739,59,390.84,6.80,2051942,143642,1908299
2026/02/28 07:41:39.195,0,100,97,81920,74413,6739,59,390.25,9.50,2051942,143647,1908294
2026/02/28 07:41:40.232,0,100,97,81920,74413,6739,60,389.97,8.98,2051942,143621,1908320
2026/02/28 07:41:41.267,0,100,97,81920,74413,6739,60,391.76,11.92,2051942,143666,1908275
2026/02/28 07:41:42.303,0,100,97,81920,74413,6739,60,390.25,8.36,2051942,143665,1908276
2026/02/28 07:41:43.338,0,100,97,81920,74413,6739,60,390.57,7.65,2051942,143687,1908254
2026/02/28 07:41:44.371,0,100,97,81920,74413,6739,60,391.16,8.83,2051942,143698,1908243
2026/02/28 07:41:45.405,0,100,97,81920,74413,6739,60,391.85,8.60,2051942,143633,1908308
2026/02/28 07:41:46.442,0,100,97,81920,74413,6739,60,391.16,7.16,2051942,143646,1908295
2026/02/28 07:41:47.475,0,100,97,81920,74413,6739,60,390.57,8.17,2051942,143668,1908273
2026/02/28 07:41:48.508,0,100,97,81920,74413,6739,60,390.57,8.02,2051942,143665,1908276
2026/02/28 07:41:49.546,0,100,97,81920,74413,6739,60,391.16,7.23,2051942,143671,1908270
2026/02/28 07:41:50.580,0,100,97,81920,74413,6739,60,391.76,9.39,2051942,143656,1908285
2026/02/28 07:41:51.613,0,100,97,81920,74413,6739,60,391.44,7.77,2051942,143650,1908291
2026/02/28 07:41:52.649,0,100,97,81920,74413,6739,60,392.90,8.40,2051942,143622,1908319
2026/02/28 07:41:53.683,0,100,97,81920,74413,6739,60,391.16,9.80,2051942,143610,1908331
2026/02/28 07:41:54.716,0,100,97,81920,74413,6739,60,392.90,7.91,2051942,143618,1908324
2026/02/28 07:41:55.748,0,100,97,81920,74413,6739,60,391.76,7.94,2051942,143601,1908340
2026/02/28 07:41:56.780,0,100,97,81920,74413,6739,60,391.76,9.48,2051942,143589,1908352
2026/02/28 07:41:57.813,0,100,97,81920,74413,6739,60,392.36,9.15,2051942,143568,1908373
2026/02/28 07:41:58.851,0,100,97,81920,74413,6739,60,392.36,8.53,2051942,143606,1908335
2026/02/28 07:41:59.884,0,100,97,81920,74413,6739,60,391.24,8.63,2051942,143575,1908366
2026/02/28 07:42:00.925,0,100,97,81920,74413,6739,60,392.03,8.83,2051942,143556,1908385
2026/02/28 07:42:01.960,0,100,97,81920,74413,6739,60,393.23,8.16,2051942,143501,1908441
2026/02/28 07:42:02.992,0,100,97,81920,74413,6739,60,388.77,7.03,2051942,143476,1908466
2026/02/28 07:42:04.028,0,100,97,81920,74413,6739,60,392.36,9.83,2051942,143467,1908475
2026/02/28 07:42:05.062,0,100,97,81920,74413,6739,61,393.83,8.06,2051942,143471,1908470
2026/02/28 07:42:06.094,0,100,97,81920,74413,6739,61,393.64,8.18,2051942,143472,1908469
2026/02/28 07:42:07.127,0,100,97,81920,74413,6739,61,393.04,10.75,2051942,143543,1908398
2026/02/28 07:42:08.163,0,100,97,81920,74413,6739,61,392.63,7.76,2051942,143658,1908283
2026/02/28 07:42:09.197,0,100,97,81920,74413,6739,61,393.23,8.05,2051942,143662,1908279
2026/02/28 07:42:10.233,0,100,97,81920,74413,6739,61,392.63,8.20,2051942,143705,1908236
2026/02/28 07:42:11.266,0,100,97,81920,74413,6739,61,392.36,7.89,2051942,143617,1908324
2026/02/28 07:42:12.300,0,100,97,81920,74413,6739,61,392.36,9.15,2051942,143660,1908281
2026/02/28 07:42:13.333,0,100,97,81920,74413,6739,61,392.03,7.94,2051942,143702,1908239
2026/02/28 07:42:14.366,0,100,97,81920,74413,6739,61,392.90,10.18,2051942,143707,1908234
2026/02/28 07:42:15.399,0,100,97,81920,74413,6739,61,392.90,9.36,2051942,143711,1908230
2026/02/28 07:42:16.432,0,100,97,81920,74413,6739,61,392.90,8.38,2051942,143701,1908240
2026/02/28 07:42:17.464,0,100,97,81920,74413,6739,61,392.36,8.04,2051942,143684,1908257
2026/02/28 07:42:18.498,0,100,97,81920,74413,6739,61,390.57,9.12,2051942,143681,1908260
2026/02/28 07:42:19.533,0,100,97,81920,74413,6739,61,390.37,7.72,2051942,143651,1908290
2026/02/28 07:42:20.568,0,100,97,81920,74413,6739,61,392.63,9.52,2051942,143945,1907997
2026/02/28 07:42:21.601,0,100,97,81920,74413,6739,61,393.64,7.77,2051942,143979,1907962
2026/02/28 07:42:22.635,0,100,97,81920,74413,6739,61,393.51,8.77,2051942,143961,1907980
2026/02/28 07:42:23.668,0,100,97,81920,74413,6739,61,392.36,8.56,2051942,143969,1907973
2026/02/28 07:42:24.702,0,100,97,81920,74413,6739,61,393.23,7.34,2051942,143977,1907964
2026/02/28 07:42:25.735,0,100,97,81920,74413,6739,61,390.25,9.01,2051942,143970,1907971
2026/02/28 07:42:26.770,0,100,97,81920,74413,6739,61,393.23,6.99,2051942,143994,1907947
2026/02/28 07:42:27.802,0,100,97,81920,74413,6739,61,392.03,9.37,2051942,144011,1907930
2026/02/28 07:42:28.844,0,100,97,81920,74413,6739,61,392.90,8.42,2051942,144045,1907896
2026/02/28 07:42:29.876,0,100,97,81920,74413,6739,61,392.90,9.94,2051942,144049,1907892
2026/02/28 07:42:30.909,0,100,97,81920,74413,6739,61,393.23,7.35,2051942,144090,1907851
2026/02/28 07:42:31.946,0,100,97,81920,74413,6739,61,392.36,7.14,2051942,144116,1907825
2026/02/28 07:42:32.980,0,100,97,81920,74413,6739,61,394.51,8.24,2051942,144139,1907802
2026/02/28 07:42:34.014,0,100,97,81920,74413,6739,60,393.31,6.83,2051942,144175,1907766
2026/02/28 07:42:35.055,0,100,96,81920,74413,6739,60,393.04,7.25,2051942,144202,1907739
2026/02/28 07:42:36.087,0,100,97,81920,74413,6739,60,390.65,15.61,2051942,144810,1907131
2026/02/28 07:42:37.128,0,99,96,81920,74413,6739,60,391.76,17.08,2051942,145987,1905955
2026/02/28 07:42:38.161,0,100,97,81920,74413,6739,60,394.24,17.32,2051942,147461,1904480
2026/02/28 07:42:39.193,0,100,97,81920,74413,6739,60,393.45,16.63,2051942,148544,1903397
2026/02/28 07:42:40.236,0,100,97,81920,74413,6739,60,392.44,17.50,2051942,150053,1901888
2026/02/28 07:42:41.269,0,100,97,81920,74413,6739,60,392.77,18.50,2051942,151282,1900659
2026/02/28 07:42:42.302,0,100,97,81920,74413,6739,61,392.44,17.11,2051942,152543,1899398
2026/02/28 07:42:43.344,0,100,97,81920,74413,6739,61,392.23,17.60,2051942,153943,1897998
2026/02/28 07:42:44.377,0,100,97,81920,74413,6739,61,391.63,17.40,2051942,154986,1896955
2026/02/28 07:42:45.407,0,100,97,81920,74413,6739,61,393.51,18.66,2051942,156035,1895906
2026/02/28 07:42:46.449,0,100,97,81920,74413,6739,61,393.51,19.58,2051942,157513,1894428
2026/02/28 07:42:47.479,0,100,97,81920,74413,6739,61,394.10,17.55,2051942,158632,1893309
2026/02/28 07:42:48.509,0,100,97,81920,74413,6739,61,394.10,18.55,2051942,159851,1892090
2026/02/28 07:42:49.545,0,100,97,81920,74413,6739,61,394.10,18.03,2051942,161087,1890854
2026/02/28 07:42:50.575,0,100,97,81920,74413,6739,61,392.90,20.09,2051942,162342,1889599
2026/02/28 07:42:51.605,0,100,97,81920,74413,6739,61,393.23,18.09,2051942,163581,1888361
2026/02/28 07:42:52.644,0,100,97,81920,74413,6739,61,394.10,20.01,2051942,164871,1887070
2026/02/28 07:42:53.674,0,100,97,81920,74413,6739,61,394.29,18.28,2051942,166191,1885750
2026/02/28 07:42:54.704,0,100,97,81920,74413,6739,61,394.10,17.36,2051942,167491,1884450
2026/02/28 07:42:55.747,0,100,97,81920,74413,6739,61,394.88,21.52,2051942,168761,1883180
2026/02/28 07:42:56.777,0,100,97,81920,74413,6739,61,393.51,18.79,2051942,170109,1881832
2026/02/28 07:42:57.807,0,100,97,81920,74413,6739,61,394.42,17.34,2051942,171135,1880806
2026/02/28 07:42:58.857,0,100,97,81920,74413,6739,62,396.16,18.40,2051942,172255,1879686
2026/02/28 07:42:59.887,0,100,97,81920,74413,6739,62,394.42,20.90,2051942,173409,1878532
2026/02/28 07:43:00.919,0,100,97,81920,74413,6739,62,394.29,17.88,2051942,174768,1877173
2026/02/28 07:43:01.953,0,100,97,81920,74413,6739,62,394.42,18.71,2051942,176007,1875934
2026/02/28 07:43:02.983,0,100,97,81920,74413,6739,62,395.02,18.17,2051942,177400,1874542
2026/02/28 07:43:04.014,0,100,97,81920,74413,6739,62,395.16,17.80,2051942,178498,1873443
2026/02/28 07:43:05.053,0,100,97,81920,74413,6739,62,394.70,15.91,2051942,173888,1878053
2026/02/28 07:43:06.084,0,100,97,81920,74413,6739,62,396.67,19.45,2051942,175169,1876772
2026/02/28 07:43:07.117,0,100,97,81920,74413,6739,62,395.29,16.22,2051942,176400,1875541
2026/02/28 07:43:08.156,0,100,97,81920,74413,6739,62,396.76,18.89,2051942,177799,1874142
2026/02/28 07:43:09.190,0,100,97,81920,74413,6739,62,395.02,17.10,2051942,178980,1872961
2026/02/28 07:43:10.234,0,100,97,81920,74413,6739,62,395.57,18.75,2051942,180060,1871881
2026/02/28 07:43:11.266,0,100,97,81920,74413,6739,62,395.02,19.36,2051942,181163,1870778
2026/02/28 07:43:12.298,0,100,97,81920,74413,6739,62,395.29,18.65,2051942,182408,1869533
2026/02/28 07:43:13.334,0,100,97,81920,74413,6739,62,394.01,18.87,2051942,183668,1868273
2026/02/28 07:43:14.366,0,100,97,81920,74413,6739,62,394.88,21.21,2051942,184817,1867125
2026/02/28 07:43:15.400,0,100,97,81920,74413,6739,62,395.29,21.40,2051942,186104,1865837
2026/02/28 07:43:16.444,0,100,97,81920,74413,6739,62,395.57,18.67,2051942,187582,1864359
2026/02/28 07:43:17.477,0,100,97,81920,74413,6739,62,394.42,18.88,2051942,188745,1863196
2026/02/28 07:43:18.508,0,100,97,81920,74413,6739,62,394.01,17.38,2051942,189885,1862056
2026/02/28 07:43:19.544,0,100,97,81920,74413,6739,62,395.16,19.42,2051942,191069,1860873
2026/02/28 07:43:20.577,0,100,97,81920,74413,6739,62,394.29,19.47,2051942,192255,1859686
2026/02/28 07:43:21.607,0,100,97,81920,74413,6739,62,394.10,17.96,2051942,193468,1858473
2026/02/28 07:43:22.646,0,100,97,81920,74413,6739,62,394.29,20.19,2051942,194710,1857231
2026/02/28 07:43:23.676,0,100,97,81920,74413,6739,61,395.29,17.82,2051942,195686,1856255
2026/02/28 07:43:24.705,0,100,97,81920,74413,6739,61,394.70,18.82,2051942,196780,1855161
2026/02/28 07:43:25.745,0,100,97,81920,74413,6739,61,395.02,17.01,2051942,197849,1854092
2026/02/28 07:43:26.775,0,100,97,81920,74413,6739,61,395.02,19.24,2051942,199196,1852745
2026/02/28 07:43:27.806,0,100,97,81920,74413,6739,61,395.29,18.48,2051942,200325,1851616
2026/02/28 07:43:28.845,0,100,97,81920,74413,6739,61,395.57,17.98,2051942,201655,1850286
2026/02/28 07:43:29.875,0,100,97,81920,74413,6739,61,395.57,18.72,2051942,202926,1849015
2026/02/28 07:43:30.905,0,100,97,81920,74413,6739,61,393.91,19.15,2051942,204061,1847880
2026/02/28 07:43:31.943,0,100,97,81920,74413,6739,61,396.16,17.48,2051942,205454,1846487
2026/02/28 07:43:32.975,0,100,97,81920,74413,6739,61,394.88,20.30,2051942,206842,1845099
2026/02/28 07:43:34.005,0,100,97,81920,74413,6739,61,394.42,18.40,2051942,208076,1843865
2026/02/28 07:43:35.047,0,100,97,81920,74413,6739,61,393.42,20.95,2051942,209325,1842616
2026/02/28 07:43:36.077,0,100,97,81920,74413,6739,61,394.70,18.11,2051942,210227,1841714
2026/02/28 07:43:37.112,0,100,97,81920,74413,6739,61,394.70,19.37,2051942,211525,1840416
2026/02/28 07:43:38.154,0,100,97,81920,74413,6739,61,392.90,20.11,2051942,212760,1839181
2026/02/28 07:43:39.184,0,100,97,81920,74413,6739,61,395.57,17.49,2051942,213913,1838028
2026/02/28 07:43:40.220,0,100,97,81920,74413,6739,61,394.42,18.41,2051942,214985,1836956
2026/02/28 07:43:41.265,0,100,97,81920,74413,6739,61,392.90,20.46,2051942,216318,1835623
2026/02/28 07:43:42.295,0,100,97,81920,74413,6739,61,393.51,19.79,2051942,217549,1834393
2026/02/28 07:43:43.331,0,100,97,81920,74413,6739,61,393.23,19.47,2051942,218696,1833245
2026/02/28 07:43:44.364,0,100,97,81920,74413,6739,61,393.51,20.02,2051942,219826,1832115
2026/02/28 07:43:45.396,0,100,97,81920,74413,6739,61,395.02,17.52,2051942,220952,1830989
2026/02/28 07:43:46.436,0,100,97,81920,74413,6739,61,394.10,18.95,2051942,221948,1829993
2026/02/28 07:43:47.466,0,100,97,81920,74413,6739,61,394.42,20.01,2051942,223361,1828581
2026/02/28 07:43:48.496,0,100,97,81920,74413,6739,61,393.51,18.10,2051942,224517,1827424
2026/02/28 07:43:49.535,0,100,97,81920,74413,6739,61,394.10,19.13,2051942,225559,1826382
2026/02/28 07:43:50.567,0,100,97,81920,74413,6739,61,392.90,17.35,2051942,226240,1825701
2026/02/28 07:43:51.599,0,100,97,81920,74413,6739,61,392.50,16.56,2051942,226500,1825441
2026/02/28 07:43:52.635,0,100,97,81920,74413,6739,61,394.10,8.26,2051942,225860,1826081
2026/02/28 07:43:53.668,0,100,97,81920,74413,6739,61,393.51,8.17,2051942,225892,1826049
2026/02/28 07:43:54.700,0,100,97,81920,74413,6739,61,395.02,9.16,2051942,225919,1826022
2026/02/28 07:43:55.735,0,100,97,81920,74413,6739,61,393.83,9.34,2051942,225913,1826028
2026/02/28 07:43:56.769,0,100,97,81920,74413,6739,61,393.23,9.59,2051942,224944,1826997
2026/02/28 07:43:57.801,0,100,97,81920,74413,6739,61,393.64,7.63,2051942,225081,1826860
2026/02/28 07:43:58.838,0,100,97,81920,74413,6739,61,394.10,7.04,2051942,225022,1826919
2026/02/28 07:43:59.877,0,100,97,81920,74413,6739,61,393.23,10.48,2051942,225326,1826616
2026/02/28 07:44:00.913,0,100,97,81920,74413,6739,61,393.83,7.58,2051942,225396,1826545
2026/02/28 07:44:01.953,0,100,97,81920,74413,6739,61,393.23,8.31,2051942,225434,1826507
2026/02/28 07:44:02.986,0,100,97,81920,74413,6739,61,394.70,7.17,2051942,225342,1826599
2026/02/28 07:44:04.018,0,100,97,81920,74413,6739,61,393.69,7.60,2051942,225304,1826637
2026/02/28 07:44:05.054,0,100,97,81920,74413,6739,61,394.70,8.04,2051942,225212,1826729
2026/02/28 07:44:06.088,0,100,97,81920,74413,6739,61,393.23,8.49,2051942,225128,1826813
2026/02/28 07:44:07.122,0,100,97,81920,74413,6739,61,393.42,7.89,2051942,225070,1826871
2026/02/28 07:44:08.161,0,100,97,81920,74413,6739,61,394.42,8.81,2051942,225039,1826902
2026/02/28 07:44:09.195,0,100,97,81920,74413,6739,61,393.10,8.68,2051942,225026,1826916
2026/02/28 07:44:10.233,0,100,97,81920,74413,6739,61,392.77,8.96,2051942,225019,1826922
2026/02/28 07:44:11.266,0,100,97,81920,74413,6739,61,393.83,8.46,2051942,224960,1826981
2026/02/28 07:44:12.302,0,100,97,81920,74413,6739,61,393.83,6.40,2051942,224940,1827001
2026/02/28 07:44:13.340,0,100,97,81920,74413,6739,61,393.23,8.76,2051942,224972,1826969
2026/02/28 07:44:14.375,0,100,97,81920,74413,6739,61,393.83,9.14,2051942,224971,1826971
2026/02/28 07:44:15.411,0,100,97,81920,74413,6739,61,391.96,10.84,2051942,224932,1827009
2026/02/28 07:44:16.446,0,100,97,81920,74413,6739,61,393.23,9.36,2051942,224935,1827006
2026/02/28 07:44:17.479,0,100,97,81920,74413,6739,61,393.51,7.65,2051942,224914,1827028
2026/02/28 07:44:18.513,0,100,97,81920,74413,6739,61,393.51,9.59,2051942,224892,1827050
2026/02/28 07:44:19.546,0,100,97,81920,74413,6739,61,392.90,6.64,2051942,224868,1827074
2026/02/28 07:44:20.579,0,100,97,81920,74413,6739,61,392.90,6.72,2051942,224851,1827090
2026/02/28 07:44:21.612,0,100,97,81920,74413,6739,61,392.90,10.12,2051942,224817,1827124
2026/02/28 07:44:22.645,0,100,97,81920,74413,6739,60,393.23,6.34,2051942,224846,1827096
2026/02/28 07:44:23.677,0,100,97,81920,74413,6739,60,392.90,8.46,2051942,224787,1827154
2026/02/28 07:44:24.710,0,100,97,81920,74413,6739,60,393.51,8.51,2051942,224813,1827128
2026/02/28 07:44:25.743,0,100,97,81920,74413,6739,60,394.42,7.99,2051942,224808,1827133
2026/02/28 07:44:26.779,0,100,97,81920,74413,6739,60,392.90,8.45,2051942,224883,1827058
2026/02/28 07:44:27.812,0,100,97,81920,74413,6739,60,392.90,9.28,2051942,224913,1827028
2026/02/28 07:44:28.844,0,100,97,81920,74413,6739,60,392.82,9.54,2051942,224875,1827066
2026/02/28 07:44:29.877,0,100,97,81920,74413,6739,60,392.36,8.52,2051942,224835,1827106
2026/02/28 07:44:30.908,0,100,97,81920,74413,6739,60,392.36,8.39,2051942,224821,1827121
2026/02/28 07:44:31.941,0,100,97,81920,74413,6739,60,392.63,7.04,2051942,224795,1827146
2026/02/28 07:44:32.973,0,100,97,81920,74413,6739,60,392.63,8.93,2051942,224765,1827176
2026/02/28 07:44:34.007,0,100,97,81920,74413,6739,60,394.42,7.38,2051942,224743,1827198
2026/02/28 07:44:35.043,0,100,97,81920,74413,6739,60,392.03,7.59,2051942,224728,1827213
2026/02/28 07:44:36.076,0,100,97,81920,74413,6739,60,393.51,9.07,2051942,224703,1827238
2026/02/28 07:44:37.114,0,100,97,81920,74413,6739,60,392.77,9.26,2051942,224734,1827207
2026/02/28 07:44:38.147,0,100,97,81920,74413,6739,60,391.76,6.54,2051942,224739,1827202
2026/02/28 07:44:39.180,0,100,97,81920,74413,6739,60,391.63,7.34,2051942,224721,1827220
2026/02/28 07:44:40.218,0,100,97,81920,74413,6739,60,391.76,9.19,2051942,224697,1827244
2026/02/28 07:44:41.263,0,100,97,81920,74413,6739,60,391.16,9.87,2051942,224710,1827231
2026/02/28 07:44:42.295,0,100,97,81920,74413,6739,60,391.16,7.62,2051942,224725,1827216
2026/02/28 07:44:43.330,0,100,97,81920,74413,6739,60,390.84,9.15,2051942,224720,1827221
2026/02/28 07:44:44.370,0,100,97,81920,74413,6739,60,390.57,10.09,2051942,224711,1827230
2026/02/28 07:44:45.403,0,100,97,81920,74413,6739,59,391.16,11.62,2051942,224695,1827246
2026/02/28 07:44:46.443,0,100,97,81920,74413,6739,59,390.84,9.01,2051942,224660,1827281
2026/02/28 07:44:47.476,0,100,97,81920,74413,6739,59,390.25,7.04,2051942,224625,1827316
2026/02/28 07:44:48.509,0,100,97,81920,74413,6739,59,391.44,7.41,2051942,224606,1827336
2026/02/28 07:44:49.543,0,100,97,81920,74413,6739,59,390.57,9.70,2051942,224582,1827359
2026/02/28 07:44:50.576,0,100,97,81920,74413,6739,59,390.57,6.47,2051942,224579,1827362
2026/02/28 07:44:51.610,0,100,97,81920,74413,6739,59,390.98,7.93,2051942,224578,1827363
2026/02/28 07:44:52.645,0,100,97,81920,74413,6739,59,391.16,8.50,2051942,224563,1827378
2026/02/28 07:44:53.679,0,100,97,81920,74413,6739,59,391.44,8.73,2051942,224547,1827394
2026/02/28 07:44:54.712,0,100,97,81920,74413,6739,59,391.76,9.11,2051942,224534,1827407
2026/02/28 07:44:55.745,0,100,97,81920,74413,6739,59,389.56,10.08,2051942,224526,1827415
2026/02/28 07:44:56.777,0,100,97,81920,74413,6739,59,389.51,7.34,2051942,224583,1827358
2026/02/28 07:44:57.811,0,100,97,81920,74413,6739,59,390.25,6.98,2051942,224522,1827419
2026/02/28 07:44:58.846,0,100,97,81920,74413,6739,59,390.57,9.74,2051942,224761,1827181
2026/02/28 07:44:59.878,0,100,97,81920,74413,6739,59,391.76,8.25,2051942,224904,1827037
2026/02/28 07:45:00.912,0,100,97,81920,74413,6739,59,389.97,10.17,2051942,224903,1827038
2026/02/28 07:45:01.945,0,100,97,81920,74413,6739,59,391.03,7.54,2051942,224914,1827027
2026/02/28 07:45:02.977,0,100,97,81920,74413,6739,59,390.25,9.19,2051942,224908,1827033
2026/02/28 07:45:04.008,0,100,97,81920,74413,6739,59,389.11,7.42,2051942,224913,1827028
2026/02/28 07:45:05.045,0,100,97,81920,74413,6739,59,390.57,8.12,2051942,224889,1827052
2026/02/28 07:45:06.077,0,100,97,81920,74413,6739,59,391.44,8.45,2051942,224883,1827058
2026/02/28 07:45:07.113,0,100,97,81920,74413,6739,59,390.57,7.56,2051942,224863,1827078
2026/02/28 07:45:08.147,0,100,97,81920,74413,6739,59,390.57,9.60,2051942,224866,1827075
2026/02/28 07:45:09.181,0,100,97,81920,74413,6739,59,390.25,8.87,2051942,224177,1827764
2026/02/28 07:45:10.218,0,100,97,81920,74413,6739,59,390.25,9.43,2051942,216557,1835384
2026/02/28 07:45:11.260,0,100,97,81920,74413,6739,59,389.11,10.15,2051942,216708,1835233
2026/02/28 07:45:12.293,0,100,97,81920,74413,6739,59,391.16,9.88,2051942,216808,1835133
2026/02/28 07:45:13.326,0,100,97,81920,74413,6739,59,389.97,9.45,2051942,216824,1835117
2026/02/28 07:45:14.367,0,100,97,81920,74413,6739,59,390.57,8.24,2051942,216861,1835081
2026/02/28 07:45:15.404,0,100,97,81920,74413,6739,59,391.03,10.24,2051942,216793,1835148
2026/02/28 07:45:16.444,0,100,97,81920,74413,6739,59,389.84,7.51,2051942,216831,1835110
2026/02/28 07:45:17.484,0,100,97,81920,74413,6739,59,390.84,15.43,2051942,217680,1834261
2026/02/28 07:45:18.515,0,100,97,81920,74413,6739,59,390.57,19.09,2051942,219709,1832233
2026/02/28 07:45:19.547,0,100,97,81920,74413,6739,59,391.16,13.78,2051942,220418,1831523
2026/02/28 07:45:20.579,0,100,97,81920,74413,6739,59,390.57,8.38,2051942,220448,1831493
2026/02/28 07:45:21.610,0,100,97,81920,74413,6739,59,389.84,7.12,2051942,220436,1831505
2026/02/28 07:45:22.644,0,100,97,81920,74413,6739,59,389.11,6.95,2051942,220437,1831505
2026/02/28 07:45:23.677,0,100,97,81920,74413,6739,59,390.25,8.80,2051942,220448,1831494
2026/02/28 07:45:24.710,0,100,97,81920,74413,6739,59,390.57,9.42,2051942,220396,1831545
2026/02/28 07:45:25.743,0,100,97,81920,74413,6739,59,390.25,9.38,2051942,220527,1831414
2026/02/28 07:45:26.775,0,100,97,81920,74413,6739,59,389.56,7.44,2051942,220506,1831435
2026/02/28 07:45:27.809,0,100,97,81920,74413,6739,59,390.25,7.64,2051942,220480,1831461
2026/02/28 07:45:28.846,0,100,97,81920,74413,6739,59,389.97,8.28,2051942,220472,1831470
2026/02/28 07:45:29.879,0,100,97,81920,74413,6739,59,389.97,9.52,2051942,220478,1831463
2026/02/28 07:45:30.911,0,100,97,81920,74413,6739,59,390.84,7.63,2051942,220476,1831466
2026/02/28 07:45:31.944,0,100,97,81920,74413,6739,59,389.97,8.11,2051942,220481,1831460
2026/02/28 07:45:32.977,0,100,97,81920,74413,6739,59,389.11,9.44,2051942,220555,1831386
2026/02/28 07:45:34.010,0,100,97,81920,74413,6739,59,390.25,8.81,2051942,220629,1831312
2026/02/28 07:45:35.047,0,100,97,81920,74413,6739,59,389.56,9.83,2051942,220434,1831507
2026/02/28 07:45:36.082,0,100,97,81920,74413,6739,59,390.84,15.92,2051942,220750,1831191
2026/02/28 07:45:37.115,0,100,97,81920,74413,6739,59,390.84,17.14,2051942,220782,1831160
2026/02/28 07:45:38.150,0,100,97,81920,74413,6739,59,391.03,15.78,2051942,221203,1830738
2026/02/28 07:45:39.182,0,100,97,81920,74413,6739,59,390.16,15.35,2051942,221087,1830854
2026/02/28 07:45:40.221,0,100,97,81920,74413,6739,59,390.43,16.58,2051942,221477,1830464
2026/02/28 07:45:41.254,0,100,97,81920,74413,6739,59,389.97,16.77,2051942,221383,1830558
2026/02/28 07:45:42.295,0,100,97,81920,74413,6739,59,388.97,17.77,2051942,221326,1830615
2026/02/28 07:45:43.327,0,100,97,81920,74413,6739,59,390.25,16.40,2051942,221596,1830345
2026/02/28 07:45:44.365,0,100,97,81920,74413,6739,59,389.70,17.18,2051942,221566,1830375
2026/02/28 07:45:45.397,0,100,97,81920,74413,6739,59,387.98,17.94,2051942,221632,1830309
2026/02/28 07:45:46.432,0,100,97,81920,74413,6739,59,391.03,18.54,2051942,221575,1830366
2026/02/28 07:45:47.470,0,100,97,81920,74413,6739,59,388.37,18.21,2051942,221495,1830446
2026/02/28 07:45:48.501,0,100,97,81920,74413,6739,59,389.84,18.39,2051942,221817,1830125
2026/02/28 07:45:49.534,0,100,96,81920,74413,6739,59,390.16,16.95,2051942,221615,1830327
2026/02/28 07:45:50.569,0,100,96,81920,74413,6739,59,390.57,16.87,2051942,221618,1830323
2026/02/28 07:45:51.602,0,100,96,81920,74413,6739,59,389.97,17.13,2051942,221526,1830416
2026/02/28 07:45:52.633,0,100,96,81920,74413,6739,59,389.97,17.41,2051942,221700,1830241
2026/02/28 07:45:53.671,0,100,97,81920,74413,6739,59,389.97,17.78,2051942,221713,1830228
2026/02/28 07:45:54.705,0,100,97,81920,74413,6739,59,390.16,19.57,2051942,222161,1829780
2026/02/28 07:45:55.757,0,100,97,81920,74413,6739,59,388.70,17.69,2051942,222602,1829339
2026/02/28 07:45:56.794,0,100,97,81920,74413,6739,59,390.16,17.89,2051942,222518,1829423
2026/02/28 07:45:57.826,0,100,97,81920,74413,6739,59,391.76,19.01,2051942,222310,1829631
2026/02/28 07:45:58.861,0,100,97,81920,74413,6739,59,391.16,18.64,2051942,222135,1829806
2026/02/28 07:45:59.896,0,100,97,81920,74413,6739,59,390.84,17.40,2051942,221986,1829955
2026/02/28 07:46:00.929,0,100,97,81920,74413,6739,59,390.57,18.81,2051942,222189,1829752
2026/02/28 07:46:01.965,0,100,97,81920,74413,6739,60,390.57,17.00,2051942,221922,1830019
2026/02/28 07:46:02.997,0,100,97,81920,74413,6739,60,392.03,17.81,2051942,222192,1829749
2026/02/28 07:46:04.028,0,100,97,81920,74413,6739,60,391.44,19.97,2051942,221829,1830113
2026/02/28 07:46:05.064,0,100,97,81920,74413,6739,60,391.76,18.64,2051942,221609,1830332
2026/02/28 07:46:06.096,0,100,97,81920,74413,6739,60,389.84,20.33,2051942,221708,1830233
2026/02/28 07:46:07.129,0,100,97,81920,74413,6739,60,390.84,17.13,2051942,221712,1830230
2026/02/28 07:46:08.167,0,100,97,81920,74413,6739,60,391.36,18.71,2051942,221759,1830182
2026/02/28 07:46:09.202,0,100,97,81920,74413,6739,60,391.16,19.76,2051942,221950,1829991
2026/02/28 07:46:10.238,0,100,97,81920,74413,6739,60,391.16,17.33,2051942,221982,1829959
2026/02/28 07:46:11.273,0,100,97,81920,74413,6739,60,391.03,19.32,2051942,221994,1829948
2026/02/28 07:46:12.307,0,100,97,81920,74413,6739,60,392.36,19.68,2051942,222056,1829885
2026/02/28 07:46:13.338,0,100,97,81920,74413,6739,60,391.36,17.13,2051942,221946,1829995
2026/02/28 07:46:14.374,0,100,97,81920,74413,6739,60,392.90,18.44,2051942,221847,1830094
2026/02/28 07:46:15.407,0,100,97,81920,74413,6739,60,391.44,18.79,2051942,221648,1830293
2026/02/28 07:46:16.442,0,100,97,81920,74413,6739,60,391.63,17.62,2051942,221965,1829976
2026/02/28 07:46:17.474,0,100,97,81920,74413,6739,60,391.76,17.73,2051942,221835,1830106
2026/02/28 07:46:18.505,0,100,97,81920,74413,6739,60,391.63,10.68,2051942,221691,1830250
2026/02/28 07:46:19.537,0,100,97,81920,74413,6739,60,388.70,11.70,2051942,221758,1830183
2026/02/28 07:46:20.575,0,100,97,81920,74413,6739,60,391.36,14.44,2051942,221989,1829952
2026/02/28 07:46:21.607,0,100,97,81920,74413,6739,60,391.76,15.79,2051942,221885,1830056
2026/02/28 07:46:22.641,0,100,97,81920,74413,6739,60,392.03,14.87,2051942,222004,1829937
2026/02/28 07:46:23.677,0,100,97,81920,74413,6739,60,391.63,15.04,2051942,222121,1829820
2026/02/28 07:46:24.709,0,100,97,81920,74413,6739,60,391.16,14.94,2051942,222311,1829630
2026/02/28 07:46:25.742,0,100,97,81920,74413,6739,60,391.16,16.16,2051942,222143,1829798
2026/02/28 07:46:26.776,0,100,97,81920,74413,6739,60,391.63,15.00,2051942,222221,1829720
2026/02/28 07:46:27.810,0,100,97,81920,74413,6739,60,391.16,15.26,2051942,222396,1829545
2026/02/28 07:46:28.842,0,100,97,81920,74413,6739,60,391.36,16.65,2051942,222161,1829781
2026/02/28 07:46:29.875,0,100,97,81920,74413,6739,60,392.63,15.53,2051942,222002,1829940
2026/02/28 07:46:30.907,0,100,97,81920,74413,6739,60,392.63,14.44,2051942,222137,1829804
2026/02/28 07:46:31.939,0,100,97,81920,74413,6739,60,392.03,14.85,2051942,222020,1829921
2026/02/28 07:46:32.976,0,100,97,81920,74413,6739,60,392.03,16.00,2051942,222056,1829885
2026/02/28 07:46:34.013,0,100,97,81920,74413,6739,60,393.23,15.41,2051942,222224,1829717
2026/02/28 07:46:35.053,0,100,97,81920,74413,6739,60,392.36,14.18,2051942,222320,1829621
2026/02/28 07:46:36.086,0,100,97,81920,74413,6739,60,391.63,15.37,2051942,222312,1829629
2026/02/28 07:46:37.118,0,100,97,81920,74413,6739,60,392.90,14.97,2051942,222396,1829546
2026/02/28 07:46:38.152,0,100,97,81920,74413,6739,60,391.76,16.25,2051942,222202,1829739
2026/02/28 07:46:39.186,0,100,97,81920,74413,6739,60,393.23,15.54,2051942,222174,1829767
2026/02/28 07:46:40.220,0,100,97,81920,74413,6739,60,392.36,18.31,2051942,222378,1829563
2026/02/28 07:46:41.256,0,100,97,81920,74413,6739,60,393.10,17.16,2051942,222619,1829322
2026/02/28 07:46:42.295,0,100,97,81920,74413,6739,60,392.90,16.02,2051942,222408,1829533
2026/02/28 07:46:43.326,0,100,97,81920,74413,6739,60,392.50,15.50,2051942,222533,1829408
2026/02/28 07:46:44.365,0,100,97,81920,74413,6739,60,393.10,16.72,2051942,222445,1829496
2026/02/28 07:46:45.399,0,100,97,81920,74413,6739,60,391.76,14.67,2051942,222260,1829681
2026/02/28 07:46:46.434,0,100,97,81920,74413,6739,60,392.63,16.29,2051942,221966,1829975
2026/02/28 07:46:47.473,0,100,97,81920,74413,6739,60,393.42,15.63,2051942,221868,1830073
2026/02/28 07:46:48.505,0,100,97,81920,74413,6739,60,393.83,15.24,2051942,221977,1829965
2026/02/28 07:46:49.538,0,100,97,81920,74413,6739,60,393.10,15.47,2051942,221844,1830097
2026/02/28 07:46:50.576,0,100,97,81920,74413,6739,60,393.42,17.10,2051942,222124,1829817
2026/02/28 07:46:51.607,0,100,97,81920,74413,6739,60,392.50,16.62,2051942,222466,1829475
2026/02/28 07:46:52.642,0,100,97,81920,74413,6739,61,395.02,12.67,2051942,222454,1829487
2026/02/28 07:46:53.678,0,100,97,81920,74413,6739,61,394.10,10.80,2051942,222499,1829442
2026/02/28 07:46:54.710,0,100,97,81920,74413,6739,61,389.97,15.71,2051942,222446,1829496
2026/02/28 07:46:55.743,0,100,97,81920,74413,6739,61,393.10,15.34,2051942,222391,1829550
2026/02/28 07:46:56.777,0,100,97,81920,74413,6739,61,392.36,16.78,2051942,222364,1829577
2026/02/28 07:46:57.810,0,100,96,81920,74413,6739,61,391.96,15.75,2051942,222477,1829465
2026/02/28 07:46:58.843,0,100,96,81920,74413,6739,61,392.50,15.21,2051942,222232,1829709
2026/02/28 07:46:59.894,0,100,96,81920,74413,6739,61,394.42,14.94,2051942,222238,1829703
2026/02/28 07:47:00.931,0,100,97,81920,74413,6739,61,391.96,17.72,2051942,222479,1829462
2026/02/28 07:47:01.968,0,100,97,81920,74413,6739,61,392.50,16.38,2051942,222404,1829537
2026/02/28 07:47:03.000,0,100,97,81920,74413,6739,61,392.82,16.48,2051942,222436,1829506
2026/02/28 07:47:04.033,0,100,97,81920,74413,6739,61,392.90,14.11,2051942,222347,1829594
2026/02/28 07:47:05.070,0,100,97,81920,74413,6739,61,392.82,15.10,2051942,222112,1829829
2026/02/28 07:47:06.103,0,100,97,81920,74413,6739,61,394.51,16.39,2051942,222507,1829434
2026/02/28 07:47:07.138,0,100,97,81920,74413,6739,61,392.82,15.50,2051942,222385,1829557
2026/02/28 07:47:08.174,0,100,97,81920,74413,6739,61,392.36,15.15,2051942,222518,1829423
2026/02/28 07:47:09.216,0,100,97,81920,74413,6739,61,393.23,14.97,2051942,222271,1829670
2026/02/28 07:47:10.256,0,100,97,81920,74413,6739,61,392.03,15.09,2051942,221573,1830368
2026/02/28 07:47:11.288,0,100,97,81920,74413,6739,61,392.90,16.35,2051942,221715,1830226
2026/02/28 07:47:12.320,0,100,97,81920,74413,6739,61,394.01,15.95,2051942,221748,1830193
2026/02/28 07:47:13.356,0,100,97,81920,74413,6739,61,391.76,15.63,2051942,221492,1830449
2026/02/28 07:47:14.396,0,100,97,81920,74413,6739,61,394.61,15.99,2051942,221645,1830296
2026/02/28 07:47:15.429,0,100,97,81920,74413,6739,61,393.10,18.55,2051942,221623,1830318
2026/02/28 07:47:16.461,0,100,97,81920,74413,6739,61,392.63,15.73,2051942,221669,1830272
2026/02/28 07:47:17.496,0,100,97,81920,74413,6739,61,393.83,14.61,2051942,221715,1830226
2026/02/28 07:47:18.528,0,100,97,81920,74413,6739,61,393.69,15.03,2051942,221802,1830139
2026/02/28 07:47:19.558,0,100,97,81920,74413,6739,61,393.42,16.47,2051942,221801,1830140
2026/02/28 07:47:20.591,0,100,97,81920,74413,6739,61,392.63,15.73,2051942,221828,1830113
2026/02/28 07:47:21.622,0,100,97,81920,74413,6739,61,393.23,16.33,2051942,221493,1830448
2026/02/28 07:47:22.657,0,100,97,81920,74413,6739,61,392.63,14.13,2051942,221427,1830515
2026/02/28 07:47:23.691,0,100,97,81920,74413,6739,61,392.90,16.14,2051942,221554,1830388
2026/02/28 07:47:24.723,0,100,97,81920,74413,6739,61,395.02,15.95,2051942,221538,1830403
2026/02/28 07:47:25.755,0,100,97,81920,74413,6739,61,393.23,16.15,2051942,221259,1830682
2026/02/28 07:47:26.787,0,100,97,81920,74413,6739,61,393.51,16.84,2051942,221498,1830444
2026/02/28 07:47:27.818,0,100,97,81920,74413,6739,61,394.24,7.38,2051942,221357,1830584
2026/02/28 07:47:28.854,0,100,97,81920,74413,6739,61,394.70,15.68,2051942,221550,1830391
2026/02/28 07:47:29.886,0,100,97,81920,74413,6739,61,394.42,17.46,2051942,221196,1830745
2026/02/28 07:47:30.918,0,100,97,81920,74413,6739,61,391.63,14.35,2051942,221346,1830595
2026/02/28 07:47:31.956,0,100,97,81920,74413,6739,61,393.42,15.28,2051942,221590,1830351
2026/02/28 07:47:32.988,0,100,97,81920,74413,6739,61,393.64,17.26,2051942,221574,1830367
2026/02/28 07:47:34.021,0,100,97,81920,74413,6739,61,395.02,15.61,2051942,221681,1830260
2026/02/28 07:47:35.059,0,100,97,81920,74413,6739,61,394.10,15.50,2051942,221570,1830371
2026/02/28 07:47:36.093,0,100,97,81920,74413,6739,61,393.10,15.42,2051942,221357,1830584
2026/02/28 07:47:37.128,0,100,97,81920,74413,6739,61,394.01,16.84,2051942,221326,1830615
2026/02/28 07:47:38.161,0,100,97,81920,74413,6739,61,394.70,13.98,2051942,221244,1830697
2026/02/28 07:47:39.192,0,100,97,81920,74413,6739,61,392.90,17.00,2051942,221352,1830589
2026/02/28 07:47:40.229,0,100,97,81920,74413,6739,61,393.10,16.55,2051942,221516,1830425
2026/02/28 07:47:41.263,0,100,97,81920,74413,6739,61,394.10,17.03,2051942,221562,1830379
2026/02/28 07:47:42.294,0,100,97,81920,74413,6739,61,393.42,18.05,2051942,221551,1830390
2026/02/28 07:47:43.327,0,100,97,81920,74413,6739,61,394.10,15.27,2051942,221895,1830046
2026/02/28 07:47:44.369,0,100,97,81920,74413,6739,61,395.89,15.81,2051942,221836,1830105
2026/02/28 07:47:45.402,0,100,97,81920,74413,6739,61,393.69,15.37,2051942,221839,1830102
2026/02/28 07:47:46.436,0,100,97,81920,74413,6739,61,394.29,15.50,2051942,221559,1830382
2026/02/28 07:47:47.474,0,100,97,81920,74413,6739,61,393.64,15.72,2051942,221429,1830512
2026/02/28 07:47:48.507,0,100,97,81920,74413,6739,61,392.82,16.86,2051942,221617,1830324
2026/02/28 07:47:49.541,0,100,97,81920,74413,6739,61,394.42,15.46,2051942,221653,1830288
2026/02/28 07:47:50.577,0,100,97,81920,74413,6739,61,393.42,15.75,2051942,221728,1830213
2026/02/28 07:47:51.607,0,100,97,81920,74413,6739,61,393.83,17.31,2051942,221504,1830437
2026/02/28 07:47:52.640,0,100,97,81920,74413,6739,61,394.01,15.83,2051942,221706,1830235
2026/02/28 07:47:53.675,0,100,97,81920,74413,6739,61,394.10,16.16,2051942,221666,1830275
2026/02/28 07:47:54.708,0,100,97,81920,74413,6739,61,393.64,15.60,2051942,221924,1830017
2026/02/28 07:47:55.741,0,100,97,81920,74413,6739,61,394.01,15.57,2051942,221950,1829992
2026/02/28 07:47:56.779,0,100,97,81920,74413,6739,61,393.42,16.16,2051942,221780,1830161
2026/02/28 07:47:57.810,0,100,97,81920,74413,6739,61,393.83,15.81,2051942,221691,1830250
2026/02/28 07:47:58.847,0,100,97,81920,74413,6739,61,394.01,14.64,2051942,221710,1830231
2026/02/28 07:47:59.882,0,100,97,81920,74413,6739,61,392.82,14.79,2051942,221862,1830079
2026/02/28 07:48:00.914,0,100,97,81920,74413,6739,61,394.10,17.76,2051942,221808,1830133
2026/02/28 07:48:01.945,0,100,97,81920,74413,6739,61,394.10,14.23,2051942,221500,1830442
2026/02/28 07:48:02.980,0,100,97,81920,74413,6739,61,395.02,7.18,2051942,221522,1830419
2026/02/28 07:48:04.014,0,100,97,81920,74413,6739,61,394.10,15.63,2051942,221728,1830213
2026/02/28 07:48:05.052,0,100,97,81920,74413,6739,61,395.89,15.53,2051942,221538,1830403
2026/02/28 07:48:06.089,0,100,97,81920,74413,6739,61,393.69,16.42,2051942,221506,1830435
2026/02/28 07:48:07.122,0,100,97,81920,74413,6739,61,394.83,15.96,2051942,221622,1830320
2026/02/28 07:48:08.158,0,100,97,81920,74413,6739,61,395.02,15.34,2051942,221555,1830386
2026/02/28 07:48:09.188,0,100,97,81920,74413,6739,61,393.42,16.05,2051942,221747,1830194
2026/02/28 07:48:10.223,0,100,97,81920,74413,6739,61,390.84,15.91,2051942,221756,1830186
2026/02/28 07:48:11.260,0,100,97,81920,74413,6739,61,392.63,17.26,2051942,221816,1830125
2026/02/28 07:48:12.294,0,100,97,81920,74413,6739,61,394.70,15.13,2051942,221806,1830135
2026/02/28 07:48:13.331,0,100,97,81920,74413,6739,61,394.29,16.77,2051942,221834,1830107
2026/02/28 07:48:14.369,0,100,97,81920,74413,6739,61,394.70,15.66,2051942,221890,1830051
2026/02/28 07:48:15.405,0,100,97,81920,74413,6739,61,394.42,16.22,2051942,221811,1830130
2026/02/28 07:48:16.440,0,100,97,81920,74413,6739,61,390.16,15.15,2051942,221756,1830185
2026/02/28 07:48:17.479,0,100,97,81920,74413,6739,61,394.10,15.88,2051942,221783,1830158
2026/02/28 07:48:18.510,0,100,97,81920,74413,6739,61,395.16,16.97,2051942,221750,1830192
2026/02/28 07:48:19.542,0,100,97,81920,74413,6739,61,394.10,16.64,2051942,221781,1830160
2026/02/28 07:48:20.582,0,100,97,81920,74413,6739,61,394.70,15.80,2051942,221738,1830203
2026/02/28 07:48:21.613,0,100,97,81920,74413,6739,61,394.70,14.05,2051942,221308,1830633
2026/02/28 07:48:22.648,0,100,97,81920,74413,6739,61,394.70,15.23,2051942,221249,1830692
2026/02/28 07:48:23.686,0,100,97,81920,74413,6739,61,394.70,16.32,2051942,221527,1830414
2026/02/28 07:48:24.720,0,100,97,81920,74413,6739,61,394.29,26.07,2051942,221987,1829955
2026/02/28 07:48:25.762,0,100,97,81920,74413,6739,61,395.02,25.52,2051942,222266,1829675
2026/02/28 07:48:26.801,0,100,97,81920,74413,6739,62,394.70,25.04,2051942,222545,1829396
2026/02/28 07:48:27.832,0,100,97,81920,74413,6739,62,395.29,27.42,2051942,222511,1829430
2026/02/28 07:48:28.866,0,100,97,81920,74413,6739,62,394.10,24.01,2051942,222408,1829533
2026/02/28 07:48:29.899,0,100,97,81920,74413,6739,62,394.29,27.43,2051942,222348,1829593
2026/02/28 07:48:30.932,0,100,97,81920,74413,6739,62,395.29,24.47,2051942,222391,1829550
2026/02/28 07:48:31.964,0,100,97,81920,74413,6739,62,395.02,25.47,2051942,222365,1829576
2026/02/28 07:48:33.003,0,100,97,81920,74413,6739,62,395.75,27.74,2051942,222525,1829416
2026/02/28 07:48:34.034,0,100,97,81920,74413,6739,62,395.02,25.57,2051942,222171,1829770
2026/02/28 07:48:35.069,0,100,97,81920,74413,6739,62,394.70,24.31,2051942,222057,1829885
2026/02/28 07:48:36.106,0,100,97,81920,74413,6739,62,393.83,26.14,2051942,222628,1829313
2026/02/28 07:48:37.138,0,100,97,81920,74413,6739,62,395.57,14.79,2051942,222503,1829438
2026/02/28 07:48:38.169,0,100,97,81920,74413,6739,62,395.75,25.59,2051942,222643,1829299
2026/02/28 07:48:39.206,0,100,97,81920,74413,6739,62,393.69,24.81,2051942,222575,1829366
2026/02/28 07:48:40.242,0,0,0,81920,74413,6739,54,136.56,28.02,2051942,220387,1831554
2026/02/28 07:48:41.333,0,100,3,81920,0,81152,53,137.02,26.32,2051942,219586,1832355
2026/02/28 07:48:42.363,0,100,3,81920,0,81152,52,135.96,25.10,2051942,219505,1832437
2026/02/28 07:48:43.396,0,0,0,81920,0,81152,51,131.82,23.70,2051942,219811,1832130
